Date,Symbol,Series,Prev Close,Open,High,Low,Last,Close,VWAP
2004-08-25,TCS,EQ,850.0,1198.7,1198.7,979.0,985.0,987.95,1008.32
2004-08-26,TCS,EQ,987.95,992.0,997.0,975.3,976.85,979.0,985.65
2004-08-27,TCS,EQ,979.0,982.4,982.4,958.55,961.2,962.65,969.94
2004-08-30,TCS,EQ,962.65,969.9,990.0,965.0,986.4,986.75,982.65
2004-08-31,TCS,EQ,986.75,986.5,990.0,976.0,987.8,988.1,982.18
2004-09-01,TCS,EQ,988.1,990.0,995.0,983.6,986.0,987.9,989.68
2004-09-02,TCS,EQ,987.9,989.9,1004.6,986.0,994.0,993.65,996.96
2004-09-03,TCS,EQ,993.65,1006.0,1100.0,990.35,998.7,997.85,996.91
2004-09-06,TCS,EQ,997.85,1039.9,1039.9,992.9,996.8,994.85,998.87
2004-09-07,TCS,EQ,994.85,1035.0,1035.0,995.0,995.0,995.6,997.34
2004-09-08,TCS,EQ,995.6,996.0,1000.8,991.1,992.25,993.7,995.29
2004-09-09,TCS,EQ,993.7,997.0,997.9,978.45,979.65,979.95,985.16
2004-09-10,TCS,EQ,979.95,990.0,990.0,976.0,989.95,988.8,985.12
2004-09-13,TCS,EQ,988.8,991.0,1015.5,991.0,1002.75,1003.5,1007.31
2004-09-14,TCS,EQ,1003.5,1005.0,1018.8,1002.95,1015.95,1015.65,1012.95
2004-09-15,TCS,EQ,1015.65,1018.0,1020.0,1001.2,1005.0,1006.1,1009.12
2004-09-16,TCS,EQ,1006.1,1007.0,1015.0,1002.5,1011.0,1008.45,1009.82
2004-09-17,TCS,EQ,1008.45,1012.0,1029.9,1010.3,1029.9,1024.5,1021.09
2004-09-20,TCS,EQ,1024.5,1032.4,1036.9,1020.15,1022.5,1022.9,1028.83
2004-09-21,TCS,EQ,1022.9,1024.85,1048.5,1022.0,1047.4,1045.8,1039.54
2004-09-22,TCS,EQ,1045.8,1048.4,1056.0,1037.1,1049.9,1052.05,1047.57
2004-09-23,TCS,EQ,1052.05,1048.0,1049.0,1027.0,1028.0,1030.25,1037.8
2004-09-24,TCS,EQ,1030.25,1029.1,1040.0,1026.0,1027.6,1028.8,1033.94
2004-09-27,TCS,EQ,1028.8,1027.5,1032.5,1015.0,1019.0,1020.75,1022.44
2004-09-28,TCS,EQ,1020.75,1016.0,1027.4,1012.5,1016.2,1015.55,1020.82
2004-09-29,TCS,EQ,1015.55,1019.25,1033.0,1016.15,1031.0,1031.0,1024.61
2004-09-30,TCS,EQ,1031.0,1035.6,1040.9,1020.65,1025.1,1027.1,1032.72
2004-10-01,TCS,EQ,1027.1,1029.0,1056.45,1026.35,1048.5,1047.7,1043.58
2004-10-04,TCS,EQ,1047.7,1057.0,1081.0,1054.45,1079.2,1076.5,1071.89
2004-10-05,TCS,EQ,1076.5,1080.3,1089.0,1075.5,1077.05,1080.7,1083.44
2004-10-06,TCS,EQ,1080.7,1081.0,1102.8,1075.05,1082.0,1081.6,1090.08
2004-10-07,TCS,EQ,1081.6,1083.0,1100.0,1083.0,1099.6,1097.1,1093.19
2004-10-08,TCS,EQ,1097.1,1098.0,1111.0,1095.0,1097.8,1098.05,1103.24
2004-10-09,TCS,EQ,1098.05,1099.9,1103.85,1094.25,1103.0,1100.65,1099.79
2004-10-11,TCS,EQ,1100.65,1100.0,1111.5,1085.0,1089.6,1089.3,1099.02
2004-10-12,TCS,EQ,1089.3,1110.0,1115.0,1077.65,1080.0,1084.45,1093.36
2004-10-14,TCS,EQ,1084.45,1103.0,1124.0,1088.05,1117.5,1116.2,1107.77
2004-10-15,TCS,EQ,1116.2,1121.7,1141.0,1117.25,1127.6,1126.0,1129.32
2004-10-18,TCS,EQ,1126.0,1134.0,1142.0,1125.25,1134.0,1137.25,1135.53
2004-10-19,TCS,EQ,1137.25,1140.15,1148.7,1136.1,1143.0,1143.2,1142.22
2004-10-20,TCS,EQ,1143.2,1144.8,1149.9,1129.0,1134.2,1133.25,1141.59
2004-10-21,TCS,EQ,1133.25,1137.25,1139.0,1122.0,1127.0,1125.55,1129.68
2004-10-25,TCS,EQ,1125.55,1125.0,1127.0,1110.75,1118.0,1117.35,1117.27
2004-10-26,TCS,EQ,1117.35,1115.6,1140.95,1115.6,1140.2,1137.2,1130.04
2004-10-27,TCS,EQ,1137.2,1142.25,1148.0,1135.2,1140.5,1139.9,1142.43
2004-10-28,TCS,EQ,1139.9,1145.0,1174.8,1145.0,1164.0,1165.95,1164.97
2004-10-29,TCS,EQ,1165.95,1167.95,1167.95,1145.15,1158.0,1156.25,1155.14
2004-11-01,TCS,EQ,1156.25,1150.0,1174.45,1142.3,1170.0,1170.65,1162.17
2004-11-02,TCS,EQ,1170.65,1130.0,1179.75,1125.0,1160.95,1159.7,1163.79
2004-11-03,TCS,EQ,1159.7,1161.0,1184.0,1161.0,1175.6,1175.2,1175.35
2004-11-04,TCS,EQ,1175.2,1181.75,1187.9,1167.7,1169.0,1170.4,1177.48
2004-11-05,TCS,EQ,1170.4,1173.95,1180.0,1160.0,1165.9,1165.45,1165.94
2004-11-08,TCS,EQ,1165.45,1165.0,1188.9,1156.0,1183.0,1184.15,1179.43
2004-11-09,TCS,EQ,1184.15,1187.0,1197.9,1177.0,1186.1,1188.4,1189.42
2004-11-10,TCS,EQ,1188.4,1191.0,1199.0,1190.1,1195.4,1194.35,1195.19
2004-11-11,TCS,EQ,1194.35,1199.0,1203.4,1191.1,1196.0,1196.25,1198.35
2004-11-12,TCS,EQ,1196.25,1204.0,1208.0,1190.2,1191.85,1196.75,1199.8
2004-11-16,TCS,EQ,1196.75,1198.0,1198.0,1184.0,1191.0,1190.9,1190.54
2004-11-17,TCS,EQ,1190.9,1191.5,1209.9,1191.5,1207.0,1205.4,1204.98
2004-11-18,TCS,EQ,1205.4,1209.45,1234.55,1206.5,1231.0,1231.0,1219.15
2004-11-19,TCS,EQ,1231.0,1233.0,1237.0,1211.1,1214.0,1217.1,1225.63
2004-11-22,TCS,EQ,1217.1,1207.8,1226.0,1195.0,1226.0,1222.45,1215.46
2004-11-23,TCS,EQ,1222.45,1230.6,1242.0,1224.15,1239.5,1235.55,1234.43
2004-11-24,TCS,EQ,1235.55,1239.0,1245.0,1230.15,1234.0,1233.9,1239.03
2004-11-25,TCS,EQ,1233.9,1234.0,1244.0,1208.65,1214.0,1216.85,1226.43
2004-11-29,TCS,EQ,1216.85,1216.0,1247.7,1205.55,1247.0,1243.9,1232.02
2004-11-30,TCS,EQ,1243.9,1248.15,1286.0,1245.0,1278.0,1274.65,1262.54
2004-12-01,TCS,EQ,1274.65,1281.0,1281.0,1257.0,1258.4,1261.55,1265.85
2004-12-02,TCS,EQ,1261.55,1265.0,1277.0,1239.1,1246.0,1242.6,1251.09
2004-12-03,TCS,EQ,1242.6,1249.25,1255.9,1221.55,1235.25,1236.75,1238.65
2004-12-06,TCS,EQ,1236.75,1240.0,1250.0,1208.5,1212.9,1214.55,1223.01
2004-12-07,TCS,EQ,1214.55,1216.0,1232.9,1215.0,1218.0,1218.25,1223.17
2004-12-08,TCS,EQ,1218.25,1218.0,1226.6,1196.05,1200.0,1200.8,1211.7
2004-12-09,TCS,EQ,1200.8,1204.95,1217.0,1204.85,1215.0,1211.45,1211.53
2004-12-10,TCS,EQ,1211.45,1220.0,1235.5,1214.0,1224.95,1225.65,1226.59
2004-12-13,TCS,EQ,1225.65,1226.0,1241.65,1225.25,1238.0,1236.15,1234.6
2004-12-14,TCS,EQ,1236.15,1242.0,1244.7,1230.3,1234.0,1233.15,1236.8
2004-12-15,TCS,EQ,1233.15,1244.0,1254.75,1238.0,1246.5,1245.5,1247.49
2004-12-16,TCS,EQ,1245.5,1248.45,1265.0,1238.0,1262.5,1262.65,1252.68
2004-12-17,TCS,EQ,1262.65,1260.0,1274.8,1252.1,1257.1,1256.5,1263.88
2004-12-20,TCS,EQ,1256.5,1260.0,1268.5,1256.5,1261.0,1262.55,1262.44
2004-12-21,TCS,EQ,1262.55,1264.95,1277.0,1263.15,1272.0,1272.7,1270.5
2004-12-22,TCS,EQ,1272.7,1275.1,1275.1,1230.0,1242.0,1240.15,1246.05
2004-12-23,TCS,EQ,1240.15,1247.7,1247.7,1225.0,1228.6,1227.85,1235.08
2004-12-24,TCS,EQ,1227.85,1232.95,1272.0,1221.55,1270.05,1267.95,1254.0
2004-12-27,TCS,EQ,1267.95,1270.0,1285.0,1262.2,1268.3,1270.55,1277.19
2004-12-28,TCS,EQ,1270.55,1272.0,1314.0,1266.2,1312.05,1309.35,1297.48
2004-12-29,TCS,EQ,1309.35,1316.95,1336.9,1313.15,1318.65,1320.25,1324.24
2004-12-30,TCS,EQ,1320.25,1318.0,1328.0,1291.85,1297.3,1296.65,1306.77
2004-12-31,TCS,EQ,1296.65,1300.0,1338.8,1296.65,1337.0,1335.45,1322.87
2005-01-03,TCS,EQ,1335.45,1335.45,1356.7,1335.45,1352.0,1353.25,1346.52
2005-01-04,TCS,EQ,1353.25,1350.0,1354.0,1333.15,1344.2,1341.25,1344.04
2005-01-05,TCS,EQ,1341.25,1340.2,1340.2,1280.3,1322.0,1325.0,1313.06
2005-01-06,TCS,EQ,1325.0,1320.0,1346.0,1292.5,1320.0,1320.45,1320.02
2005-01-07,TCS,EQ,1320.45,1330.0,1345.0,1312.65,1340.0,1339.95,1333.76
2005-01-10,TCS,EQ,1339.95,1348.65,1359.4,1322.0,1325.0,1327.45,1343.71
2005-01-11,TCS,EQ,1327.45,1330.0,1335.3,1301.0,1312.85,1313.75,1323.26
2005-01-12,TCS,EQ,1313.75,1325.95,1367.95,1286.7,1298.0,1298.05,1328.27
2005-01-13,TCS,EQ,1298.05,1310.0,1338.7,1275.0,1293.1,1292.9,1305.66
2005-01-14,TCS,EQ,1292.9,1304.7,1317.9,1277.0,1299.15,1296.4,1298.62
2005-01-17,TCS,EQ,1296.4,1309.6,1309.6,1240.2,1267.05,1263.25,1259.98
2005-01-18,TCS,EQ,1263.25,1274.7,1284.0,1257.5,1260.0,1263.85,1270.11
2005-01-19,TCS,EQ,1263.85,1266.0,1273.7,1251.1,1255.0,1255.4,1263.91
2005-01-20,TCS,EQ,1255.4,1255.0,1255.0,1230.0,1239.05,1243.7,1240.26
2005-01-24,TCS,EQ,1243.7,1243.7,1247.35,1215.35,1218.0,1220.65,1227.82
2005-01-25,TCS,EQ,1220.65,1214.8,1239.9,1207.1,1235.15,1235.45,1223.06
2005-01-27,TCS,EQ,1235.45,1243.25,1253.8,1235.3,1239.15,1240.55,1246.27
2005-01-28,TCS,EQ,1240.55,1242.85,1294.8,1242.5,1294.7,1289.2,1273.36
2005-01-31,TCS,EQ,1289.2,1298.0,1311.8,1290.25,1297.95,1300.4,1304.34
2005-02-01,TCS,EQ,1300.4,1307.0,1320.0,1287.0,1316.0,1315.25,1307.97
2005-02-02,TCS,EQ,1315.25,1319.0,1323.45,1303.0,1306.1,1308.95,1316.46
2005-02-03,TCS,EQ,1308.95,1312.0,1314.75,1302.0,1313.0,1311.1,1309.38
2005-02-04,TCS,EQ,1311.1,1310.0,1322.0,1300.55,1305.5,1306.45,1309.98
2005-02-07,TCS,EQ,1306.45,1312.6,1330.7,1301.0,1311.5,1313.75,1317.92
2005-02-08,TCS,EQ,1313.75,1313.75,1323.0,1308.0,1315.1,1316.0,1315.1
2005-02-09,TCS,EQ,1316.0,1321.0,1343.6,1320.75,1332.0,1332.8,1334.01
2005-02-10,TCS,EQ,1332.8,1330.0,1343.5,1323.0,1336.0,1332.65,1333.81
2005-02-11,TCS,EQ,1332.65,1338.0,1387.0,1338.0,1381.0,1381.75,1367.31
2005-02-14,TCS,EQ,1381.75,1391.05,1418.0,1391.05,1408.15,1409.65,1406.27
2005-02-15,TCS,EQ,1409.65,1410.0,1415.0,1374.0,1378.15,1381.35,1384.59
2005-02-16,TCS,EQ,1381.35,1399.0,1399.0,1361.0,1365.95,1368.15,1383.3
2005-02-17,TCS,EQ,1368.15,1368.15,1386.0,1350.6,1382.0,1381.85,1372.25
2005-02-18,TCS,EQ,1381.85,1380.0,1392.0,1355.0,1373.0,1375.0,1380.82
2005-02-21,TCS,EQ,1375.0,1371.0,1375.8,1345.1,1364.0,1365.55,1367.69
2005-02-22,TCS,EQ,1365.55,1364.7,1369.95,1351.0,1361.2,1363.45,1360.6
2005-02-23,TCS,EQ,1363.45,1363.45,1382.1,1355.15,1381.55,1374.95,1371.7
2005-02-24,TCS,EQ,1374.95,1374.95,1395.9,1361.2,1366.15,1367.95,1374.79
2005-02-25,TCS,EQ,1367.95,1376.8,1379.0,1353.15,1358.0,1364.05,1364.79
2005-02-28,TCS,EQ,1364.05,1379.0,1385.0,1340.0,1384.0,1380.9,1362.18
2005-03-01,TCS,EQ,1380.9,1381.0,1440.0,1351.0,1357.0,1357.45,1359.35
2005-03-02,TCS,EQ,1357.45,1375.0,1375.0,1361.6,1367.2,1368.0,1366.19
2005-03-03,TCS,EQ,1368.0,1370.0,1395.0,1364.0,1392.0,1389.55,1378.18
2005-03-04,TCS,EQ,1389.55,1394.0,1403.5,1382.0,1390.0,1392.25,1392.87
2005-03-07,TCS,EQ,1392.25,1395.0,1408.0,1394.0,1399.0,1400.2,1401.41
2005-03-08,TCS,EQ,1400.2,1404.0,1420.9,1395.35,1410.0,1413.95,1411.93
2005-03-09,TCS,EQ,1413.95,1409.0,1426.5,1395.05,1412.95,1407.5,1412.43
2005-03-10,TCS,EQ,1407.5,1410.0,1410.0,1390.25,1401.0,1399.55,1401.27
2005-03-11,TCS,EQ,1399.55,1406.0,1434.9,1405.0,1433.9,1427.45,1420.57
2005-03-14,TCS,EQ,1427.45,1428.0,1460.0,1420.0,1444.0,1451.85,1441.52
2005-03-15,TCS,EQ,1451.85,1451.0,1462.0,1430.0,1442.1,1442.65,1446.18
2005-03-16,TCS,EQ,1442.65,1440.0,1467.6,1440.0,1448.0,1452.05,1456.13
2005-03-17,TCS,EQ,1452.05,1448.0,1473.7,1440.0,1454.9,1460.95,1460.58
2005-03-18,TCS,EQ,1460.95,1459.0,1472.5,1425.0,1469.9,1468.7,1454.74
2005-03-21,TCS,EQ,1468.7,1470.15,1475.0,1444.6,1445.0,1456.45,1460.03
2005-03-22,TCS,EQ,1456.45,1454.8,1457.1,1440.1,1449.9,1443.55,1447.26
2005-03-23,TCS,EQ,1443.55,1440.0,1448.0,1413.35,1429.85,1421.25,1431.93
2005-03-24,TCS,EQ,1421.25,1430.0,1438.0,1377.65,1387.2,1384.35,1391.73
2005-03-28,TCS,EQ,1384.35,1391.0,1408.85,1384.0,1389.35,1392.4,1398.09
2005-03-29,TCS,EQ,1392.4,1395.0,1398.0,1362.2,1365.1,1370.9,1379.49
2005-03-30,TCS,EQ,1370.9,1371.1,1400.0,1360.0,1399.65,1390.55,1379.08
2005-03-31,TCS,EQ,1390.55,1404.5,1445.1,1397.25,1435.0,1432.05,1422.85
2005-04-01,TCS,EQ,1432.05,1433.0,1457.0,1414.0,1446.0,1450.95,1436.46
2005-04-04,TCS,EQ,1450.95,1452.0,1456.8,1423.3,1426.0,1427.75,1438.24
2005-04-05,TCS,EQ,1427.75,1429.0,1442.5,1416.1,1426.25,1425.45,1430.56
2005-04-06,TCS,EQ,1425.45,1427.0,1448.0,1427.0,1445.1,1441.35,1437.23
2005-04-07,TCS,EQ,1441.35,1441.0,1450.0,1422.0,1426.0,1425.2,1434.75
2005-04-08,TCS,EQ,1425.2,1430.7,1434.9,1390.05,1390.2,1393.55,1405.2
2005-04-11,TCS,EQ,1393.55,1397.0,1400.0,1360.1,1363.25,1363.6,1369.94
2005-04-12,TCS,EQ,1363.6,1399.0,1399.0,1365.0,1384.0,1382.0,1378.51
2005-04-13,TCS,EQ,1382.0,1394.0,1407.0,1385.55,1399.0,1401.6,1395.83
2005-04-15,TCS,EQ,1401.6,1395.0,1395.0,1315.0,1319.0,1319.0,1329.71
2005-04-18,TCS,EQ,1319.0,1300.0,1348.7,1291.0,1317.1,1318.65,1331.1
2005-04-19,TCS,EQ,1318.65,1330.0,1348.9,1178.1,1182.0,1208.7,1255.71
2005-04-20,TCS,EQ,1208.7,1200.0,1200.0,1093.3,1115.0,1116.2,1120.02
2005-04-21,TCS,EQ,1116.2,1125.0,1148.0,1110.0,1138.9,1142.4,1134.84
2005-04-22,TCS,EQ,1142.4,1160.0,1171.65,1140.25,1162.0,1166.75,1159.5
2005-04-25,TCS,EQ,1166.75,1164.8,1167.9,1148.0,1156.15,1156.95,1156.74
2005-04-26,TCS,EQ,1156.95,1157.0,1163.8,1134.1,1136.0,1136.7,1145.97
2005-04-27,TCS,EQ,1136.7,1141.1,1141.1,1111.0,1115.0,1115.65,1119.94
2005-04-28,TCS,EQ,1115.65,1115.1,1130.0,1097.15,1130.0,1114.8,1108.75
2005-04-29,TCS,EQ,1114.8,1128.8,1144.7,1117.05,1125.05,1131.1,1132.27
2005-05-02,TCS,EQ,1131.1,1150.0,1178.0,1118.1,1128.0,1128.9,1126.97
2005-05-03,TCS,EQ,1128.9,1130.0,1135.0,1105.35,1106.5,1108.6,1116.35
2005-05-04,TCS,EQ,1108.6,1106.5,1124.5,1106.5,1122.9,1120.85,1118.55
2005-05-05,TCS,EQ,1120.85,1149.95,1150.0,1125.55,1139.5,1136.85,1141.11
2005-05-06,TCS,EQ,1136.85,1140.0,1171.7,1132.15,1169.1,1167.5,1155.54
2005-05-09,TCS,EQ,1167.5,1170.0,1182.25,1166.25,1173.0,1175.25,1175.65
2005-05-10,TCS,EQ,1175.25,1178.0,1178.0,1146.25,1153.0,1152.5,1157.92
2005-05-11,TCS,EQ,1152.5,1148.0,1152.6,1137.95,1149.0,1149.1,1145.51
2005-05-12,TCS,EQ,1149.1,1159.0,1161.7,1143.15,1146.05,1146.75,1151.23
2005-05-13,TCS,EQ,1146.75,1149.0,1151.0,1140.15,1147.05,1148.6,1148.05
2005-05-16,TCS,EQ,1148.6,1145.0,1158.9,1142.25,1154.0,1154.3,1150.15
2005-05-17,TCS,EQ,1154.3,1161.1,1164.7,1144.4,1145.95,1150.55,1157.2
2005-05-18,TCS,EQ,1150.55,1154.0,1154.0,1123.0,1142.0,1142.7,1139.09
2005-05-19,TCS,EQ,1142.7,1153.45,1172.0,1153.2,1158.8,1162.5,1160.78
2005-05-20,TCS,EQ,1162.5,1165.0,1174.7,1147.2,1169.4,1169.65,1160.98
2005-05-23,TCS,EQ,1169.65,1170.0,1234.9,1170.0,1232.25,1223.8,1204.82
2005-05-24,TCS,EQ,1223.8,1244.7,1244.7,1205.25,1232.0,1234.85,1223.68
2005-05-25,TCS,EQ,1234.85,1229.7,1269.4,1215.0,1256.0,1260.55,1248.17
2005-05-26,TCS,EQ,1260.55,1258.0,1296.0,1251.15,1282.0,1290.05,1275.41
2005-05-27,TCS,EQ,1290.05,1283.0,1299.0,1255.25,1281.0,1269.2,1284.95
2005-05-30,TCS,EQ,1269.2,1269.2,1333.05,1264.0,1324.0,1319.1,1317.87
2005-05-31,TCS,EQ,1319.1,1320.0,1342.9,1305.55,1329.0,1334.25,1325.25
2005-06-01,TCS,EQ,1334.25,1330.0,1330.0,1297.55,1300.5,1304.5,1309.18
2005-06-02,TCS,EQ,1304.5,1308.0,1309.0,1265.1,1267.25,1268.55,1280.27
2005-06-03,TCS,EQ,1268.55,1268.55,1296.7,1261.05,1296.0,1293.15,1283.99
2005-06-04,TCS,EQ,1293.15,1290.0,1293.85,1278.0,1279.0,1281.6,1285.06
2005-06-06,TCS,EQ,1281.6,1295.0,1301.7,1270.3,1276.9,1280.4,1289.33
2005-06-07,TCS,EQ,1280.4,1288.8,1288.8,1269.05,1276.2,1277.65,1278.24
2005-06-08,TCS,EQ,1277.65,1280.0,1296.0,1276.1,1289.1,1292.1,1287.27
2005-06-09,TCS,EQ,1292.1,1294.0,1299.0,1271.35,1275.8,1277.3,1284.4
2005-06-10,TCS,EQ,1277.3,1280.0,1300.0,1261.1,1267.95,1266.15,1281.22
2005-06-13,TCS,EQ,1266.15,1275.0,1283.0,1260.2,1272.95,1271.65,1270.7
2005-06-14,TCS,EQ,1271.65,1277.0,1279.9,1260.2,1267.0,1266.05,1267.17
2005-06-15,TCS,EQ,1266.05,1269.75,1277.9,1266.3,1270.0,1272.15,1272.54
2005-06-16,TCS,EQ,1272.15,1277.8,1287.9,1264.85,1278.9,1277.7,1277.02
2005-06-17,TCS,EQ,1277.7,1282.7,1286.45,1263.1,1270.0,1267.65,1274.75
2005-06-20,TCS,EQ,1267.65,1275.0,1301.95,1270.3,1292.5,1295.9,1289.67
2005-06-21,TCS,EQ,1295.9,1300.0,1312.4,1283.3,1303.4,1305.1,1303.57
2005-06-22,TCS,EQ,1305.1,1309.0,1339.0,1309.0,1333.0,1333.35,1327.29
2005-06-23,TCS,EQ,1333.35,1330.0,1337.75,1305.0,1307.6,1307.4,1314.97
2005-06-24,TCS,EQ,1307.4,1300.0,1338.3,1295.0,1325.0,1325.75,1322.36
2005-06-27,TCS,EQ,1325.75,1319.7,1333.0,1308.0,1311.8,1316.45,1324.23
2005-06-28,TCS,EQ,1316.45,1318.0,1328.0,1314.05,1322.5,1323.55,1320.72
2005-06-29,TCS,EQ,1323.55,1325.0,1357.95,1322.15,1328.05,1332.55,1337.75
2005-06-30,TCS,EQ,1332.55,1338.8,1365.0,1338.8,1352.9,1358.1,1351.43
2005-07-01,TCS,EQ,1358.1,1350.0,1356.7,1340.35,1352.0,1352.4,1350.38
2005-07-04,TCS,EQ,1352.4,1358.8,1371.9,1331.0,1366.2,1359.05,1348.27
2005-07-05,TCS,EQ,1359.05,1369.75,1369.75,1312.6,1322.5,1320.2,1336.1
2005-07-06,TCS,EQ,1320.2,1326.0,1332.6,1316.15,1321.5,1323.1,1323.95
2005-07-07,TCS,EQ,1323.1,1323.1,1340.0,1303.25,1308.1,1309.65,1322.15
2005-07-08,TCS,EQ,1309.65,1310.6,1329.4,1293.55,1309.5,1311.1,1311.16
2005-07-11,TCS,EQ,1311.1,1311.1,1330.0,1311.1,1320.55,1326.05,1322.13
2005-07-12,TCS,EQ,1326.05,1318.6,1321.0,1272.3,1287.0,1285.9,1291.25
2005-07-13,TCS,EQ,1285.9,1285.0,1300.0,1267.0,1270.0,1270.75,1277.04
2005-07-14,TCS,EQ,1270.75,1278.65,1287.7,1216.35,1219.0,1225.0,1237.05
2005-07-15,TCS,EQ,1225.0,1231.0,1261.9,1215.05,1252.0,1248.45,1244.22
2005-07-18,TCS,EQ,1248.45,1252.0,1479.0,1252.0,1319.0,1322.2,1327.03
2005-07-19,TCS,EQ,1322.2,1348.4,1358.0,1260.0,1320.25,1319.15,1321.68
2005-07-20,TCS,EQ,1319.15,1335.0,1335.0,1305.15,1307.1,1308.25,1316.11
2005-07-21,TCS,EQ,1308.25,1321.0,1321.0,1280.0,1293.0,1290.3,1297.22
2005-07-22,TCS,EQ,1290.3,1285.0,1297.85,1270.4,1293.1,1293.95,1289.02
2005-07-25,TCS,EQ,1293.95,1296.6,1302.35,1275.2,1286.5,1284.35,1283.63
2005-07-26,TCS,EQ,1284.35,1285.85,1292.0,1260.0,1265.0,1265.25,1273.21
2005-07-27,TCS,EQ,1265.25,1265.0,1288.0,1265.0,1283.0,1284.5,1278.87
2005-07-29,TCS,EQ,1284.5,1275.0,1290.0,1262.0,1263.1,1268.8,1273.47
2005-08-01,TCS,EQ,1268.8,1267.0,1275.0,1242.65,1256.0,1252.2,1253.89
2005-08-02,TCS,EQ,1252.2,1292.0,1298.0,1258.0,1295.0,1290.3,1284.88
2005-08-03,TCS,EQ,1290.3,1297.5,1307.4,1283.0,1300.0,1300.75,1297.43
2005-08-04,TCS,EQ,1300.75,1305.0,1319.8,1288.0,1297.0,1295.25,1303.31
2005-08-05,TCS,EQ,1295.25,1300.0,1308.0,1277.2,1285.0,1285.4,1285.48
2005-08-08,TCS,EQ,1285.4,1290.0,1290.0,1267.25,1285.0,1283.05,1281.14
2005-08-09,TCS,EQ,1283.05,1275.0,1287.0,1264.0,1284.8,1284.4,1280.09
2005-08-10,TCS,EQ,1284.4,1285.65,1316.65,1285.65,1315.0,1313.05,1303.55
2005-08-11,TCS,EQ,1313.05,1316.65,1329.0,1306.6,1312.1,1312.85,1319.05
2005-08-12,TCS,EQ,1312.85,1328.4,1328.4,1275.6,1278.0,1282.85,1298.35
2005-08-16,TCS,EQ,1282.85,1290.0,1290.0,1265.0,1265.0,1269.05,1270.71
2005-08-17,TCS,EQ,1269.05,1280.0,1302.0,1261.3,1299.0,1299.15,1285.52
2005-08-18,TCS,EQ,1299.15,1307.0,1325.0,1305.3,1309.8,1313.7,1315.75
2005-08-19,TCS,EQ,1313.7,1315.0,1332.0,1311.1,1326.0,1325.35,1323.95
2005-08-22,TCS,EQ,1325.35,1325.0,1348.4,1245.0,1315.9,1317.85,1331.22
2005-08-23,TCS,EQ,1317.85,1327.0,1330.65,1313.0,1315.0,1316.05,1318.01
2005-08-24,TCS,EQ,1316.05,1316.05,1318.0,1284.0,1300.25,1295.7,1296.95
2005-08-25,TCS,EQ,1295.7,1305.0,1330.0,1300.0,1321.95,1323.65,1313.94
2005-08-26,TCS,EQ,1323.65,1328.45,1370.0,1325.0,1368.0,1364.75,1351.46
2005-08-29,TCS,EQ,1364.75,1370.0,1378.0,1330.0,1354.1,1355.35,1348.87
2005-08-30,TCS,EQ,1355.35,1355.65,1391.0,1355.65,1382.1,1384.35,1380.13
2005-08-31,TCS,EQ,1384.35,1380.8,1415.35,1380.0,1395.0,1404.85,1400.14
2005-09-01,TCS,EQ,1404.85,1409.85,1434.0,1409.0,1418.0,1424.25,1423.37
2005-09-02,TCS,EQ,1424.25,1430.0,1440.0,1415.05,1422.0,1427.2,1431.17
2005-09-05,TCS,EQ,1427.2,1440.0,1466.9,1406.35,1408.7,1410.25,1437.23
2005-09-06,TCS,EQ,1410.25,1415.0,1419.9,1388.0,1397.1,1398.45,1401.06
2005-09-08,TCS,EQ,1398.45,1400.0,1415.0,1395.25,1404.0,1406.1,1404.05
2005-09-09,TCS,EQ,1406.1,1351.0,1414.0,1351.0,1397.0,1391.95,1390.75
2005-09-12,TCS,EQ,1391.95,1429.0,1638.0,1406.5,1425.0,1430.2,1423.81
2005-09-13,TCS,EQ,1430.2,1431.0,1431.0,1410.6,1425.0,1422.4,1419.65
2005-09-14,TCS,EQ,1422.4,1420.0,1427.0,1387.0,1399.25,1400.15,1410.2
2005-09-15,TCS,EQ,1400.15,1402.0,1454.75,1402.0,1451.0,1449.9,1433.27
2005-09-16,TCS,EQ,1449.9,1454.75,1477.7,1436.2,1453.0,1457.6,1452.11
2005-09-19,TCS,EQ,1457.6,1477.7,1480.0,1443.0,1454.2,1454.15,1455.32
2005-09-20,TCS,EQ,1454.15,1455.0,1480.0,1420.0,1467.1,1470.45,1465.46
2005-09-21,TCS,EQ,1470.45,1474.0,1476.0,1400.0,1450.5,1453.65,1455.32
2005-09-22,TCS,EQ,1453.65,1476.0,1487.0,1397.0,1400.0,1401.45,1427.54
2005-09-23,TCS,EQ,1401.45,1400.35,1429.8,1400.35,1412.0,1412.45,1418.21
2005-09-26,TCS,EQ,1412.45,1420.0,1473.0,1416.0,1471.0,1465.9,1448.44
2005-09-27,TCS,EQ,1465.9,1475.0,1481.0,1446.3,1464.0,1462.3,1465.44
2005-09-28,TCS,EQ,1462.3,1464.0,1474.9,1447.0,1474.9,1469.5,1460.29
2005-09-29,TCS,EQ,1469.5,1480.0,1494.4,1465.0,1473.1,1472.85,1479.6
2005-09-30,TCS,EQ,1472.85,1480.0,1491.8,1464.25,1482.0,1482.35,1480.34
2005-10-03,TCS,EQ,1482.35,1455.4,1504.9,1455.4,1498.0,1497.9,1496.63
2005-10-04,TCS,EQ,1497.9,1499.8,1502.0,1483.3,1487.0,1489.75,1491.38
2005-10-05,TCS,EQ,1489.75,1484.0,1489.0,1465.0,1475.15,1470.0,1476.01
2005-10-06,TCS,EQ,1470.0,1465.05,1465.05,1417.15,1421.05,1424.65,1440.96
2005-10-07,TCS,EQ,1424.65,1425.0,1454.0,1415.2,1447.0,1444.8,1440.73
2005-10-10,TCS,EQ,1444.8,1449.8,1475.0,1443.3,1445.5,1448.5,1454.08
2005-10-11,TCS,EQ,1448.5,1460.0,1474.8,1422.0,1467.0,1467.75,1456.68
2005-10-13,TCS,EQ,1467.75,1470.0,1485.0,1430.35,1438.05,1441.3,1460.67
2005-10-14,TCS,EQ,1441.3,1450.0,1452.0,1415.0,1428.0,1424.05,1437.11
2005-10-17,TCS,EQ,1424.05,1430.0,1442.0,1423.9,1431.0,1434.15,1432.33
2005-10-18,TCS,EQ,1434.15,1442.0,1464.8,1431.1,1433.0,1440.95,1447.49
2005-10-19,TCS,EQ,1440.95,1459.95,1460.0,1372.15,1410.0,1401.6,1408.89
2005-10-20,TCS,EQ,1401.6,1415.1,1435.0,1391.05,1422.0,1416.35,1414.41
2005-10-21,TCS,EQ,1416.35,1429.0,1436.8,1409.0,1434.0,1428.25,1422.65
2005-10-24,TCS,EQ,1428.25,1432.2,1444.0,1401.05,1403.85,1407.5,1418.36
2005-10-25,TCS,EQ,1407.5,1418.35,1451.0,1408.5,1445.0,1440.0,1429.34
2005-10-26,TCS,EQ,1440.0,1440.0,1445.0,1419.1,1421.9,1422.25,1431.27
2005-10-27,TCS,EQ,1422.25,1423.0,1428.9,1390.0,1405.0,1401.3,1413.62
2005-10-28,TCS,EQ,1401.3,1409.0,1409.0,1355.0,1365.0,1362.15,1371.77
2005-10-31,TCS,EQ,1362.15,1365.0,1408.0,1360.35,1401.0,1401.25,1392.65
2005-11-01,TCS,EQ,1401.25,1448.7,1448.7,1400.0,1400.0,1409.6,1412.5
2005-11-02,TCS,EQ,1409.6,1401.3,1436.0,1388.4,1435.0,1429.0,1409.43
2005-11-07,TCS,EQ,1429.0,1408.0,1467.7,1408.0,1465.0,1464.75,1454.25
2005-11-08,TCS,EQ,1464.75,1474.0,1484.25,1470.4,1478.0,1477.0,1478.45
2005-11-09,TCS,EQ,1477.0,1477.0,1483.05,1450.25,1461.0,1456.8,1464.41
2005-11-10,TCS,EQ,1456.8,1457.0,1476.9,1457.0,1470.0,1469.75,1466.92
2005-11-11,TCS,EQ,1469.75,1465.0,1488.0,1465.0,1483.0,1482.65,1481.75
2005-11-14,TCS,EQ,1482.65,1490.0,1514.65,1490.0,1504.0,1510.3,1505.7
2005-11-16,TCS,EQ,1510.3,1511.25,1517.0,1502.25,1509.8,1511.7,1510.53
2005-11-17,TCS,EQ,1511.7,1500.0,1518.0,1492.45,1503.3,1507.65,1506.73
2005-11-18,TCS,EQ,1507.65,1512.0,1531.0,1512.0,1524.0,1526.95,1524.04
2005-11-21,TCS,EQ,1526.95,1529.4,1538.7,1506.0,1508.1,1518.65,1524.87
2005-11-22,TCS,EQ,1518.65,1514.0,1524.8,1488.0,1499.0,1499.85,1506.27
2005-11-23,TCS,EQ,1499.85,1500.0,1522.0,1499.0,1520.0,1516.65,1515.96
2005-11-24,TCS,EQ,1516.65,1516.0,1533.2,1516.0,1530.0,1524.25,1526.69
2005-11-25,TCS,EQ,1524.25,1524.25,1540.0,1510.35,1535.9,1533.7,1533.78
2005-11-26,TCS,EQ,1533.7,1533.5,1540.0,1527.1,1537.1,1538.85,1535.04
2005-11-28,TCS,EQ,1538.85,1538.8,1550.0,1536.0,1547.5,1547.65,1545.86
2005-11-29,TCS,EQ,1547.65,1544.8,1550.0,1520.55,1541.9,1545.35,1538.4
2005-11-30,TCS,EQ,1545.35,1532.0,1552.5,1515.0,1524.95,1521.1,1537.24
2005-12-01,TCS,EQ,1521.1,1520.0,1554.65,1518.75,1549.0,1550.1,1542.34
2005-12-02,TCS,EQ,1550.1,1554.65,1574.4,1541.05,1552.0,1550.0,1558.23
2005-12-05,TCS,EQ,1550.0,1552.0,1554.1,1526.25,1535.0,1531.35,1538.49
2005-12-06,TCS,EQ,1531.35,1535.0,1570.0,1526.3,1565.0,1554.0,1554.4
2005-12-07,TCS,EQ,1554.0,1562.0,1600.0,1560.3,1597.0,1595.55,1581.87
2005-12-08,TCS,EQ,1595.55,1595.0,1624.7,1592.25,1610.0,1616.55,1609.15
2005-12-09,TCS,EQ,1616.55,1618.0,1694.6,1611.3,1683.0,1682.7,1658.84
2005-12-12,TCS,EQ,1682.7,1650.35,1705.0,1642.0,1653.0,1650.2,1661.01
2005-12-13,TCS,EQ,1650.2,1652.0,1678.0,1645.0,1677.0,1667.6,1657.76
2005-12-14,TCS,EQ,1667.6,1660.0,1700.0,1640.0,1677.0,1683.9,1669.96
2005-12-15,TCS,EQ,1683.9,1689.9,1698.5,1668.4,1683.9,1682.8,1683.51
2005-12-16,TCS,EQ,1682.8,1690.0,1726.0,1683.0,1715.4,1714.4,1706.01
2005-12-19,TCS,EQ,1714.4,1726.0,1753.0,1717.0,1732.5,1734.55,1738.8
2005-12-20,TCS,EQ,1734.55,1750.0,1750.0,1687.0,1695.05,1693.5,1698.75
2005-12-21,TCS,EQ,1693.5,1705.0,1714.6,1671.0,1691.3,1686.1,1693.83
2005-12-22,TCS,EQ,1686.1,1690.0,1699.7,1678.95,1686.5,1684.7,1687.68
2005-12-23,TCS,EQ,1684.7,1687.0,1705.0,1665.0,1665.9,1671.75,1682.15
2005-12-26,TCS,EQ,1671.75,1674.0,1674.0,1656.25,1661.85,1662.9,1663.92
2005-12-27,TCS,EQ,1662.9,1662.75,1703.0,1643.0,1702.8,1698.15,1682.87
2005-12-28,TCS,EQ,1698.15,1695.0,1710.0,1676.65,1681.65,1685.65,1695.94
2005-12-29,TCS,EQ,1685.65,1690.0,1719.9,1681.65,1715.0,1710.05,1700.72
2005-12-30,TCS,EQ,1710.05,1680.0,1719.9,1680.0,1700.0,1702.85,1702.43
2006-01-02,TCS,EQ,1702.85,1708.0,1710.9,1681.35,1685.35,1687.6,1694.55
2006-01-03,TCS,EQ,1687.6,1685.25,1739.95,1682.0,1726.0,1733.2,1716.21
2006-01-04,TCS,EQ,1733.2,1740.0,1749.9,1722.2,1742.5,1743.1,1736.73
2006-01-05,TCS,EQ,1743.1,1745.0,1746.0,1721.9,1735.5,1732.35,1730.51
2006-01-06,TCS,EQ,1732.35,1735.0,1739.9,1692.0,1704.0,1705.6,1710.21
2006-01-09,TCS,EQ,1705.6,1710.15,1730.0,1681.0,1681.0,1688.95,1698.39
2006-01-10,TCS,EQ,1688.95,1690.0,1699.8,1661.0,1665.0,1672.5,1677.28
2006-01-12,TCS,EQ,1672.5,1653.0,1689.0,1615.0,1670.0,1673.7,1652.3
2006-01-13,TCS,EQ,1673.7,1680.0,1690.0,1644.0,1648.0,1651.75,1666.76
2006-01-16,TCS,EQ,1651.75,1651.0,1651.0,1602.55,1605.0,1608.75,1629.42
2006-01-17,TCS,EQ,1608.75,1611.0,1640.0,1610.0,1627.0,1623.4,1624.92
2006-01-18,TCS,EQ,1623.4,1618.2,1623.8,1602.1,1616.0,1619.55,1614.66
2006-01-19,TCS,EQ,1619.55,1623.8,1654.7,1623.8,1647.55,1650.35,1644.62
2006-01-20,TCS,EQ,1650.35,1655.0,1669.85,1635.0,1635.0,1644.0,1651.88
2006-01-23,TCS,EQ,1644.0,1635.0,1635.0,1611.3,1625.0,1622.15,1622.5
2006-01-24,TCS,EQ,1622.15,1635.0,1649.0,1630.4,1640.0,1642.6,1639.2
2006-01-25,TCS,EQ,1642.6,1649.0,1659.95,1643.5,1650.05,1651.2,1651.84
2006-01-27,TCS,EQ,1651.2,1680.0,1680.0,1650.6,1656.55,1659.15,1659.03
2006-01-30,TCS,EQ,1659.15,1665.4,1679.6,1652.1,1662.0,1658.9,1662.16
2006-01-31,TCS,EQ,1658.9,1679.6,1679.6,1652.35,1670.0,1670.4,1669.46
2006-02-01,TCS,EQ,1670.4,1656.0,1678.0,1650.4,1666.0,1666.65,1666.14
2006-02-02,TCS,EQ,1666.65,1670.0,1676.0,1629.65,1638.25,1636.8,1659.91
2006-02-03,TCS,EQ,1636.8,1639.9,1647.8,1612.4,1630.05,1630.8,1626.8
2006-02-06,TCS,EQ,1630.8,1629.9,1683.0,1626.35,1680.0,1679.05,1665.05
2006-02-07,TCS,EQ,1679.05,1680.0,1693.5,1644.25,1670.0,1674.1,1668.8
2006-02-08,TCS,EQ,1674.1,1666.0,1672.1,1652.35,1659.7,1662.5,1661.27
2006-02-10,TCS,EQ,1662.5,1670.15,1678.0,1645.05,1666.0,1669.6,1663.09
2006-02-13,TCS,EQ,1669.6,1669.6,1670.0,1648.0,1650.5,1651.0,1654.29
2006-02-14,TCS,EQ,1651.0,1670.0,1670.0,1614.0,1620.0,1618.55,1626.87
2006-02-15,TCS,EQ,1618.55,1647.9,1647.9,1605.0,1618.0,1619.35,1619.51
2006-02-16,TCS,EQ,1619.35,1625.0,1639.8,1612.0,1622.0,1629.15,1625.55
2006-02-17,TCS,EQ,1629.15,1650.0,1656.4,1620.0,1629.0,1625.0,1636.74
2006-02-20,TCS,EQ,1625.0,1639.0,1655.0,1627.4,1653.05,1649.85,1639.85
2006-02-21,TCS,EQ,1649.85,1655.0,1671.0,1651.1,1668.35,1666.0,1661.79
2006-02-22,TCS,EQ,1666.0,1670.0,1670.0,1651.3,1656.0,1661.85,1663.42
2006-02-23,TCS,EQ,1661.85,1660.0,1689.9,1660.0,1666.0,1670.55,1676.96
2006-02-24,TCS,EQ,1670.55,1670.25,1680.0,1656.3,1670.0,1670.05,1667.14
2006-02-27,TCS,EQ,1670.05,1667.0,1695.0,1666.4,1684.15,1690.35,1687.39
2006-02-28,TCS,EQ,1690.35,1695.0,1704.0,1670.0,1695.5,1700.8,1690.51
2006-03-01,TCS,EQ,1700.8,1700.0,1745.4,1687.25,1737.0,1740.2,1723.49
2006-03-02,TCS,EQ,1740.2,1745.4,1754.0,1720.35,1740.0,1741.8,1740.81
2006-03-03,TCS,EQ,1741.8,1742.0,1742.0,1697.35,1699.0,1705.75,1713.65
2006-03-06,TCS,EQ,1705.75,1716.0,1753.0,1710.0,1735.0,1744.3,1735.25
2006-03-07,TCS,EQ,1744.3,1740.15,1750.0,1720.0,1722.0,1724.7,1732.17
2006-03-08,TCS,EQ,1724.7,1732.0,1740.0,1705.0,1710.4,1722.55,1725.41
2006-03-09,TCS,EQ,1722.55,1720.0,1728.0,1690.0,1725.0,1724.85,1715.8
2006-03-10,TCS,EQ,1724.85,1692.0,1775.0,1690.0,1760.25,1763.65,1756.82
2006-03-13,TCS,EQ,1763.65,1773.8,1847.6,1773.8,1820.0,1828.6,1818.2
2006-03-14,TCS,EQ,1828.6,1824.9,1827.7,1791.1,1796.0,1803.15,1809.53
2006-03-16,TCS,EQ,1803.15,1817.0,1839.9,1806.3,1837.9,1835.4,1828.29
2006-03-17,TCS,EQ,1835.4,1840.0,1880.5,1840.0,1863.05,1861.0,1866.2
2006-03-20,TCS,EQ,1861.0,1874.0,1915.0,1865.5,1910.15,1908.0,1890.9
2006-03-21,TCS,EQ,1908.0,1908.0,1935.0,1898.65,1930.0,1915.2,1916.72
2006-03-22,TCS,EQ,1915.2,1920.0,1920.0,1881.2,1895.0,1893.35,1896.62
2006-03-23,TCS,EQ,1893.35,1900.0,1919.0,1868.25,1872.55,1874.2,1887.89
2006-03-24,TCS,EQ,1874.2,1887.0,1905.0,1869.05,1890.0,1891.45,1884.96
2006-03-27,TCS,EQ,1891.45,1895.0,1910.0,1885.55,1885.55,1890.95,1897.94
2006-03-28,TCS,EQ,1890.95,1900.0,1911.0,1881.0,1883.35,1887.6,1892.51
2006-03-29,TCS,EQ,1887.6,1879.0,1902.9,1867.0,1895.0,1898.15,1886.9
2006-03-30,TCS,EQ,1898.15,1902.9,2010.0,1902.9,1949.0,1968.1,1949.0
2006-03-31,TCS,EQ,1968.1,1957.9,1957.9,1910.0,1919.95,1915.5,1924.34
2006-04-03,TCS,EQ,1915.5,1927.0,1956.0,1920.0,1952.0,1950.75,1940.24
2006-04-04,TCS,EQ,1950.75,1950.4,1960.0,1940.05,1941.0,1948.55,1951.88
2006-04-05,TCS,EQ,1948.55,1950.1,1965.15,1920.0,1934.1,1932.05,1931.8
2006-04-07,TCS,EQ,1932.05,1948.0,1997.0,1875.0,1890.0,1889.25,1922.51
2006-04-10,TCS,EQ,1889.25,1900.0,1919.95,1880.0,1895.0,1894.1,1896.16
2006-04-12,TCS,EQ,1894.1,1898.2,1900.0,1763.0,1789.9,1780.8,1826.25
2006-04-13,TCS,EQ,1780.8,1805.0,1829.7,1770.0,1800.0,1797.15,1803.22
2006-04-17,TCS,EQ,1797.15,1825.0,1911.0,1815.25,1908.0,1906.55,1876.32
2006-04-18,TCS,EQ,1906.55,1978.0,2088.0,1978.0,2006.95,2009.5,2030.23
2006-04-19,TCS,EQ,2009.5,2029.0,2050.0,1998.0,2015.0,2012.75,2017.14
2006-04-20,TCS,EQ,2012.75,2019.9,2024.95,1975.0,1990.0,1989.9,1986.22
2006-04-21,TCS,EQ,1989.9,2000.0,2029.95,1965.0,1996.8,1999.05,1994.37
2006-04-24,TCS,EQ,1999.05,1998.0,1999.65,1965.0,1968.0,1979.25,1977.38
2006-04-25,TCS,EQ,1979.25,1979.9,1979.9,1899.0,1920.05,1926.95,1937.19
2006-04-26,TCS,EQ,1926.95,1928.0,1956.0,1910.0,1936.0,1942.35,1940.4
2006-04-27,TCS,EQ,1942.35,1942.35,2003.0,1930.0,1944.75,1945.85,1972.87
2006-04-28,TCS,EQ,1945.85,1907.0,1991.0,1830.35,1990.0,1978.05,1931.21
2006-04-29,TCS,EQ,1978.05,1991.0,2002.85,1971.0,1975.0,1979.35,1986.33
2006-05-02,TCS,EQ,1979.35,1984.0,2024.4,1980.0,2008.0,2013.15,2013.08
2006-05-03,TCS,EQ,2013.15,2024.0,2039.9,2015.05,2035.5,2031.55,2025.63
2006-05-04,TCS,EQ,2031.55,2028.0,2057.9,2021.3,2045.0,2043.7,2042.69
2006-05-05,TCS,EQ,2043.7,2055.0,2055.0,1995.0,2010.45,2006.65,2014.44
2006-05-08,TCS,EQ,2006.65,2021.0,2092.0,2010.0,2022.0,2019.45,2019.64
2006-05-09,TCS,EQ,2019.45,2032.0,2044.4,2005.0,2030.0,2024.85,2024.88
2006-05-10,TCS,EQ,2024.85,2044.4,2047.0,2002.3,2019.4,2021.7,2021.65
2006-05-11,TCS,EQ,2021.7,2029.3,2029.3,2005.4,2023.0,2018.7,2017.93
2006-05-12,TCS,EQ,2018.7,2011.0,2024.85,1970.3,1996.5,1996.15,1999.99
2006-05-15,TCS,EQ,1996.15,1980.0,2001.0,1920.0,1940.0,1960.9,1980.42
2006-05-16,TCS,EQ,1960.9,1959.95,1995.0,1919.8,1990.0,1974.7,1954.09
2006-05-17,TCS,EQ,1974.7,1995.0,2020.0,1990.0,2017.0,2016.55,2008.61
2006-05-18,TCS,EQ,2016.55,1990.0,1999.9,1900.0,1925.0,1925.65,1950.93
2006-05-19,TCS,EQ,1925.65,1950.0,1959.8,1851.5,1886.0,1892.35,1907.11
2006-05-22,TCS,EQ,1892.35,1920.0,1920.0,1744.0,1760.0,1780.5,1821.62
2006-05-23,TCS,EQ,1780.5,1800.0,1874.0,1701.0,1870.0,1830.2,1764.57
2006-05-24,TCS,EQ,1830.2,1870.0,1880.0,1760.0,1800.0,1790.65,1804.57
2006-05-25,TCS,EQ,1790.65,1780.0,1898.4,1745.0,1873.95,1876.95,1826.76
2006-05-26,TCS,EQ,1876.95,1890.0,1900.0,1841.0,1867.0,1866.35,1876.62
2006-05-29,TCS,EQ,1866.35,1865.0,1865.0,1840.3,1850.0,1850.55,1853.14
2006-05-30,TCS,EQ,1850.55,1865.0,1895.1,1835.0,1876.8,1860.35,1872.48
2006-05-31,TCS,EQ,1860.35,1841.1,1841.1,1730.0,1785.0,1782.9,1771.14
2006-06-01,TCS,EQ,1782.9,1825.0,1825.0,1690.0,1699.0,1709.35,1741.81
2006-06-02,TCS,EQ,1709.35,1714.9,1800.0,1688.0,1799.8,1794.0,1754.3
2006-06-05,TCS,EQ,1794.0,1794.0,1804.4,1754.25,1766.0,1767.6,1777.4
2006-06-06,TCS,EQ,1767.6,1744.8,1787.8,1690.0,1746.0,1748.9,1739.11
2006-06-07,TCS,EQ,1748.9,1800.0,1800.0,1693.25,1715.0,1703.95,1720.21
2006-06-08,TCS,EQ,1703.95,1725.0,1725.0,1611.2,1626.1,1647.9,1647.64
2006-06-09,TCS,EQ,1647.9,1674.45,1692.0,1625.0,1672.0,1671.15,1671.38
2006-06-12,TCS,EQ,1671.15,1699.0,1699.0,1621.0,1628.0,1638.75,1642.65
2006-06-13,TCS,EQ,1638.75,1621.0,1629.4,1561.0,1568.0,1570.35,1582.84
2006-06-14,TCS,EQ,1570.35,1561.95,1624.95,1451.25,1495.2,1483.65,1506.36
2006-06-15,TCS,EQ,1483.65,1586.0,1586.0,1501.0,1555.0,1550.55,1534.25
2006-06-16,TCS,EQ,1550.55,1586.0,1715.0,1580.4,1693.0,1685.0,1672.22
2006-06-19,TCS,EQ,1685.0,1680.0,1685.0,1636.25,1668.0,1668.35,1665.0
2006-06-20,TCS,EQ,1668.35,1688.0,1688.0,1600.0,1603.0,1607.35,1622.33
2006-06-21,TCS,EQ,1607.35,1620.0,1647.0,1595.0,1637.0,1641.3,1628.2
2006-06-22,TCS,EQ,1641.3,1650.0,1690.0,1650.0,1675.0,1676.75,1681.95
2006-06-23,TCS,EQ,1676.75,1650.0,1700.0,1625.0,1694.7,1694.85,1675.3
2006-06-25,TCS,EQ,1694.85,1650.0,1714.9,1650.0,1698.45,1700.35,1702.08
2006-06-26,TCS,EQ,1700.35,1720.0,1720.0,1618.05,1640.1,1633.5,1666.1
2006-06-27,TCS,EQ,1633.5,1658.0,1658.0,1600.0,1644.0,1644.55,1627.42
2006-06-28,TCS,EQ,1644.55,1620.0,1712.55,1606.0,1690.0,1698.6,1669.2
2006-06-29,TCS,EQ,1698.6,1710.0,1720.0,1670.0,1682.0,1680.8,1702.98
2006-06-30,TCS,EQ,1680.8,1735.0,1767.0,1705.65,1736.0,1738.75,1727.72
2006-07-03,TCS,EQ,1738.75,1742.0,1807.5,1732.4,1794.0,1800.2,1780.89
2006-07-04,TCS,EQ,1800.2,1811.0,1831.0,1805.0,1818.0,1815.1,1818.01
2006-07-05,TCS,EQ,1815.1,1817.0,1862.0,1800.0,1832.9,1842.6,1837.37
2006-07-06,TCS,EQ,1842.6,1828.0,1832.0,1792.15,1805.0,1804.3,1810.52
2006-07-07,TCS,EQ,1804.3,1819.7,1831.8,1740.0,1749.5,1746.7,1787.88
2006-07-10,TCS,EQ,1746.7,1740.0,1817.6,1740.0,1796.1,1798.35,1791.98
2006-07-11,TCS,EQ,1798.35,1800.0,1815.0,1763.15,1765.1,1769.95,1776.97
2006-07-12,TCS,EQ,1769.95,1780.0,1909.0,1780.0,1900.5,1890.3,1853.95
2006-07-13,TCS,EQ,1890.3,1892.0,1898.75,1850.25,1871.0,1867.35,1870.27
2006-07-14,TCS,EQ,1867.35,1840.0,1896.0,1825.1,1875.0,1874.3,1855.16
2006-07-17,TCS,EQ,1874.3,1884.8,1914.0,1851.0,1857.0,1859.0,1887.2
2006-07-18,TCS,EQ,1859.0,1860.0,1950.0,1815.5,1833.0,1834.5,1850.38
2006-07-19,TCS,EQ,1834.5,1882.0,1895.0,1745.55,1748.0,1757.55,1802.89
2006-07-20,TCS,EQ,1757.55,1775.9,1820.0,1770.0,1811.0,1806.15,1798.71
2006-07-21,TCS,EQ,1806.15,1798.0,1804.8,1752.6,1772.25,1767.55,1767.04
2006-07-24,TCS,EQ,1767.55,1795.0,1832.0,1735.0,1830.2,1818.05,1792.33
2006-07-25,TCS,EQ,1818.05,1840.0,1855.0,1825.05,1844.2,1847.3,1844.45
2006-07-26,TCS,EQ,1847.3,1858.0,1895.0,1832.5,1884.8,1888.8,1875.51
2006-07-27,TCS,EQ,1888.8,1895.0,1919.95,1875.5,1886.0,1899.7,1899.84
2006-07-28,TCS,EQ,1899.7,940.1,974.95,924.0,928.0,928.45,931.22
2006-07-31,TCS,EQ,928.45,935.0,965.0,930.0,931.0,936.15,940.92
2006-08-01,TCS,EQ,936.15,863.0,939.75,863.0,932.05,932.0,928.25
2006-08-02,TCS,EQ,932.0,925.0,942.5,920.0,940.9,940.2,931.18
2006-08-03,TCS,EQ,940.2,942.5,952.0,937.1,947.0,944.7,947.0
2006-08-04,TCS,EQ,944.7,960.0,963.8,943.0,948.0,948.55,954.72
2006-08-07,TCS,EQ,948.55,951.0,952.0,931.0,938.2,936.1,938.37
2006-08-08,TCS,EQ,936.1,940.0,958.0,935.0,954.0,954.8,948.21
2006-08-09,TCS,EQ,954.8,950.0,975.0,943.5,966.6,966.1,965.66
2006-08-10,TCS,EQ,966.1,961.0,975.0,960.0,963.05,965.75,967.95
2006-08-11,TCS,EQ,965.75,969.9,973.85,957.0,967.4,967.6,966.52
2006-08-14,TCS,EQ,967.6,973.75,975.0,959.0,964.25,964.65,967.72
2006-08-16,TCS,EQ,964.65,979.0,984.5,968.0,972.0,972.2,977.16
2006-08-17,TCS,EQ,972.2,975.0,983.0,958.0,962.3,960.15,967.36
2006-08-18,TCS,EQ,960.15,965.0,972.5,960.0,969.05,969.7,968.59
2006-08-21,TCS,EQ,969.7,976.0,976.0,957.0,971.0,969.3,967.07
2006-08-22,TCS,EQ,969.3,972.0,983.0,970.0,970.6,975.4,977.38
2006-08-23,TCS,EQ,975.4,976.0,978.75,960.1,964.0,963.1,971.0
2006-08-24,TCS,EQ,963.1,970.0,974.9,953.25,970.0,970.4,964.35
2006-08-25,TCS,EQ,970.4,971.0,976.9,967.65,976.2,974.4,972.4
2006-08-28,TCS,EQ,974.4,975.0,985.3,968.3,979.0,981.1,977.7
2006-08-29,TCS,EQ,981.1,985.0,992.0,983.0,990.0,990.1,988.76
2006-08-30,TCS,EQ,990.1,991.1,995.0,981.05,981.5,983.8,988.07
2006-08-31,TCS,EQ,983.8,984.0,1004.0,984.0,989.0,998.05,996.43
2006-09-01,TCS,EQ,998.05,996.0,1001.0,991.1,998.0,999.25,997.51
2006-09-04,TCS,EQ,999.25,999.0,1020.0,999.0,1015.0,1017.15,1014.12
2006-09-05,TCS,EQ,1017.15,1023.0,1030.0,1001.0,1003.55,1005.8,1010.33
2006-09-06,TCS,EQ,1005.8,1017.5,1017.5,991.1,993.0,993.6,998.89
2006-09-07,TCS,EQ,993.6,980.3,995.0,980.3,988.45,986.7,986.64
2006-09-08,TCS,EQ,986.7,1006.0,1006.0,985.0,988.1,991.0,989.91
2006-09-11,TCS,EQ,991.0,999.0,999.0,949.0,958.95,953.45,967.74
2006-09-12,TCS,EQ,953.45,955.0,980.0,952.0,976.0,977.9,969.07
2006-09-13,TCS,EQ,977.9,983.0,1008.0,981.0,1005.0,999.95,996.99
2006-09-14,TCS,EQ,999.95,1009.0,1016.0,1001.9,1014.0,1013.4,1011.68
2006-09-15,TCS,EQ,1013.4,1014.0,1014.0,996.7,1002.9,1002.7,1004.67
2006-09-18,TCS,EQ,1002.7,1007.0,1011.0,992.1,998.0,996.15,998.94
2006-09-19,TCS,EQ,996.15,997.0,1020.0,990.4,1006.0,1010.05,1011.21
2006-09-20,TCS,EQ,1010.05,1011.0,1034.0,994.1,1032.0,1030.05,1019.12
2006-09-21,TCS,EQ,1030.05,1032.0,1057.9,1018.0,1055.1,1053.0,1045.3
2006-09-22,TCS,EQ,1053.0,1045.0,1053.85,1030.1,1037.1,1039.55,1041.23
2006-09-25,TCS,EQ,1039.55,1047.0,1050.0,1022.25,1028.0,1025.6,1032.06
2006-09-26,TCS,EQ,1025.6,1030.0,1050.0,1024.9,1044.15,1044.3,1039.98
2006-09-27,TCS,EQ,1044.3,1050.0,1055.0,1036.15,1044.5,1042.65,1046.6
2006-09-28,TCS,EQ,1042.65,1045.05,1049.0,1013.0,1015.4,1020.45,1024.22
2006-09-29,TCS,EQ,1020.45,1022.1,1035.1,1020.0,1022.0,1022.05,1024.88
2006-10-03,TCS,EQ,1022.05,1035.0,1035.0,1009.0,1014.0,1014.3,1017.74
2006-10-04,TCS,EQ,1014.3,1016.0,1016.0,983.35,989.35,987.4,990.59
2006-10-05,TCS,EQ,987.4,998.0,1009.0,993.0,998.3,999.75,1002.18
2006-10-06,TCS,EQ,999.75,1001.0,1007.0,988.0,995.9,994.2,995.32
2006-10-09,TCS,EQ,994.2,985.0,1009.0,980.55,1001.5,1002.15,1000.69
2006-10-10,TCS,EQ,1002.15,1003.0,1017.8,1003.0,1015.0,1011.5,1009.44
2006-10-11,TCS,EQ,1011.5,1030.0,1079.4,1030.0,1046.0,1044.75,1046.8
2006-10-12,TCS,EQ,1044.75,1050.0,1085.0,1041.0,1084.0,1082.55,1067.51
2006-10-13,TCS,EQ,1082.55,1089.4,1120.0,1082.1,1118.0,1103.6,1095.76
2006-10-16,TCS,EQ,1103.6,1125.0,1150.0,1115.0,1134.0,1129.7,1133.67
2006-10-17,TCS,EQ,1129.7,1142.0,1169.75,1110.0,1114.0,1116.9,1127.1
2006-10-18,TCS,EQ,1116.9,1110.1,1117.0,1101.0,1105.0,1106.25,1107.35
2006-10-19,TCS,EQ,1106.25,1106.0,1112.75,1082.65,1089.95,1092.4,1096.08
2006-10-20,TCS,EQ,1092.4,1100.0,1102.0,1086.1,1089.0,1089.6,1096.6
2006-10-21,TCS,EQ,1089.6,1109.0,1109.0,1088.1,1089.5,1090.55,1092.64
2006-10-23,TCS,EQ,1090.55,1094.9,1094.9,1061.4,1081.0,1080.1,1078.71
2006-10-26,TCS,EQ,1080.1,1081.0,1091.9,1075.0,1085.0,1079.25,1085.12
2006-10-27,TCS,EQ,1079.25,1081.15,1090.0,1062.4,1076.0,1074.65,1072.89
2006-10-30,TCS,EQ,1074.65,1076.0,1088.0,1060.2,1075.1,1079.35,1073.48
2006-10-31,TCS,EQ,1079.35,1080.0,1098.8,1075.1,1086.0,1087.1,1087.28
2006-11-01,TCS,EQ,1087.1,1097.0,1105.9,1080.3,1083.0,1083.2,1088.32
2006-11-02,TCS,EQ,1083.2,1090.0,1090.0,1072.0,1080.0,1080.05,1078.88
2006-11-03,TCS,EQ,1080.05,1085.0,1088.0,1058.0,1069.0,1066.95,1067.48
2006-11-06,TCS,EQ,1066.95,1066.5,1069.9,1056.0,1059.8,1059.4,1060.41
2006-11-07,TCS,EQ,1059.4,1074.0,1084.9,1060.2,1062.0,1065.15,1068.07
2006-11-08,TCS,EQ,1065.15,1065.0,1070.9,1051.15,1062.0,1063.3,1060.24
2006-11-09,TCS,EQ,1063.3,1069.0,1075.0,1053.35,1065.0,1063.6,1063.7
2006-11-10,TCS,EQ,1063.6,1070.0,1094.7,1065.1,1068.6,1068.7,1069.09
2006-11-13,TCS,EQ,1068.7,1070.8,1080.0,1066.1,1077.0,1075.75,1073.5
2006-11-14,TCS,EQ,1075.75,1081.0,1110.0,1081.0,1106.6,1106.25,1100.04
2006-11-15,TCS,EQ,1106.25,1115.0,1122.0,1090.55,1093.0,1096.8,1106.0
2006-11-16,TCS,EQ,1096.8,1100.0,1106.0,1083.5,1085.0,1087.35,1093.28
2006-11-17,TCS,EQ,1087.35,1094.0,1097.5,1081.2,1093.0,1095.15,1090.82
2006-11-20,TCS,EQ,1095.15,1085.05,1121.0,1065.55,1119.6,1117.85,1105.74
2006-11-21,TCS,EQ,1117.85,1116.2,1152.0,1114.0,1146.3,1148.55,1137.42
2006-11-22,TCS,EQ,1148.55,1154.0,1171.0,1135.35,1143.0,1148.1,1153.91
2006-11-23,TCS,EQ,1148.1,1156.0,1169.4,1140.0,1141.0,1144.15,1153.67
2006-11-24,TCS,EQ,1144.15,1150.0,1156.9,1136.15,1149.25,1150.0,1151.2
2006-11-27,TCS,EQ,1150.0,1150.0,1164.0,1150.0,1160.0,1160.8,1158.48
2006-11-28,TCS,EQ,1160.8,1150.0,1156.0,1111.15,1151.0,1149.85,1145.45
2006-11-29,TCS,EQ,1149.85,1160.0,1168.8,1150.0,1166.9,1164.55,1159.99
2006-11-30,TCS,EQ,1164.55,1172.8,1205.0,1166.0,1195.0,1198.8,1191.07
2006-12-01,TCS,EQ,1198.8,1200.0,1200.0,1181.25,1184.0,1189.35,1190.22
2006-12-04,TCS,EQ,1189.35,1200.0,1211.0,1190.0,1190.25,1192.4,1196.79
2006-12-05,TCS,EQ,1192.4,1209.7,1209.7,1185.0,1190.0,1191.9,1196.66
2006-12-06,TCS,EQ,1191.9,1172.2,1207.0,1172.2,1199.0,1198.6,1194.36
2006-12-07,TCS,EQ,1198.6,1205.0,1234.45,1187.1,1194.0,1194.3,1195.67
2006-12-08,TCS,EQ,1194.3,1199.0,1199.0,1173.35,1178.0,1176.9,1178.95
2006-12-11,TCS,EQ,1176.9,1175.0,1189.0,1134.0,1168.0,1173.45,1169.46
2006-12-12,TCS,EQ,1173.45,1170.0,1180.0,1105.0,1108.0,1120.5,1136.99
2006-12-13,TCS,EQ,1120.5,1120.5,1141.0,1080.35,1122.0,1120.85,1113.73
2006-12-14,TCS,EQ,1120.85,1105.05,1160.0,1105.05,1156.0,1149.6,1135.01
2006-12-15,TCS,EQ,1149.6,1168.4,1168.4,1148.0,1157.0,1160.2,1156.98
2006-12-18,TCS,EQ,1160.2,1155.0,1188.4,1124.0,1186.0,1181.25,1154.66
2006-12-19,TCS,EQ,1181.25,1181.0,1183.8,1125.0,1138.1,1141.85,1149.9
2006-12-20,TCS,EQ,1141.85,1150.0,1167.85,1115.05,1120.0,1128.75,1140.84
2006-12-21,TCS,EQ,1128.75,1137.0,1150.0,1111.0,1138.0,1136.95,1133.24
2006-12-22,TCS,EQ,1136.95,1135.0,1160.0,1128.1,1155.0,1153.95,1143.45
2006-12-26,TCS,EQ,1153.95,1153.0,1194.4,1153.0,1192.0,1191.4,1179.35
2006-12-27,TCS,EQ,1191.4,1195.0,1206.0,1181.05,1198.0,1196.0,1195.02
2006-12-28,TCS,EQ,1196.0,1205.4,1220.0,1188.0,1219.9,1211.9,1205.64
2006-12-29,TCS,EQ,1211.9,1213.45,1229.4,1202.5,1222.5,1222.0,1221.13
2007-01-02,TCS,EQ,1222.0,1229.4,1258.0,1216.0,1255.0,1248.5,1237.29
2007-01-03,TCS,EQ,1248.5,1253.0,1288.0,1239.15,1285.0,1280.15,1260.29
2007-01-04,TCS,EQ,1280.15,1285.0,1285.0,1250.1,1260.0,1259.05,1264.37
2007-01-05,TCS,EQ,1259.05,1265.0,1268.6,1253.1,1265.0,1263.0,1261.46
2007-01-08,TCS,EQ,1263.0,1259.0,1259.0,1215.0,1244.9,1243.8,1232.32
2007-01-09,TCS,EQ,1243.8,1247.9,1261.85,1225.25,1258.0,1256.4,1244.34
2007-01-10,TCS,EQ,1256.4,1244.55,1255.0,1230.0,1240.0,1235.4,1238.07
2007-01-11,TCS,EQ,1235.4,1198.9,1298.0,1198.9,1276.0,1277.65,1260.62
2007-01-12,TCS,EQ,1277.65,1290.15,1329.0,1290.15,1329.0,1323.95,1316.87
2007-01-15,TCS,EQ,1323.95,1350.0,1368.0,1300.05,1330.0,1326.35,1339.69
2007-01-16,TCS,EQ,1326.35,1388.95,1388.95,1319.0,1320.0,1324.1,1344.65
2007-01-17,TCS,EQ,1324.1,1329.9,1335.0,1300.0,1304.0,1304.65,1316.47
2007-01-18,TCS,EQ,1304.65,1305.0,1325.95,1305.0,1317.05,1315.45,1317.73
2007-01-19,TCS,EQ,1315.45,1315.45,1326.5,1292.15,1295.0,1298.15,1305.29
2007-01-22,TCS,EQ,1298.15,1300.1,1322.4,1290.05,1310.0,1313.45,1309.07
2007-01-23,TCS,EQ,1313.45,1313.1,1313.95,1300.0,1300.0,1302.7,1306.7
2007-01-24,TCS,EQ,1302.7,1311.5,1314.0,1298.15,1307.0,1307.15,1306.39
2007-01-25,TCS,EQ,1307.15,1325.0,1369.0,1302.9,1309.0,1315.45,1314.35
2007-01-29,TCS,EQ,1315.45,1315.0,1315.0,1291.0,1296.25,1297.75,1303.04
2007-01-31,TCS,EQ,1297.75,1297.1,1313.9,1272.0,1276.0,1277.9,1289.06
2007-02-01,TCS,EQ,1277.9,1289.95,1295.0,1275.0,1290.0,1292.05,1288.29
2007-02-02,TCS,EQ,1292.05,1299.0,1307.0,1295.05,1300.0,1300.5,1302.24
2007-02-05,TCS,EQ,1300.5,1305.0,1313.9,1294.0,1304.0,1305.8,1306.23
2007-02-06,TCS,EQ,1305.8,1313.0,1313.9,1290.05,1297.0,1298.4,1299.96
2007-02-07,TCS,EQ,1298.4,1300.0,1312.4,1295.2,1310.0,1306.3,1302.18
2007-02-08,TCS,EQ,1306.3,1311.4,1314.9,1297.35,1305.1,1304.5,1306.0
2007-02-09,TCS,EQ,1304.5,1309.4,1317.45,1283.15,1285.0,1287.4,1292.39
2007-02-12,TCS,EQ,1287.4,1250.0,1298.7,1250.0,1262.0,1255.8,1265.6
2007-02-13,TCS,EQ,1255.8,1256.0,1284.9,1235.0,1260.0,1252.9,1263.2
2007-02-14,TCS,EQ,1252.9,1253.0,1267.0,1240.0,1261.0,1260.75,1254.99
2007-02-15,TCS,EQ,1260.75,1265.0,1300.0,1225.1,1300.0,1292.25,1285.17
2007-02-19,TCS,EQ,1292.25,1301.4,1318.7,1295.2,1311.1,1309.8,1308.96
2007-02-20,TCS,EQ,1309.8,1313.9,1323.8,1295.0,1302.0,1299.55,1312.42
2007-02-21,TCS,EQ,1299.55,1300.0,1311.75,1280.0,1285.0,1283.85,1297.63
2007-02-22,TCS,EQ,1283.85,1300.0,1312.4,1286.0,1300.0,1294.3,1299.1
2007-02-23,TCS,EQ,1294.3,1295.0,1299.5,1273.0,1274.25,1277.35,1282.61
2007-02-26,TCS,EQ,1277.35,1272.0,1293.85,1232.5,1287.2,1286.1,1269.7
2007-02-27,TCS,EQ,1286.1,1254.0,1294.2,1254.0,1260.0,1264.15,1279.24
2007-02-28,TCS,EQ,1264.15,1233.0,1244.95,1172.0,1190.0,1193.4,1211.62
2007-03-01,TCS,EQ,1193.4,1200.0,1268.0,1190.4,1251.0,1254.65,1236.06
2007-03-02,TCS,EQ,1254.65,1254.8,1260.0,1201.0,1203.85,1208.55,1235.64
2007-03-05,TCS,EQ,1208.55,1190.0,1199.0,1150.0,1157.0,1155.55,1159.9
2007-03-06,TCS,EQ,1155.55,1210.0,1335.0,1161.1,1195.0,1197.25,1191.37
2007-03-07,TCS,EQ,1197.25,1202.0,1224.7,1157.4,1207.75,1191.8,1183.6
2007-03-08,TCS,EQ,1191.8,1190.0,1229.7,1190.0,1226.1,1218.4,1214.14
2007-03-09,TCS,EQ,1218.4,1228.3,1233.0,1198.0,1214.0,1212.15,1210.46
2007-03-12,TCS,EQ,1212.15,1224.7,1253.7,1211.0,1242.0,1235.0,1241.26
2007-03-13,TCS,EQ,1235.0,1225.5,1268.9,1200.1,1264.0,1265.4,1252.79
2007-03-14,TCS,EQ,1265.4,1225.0,1241.9,1205.0,1209.6,1213.55,1227.4
2007-03-15,TCS,EQ,1213.55,1230.0,1251.0,1228.0,1240.0,1234.3,1240.48
2007-03-16,TCS,EQ,1234.3,1241.4,1257.85,1215.15,1235.0,1237.65,1239.23
2007-03-19,TCS,EQ,1237.65,1216.3,1264.75,1201.8,1257.0,1260.9,1254.71
2007-03-20,TCS,EQ,1260.9,1260.0,1276.5,1248.0,1250.0,1253.0,1264.27
2007-03-21,TCS,EQ,1253.0,1261.0,1269.4,1240.0,1268.0,1267.0,1253.71
2007-03-22,TCS,EQ,1267.0,1277.0,1307.0,1277.0,1307.0,1303.05,1299.46
2007-03-23,TCS,EQ,1303.05,1312.0,1320.0,1280.0,1282.0,1288.2,1300.97
2007-03-26,TCS,EQ,1288.2,1285.0,1298.7,1255.25,1262.1,1261.35,1276.85
2007-03-28,TCS,EQ,1261.35,1269.9,1269.9,1194.05,1200.0,1201.0,1218.47
2007-03-29,TCS,EQ,1201.0,1188.95,1256.8,1188.95,1244.8,1248.35,1234.49
2007-03-30,TCS,EQ,1248.35,1248.35,1254.8,1220.25,1234.5,1233.85,1231.45
2007-04-02,TCS,EQ,1233.85,1210.0,1220.0,1185.0,1187.0,1189.2,1201.5
2007-04-03,TCS,EQ,1189.2,1195.0,1216.8,1188.0,1204.0,1202.65,1204.41
2007-04-04,TCS,EQ,1202.65,1218.0,1224.7,1190.4,1191.05,1198.4,1202.33
2007-04-05,TCS,EQ,1198.4,1199.45,1206.0,1186.1,1195.0,1194.2,1199.71
2007-04-09,TCS,EQ,1194.2,1200.5,1226.75,1200.5,1219.85,1217.2,1218.55
2007-04-10,TCS,EQ,1217.2,1217.2,1225.0,1195.35,1198.0,1197.35,1204.88
2007-04-11,TCS,EQ,1197.35,1205.4,1209.45,1187.0,1191.0,1190.55,1194.75
2007-04-12,TCS,EQ,1190.55,1188.0,1209.0,1172.0,1203.0,1200.95,1194.84
2007-04-13,TCS,EQ,1200.95,1210.0,1268.4,1194.0,1264.0,1262.0,1245.03
2007-04-16,TCS,EQ,1262.0,1284.0,1305.9,1270.25,1278.8,1280.25,1284.91
2007-04-17,TCS,EQ,1280.25,1285.7,1315.0,1238.0,1252.0,1250.25,1251.19
2007-04-18,TCS,EQ,1250.25,1254.0,1265.0,1241.0,1243.25,1247.5,1254.75
2007-04-19,TCS,EQ,1247.5,1230.0,1248.0,1205.1,1243.65,1242.9,1239.43
2007-04-20,TCS,EQ,1242.9,1252.0,1267.95,1250.1,1256.0,1257.65,1259.85
2007-04-23,TCS,EQ,1257.65,1255.0,1269.8,1245.0,1245.0,1247.8,1254.25
2007-04-24,TCS,EQ,1247.8,1244.0,1262.0,1219.0,1226.0,1224.85,1243.79
2007-04-25,TCS,EQ,1224.85,1225.0,1226.9,1208.0,1221.0,1221.35,1210.75
2007-04-26,TCS,EQ,1221.35,1227.0,1249.6,1220.0,1240.15,1240.4,1234.26
2007-04-27,TCS,EQ,1240.4,1235.0,1236.5,1217.25,1234.9,1234.5,1228.85
2007-04-30,TCS,EQ,1234.5,1241.05,1269.9,1205.0,1265.05,1266.0,1260.14
2007-05-03,TCS,EQ,1266.0,1274.8,1294.8,1272.55,1290.0,1290.2,1288.12
2007-05-04,TCS,EQ,1290.2,1299.0,1329.9,1269.0,1272.5,1273.05,1286.77
2007-05-07,TCS,EQ,1273.05,1282.0,1284.9,1265.15,1279.0,1272.9,1274.47
2007-05-08,TCS,EQ,1272.9,1270.0,1280.0,1257.25,1270.95,1266.55,1270.7
2007-05-09,TCS,EQ,1266.55,1300.0,1300.0,1225.0,1245.05,1239.5,1240.22
2007-05-10,TCS,EQ,1239.5,1245.0,1289.9,1226.0,1228.0,1229.7,1236.85
2007-05-11,TCS,EQ,1229.7,1250.0,1259.0,1210.0,1257.3,1252.55,1241.48
2007-05-14,TCS,EQ,1252.55,1278.5,1278.5,1246.1,1250.0,1250.25,1256.22
2007-05-15,TCS,EQ,1250.25,1260.0,1260.0,1225.0,1238.5,1238.05,1232.73
2007-05-16,TCS,EQ,1238.05,1265.0,1265.0,1210.55,1231.0,1224.2,1221.35
2007-05-17,TCS,EQ,1224.2,1233.1,1253.7,1230.0,1249.25,1250.0,1243.92
2007-05-18,TCS,EQ,1250.0,1259.95,1276.0,1250.0,1253.0,1252.85,1261.75
2007-05-21,TCS,EQ,1252.85,1270.0,1270.0,1230.0,1232.1,1237.05,1238.34
2007-05-22,TCS,EQ,1237.05,1237.5,1244.0,1221.05,1231.5,1230.65,1231.64
2007-05-23,TCS,EQ,1230.65,1241.5,1241.5,1225.1,1232.0,1233.4,1234.02
2007-05-24,TCS,EQ,1233.4,1250.0,1250.0,1221.0,1221.5,1224.75,1229.7
2007-05-25,TCS,EQ,1224.75,1220.95,1235.0,1208.0,1231.0,1229.95,1222.74
2007-05-28,TCS,EQ,1229.95,1250.0,1250.0,1223.55,1225.5,1225.5,1231.96
2007-05-29,TCS,EQ,1225.5,1224.9,1235.0,1220.0,1230.1,1231.15,1229.36
2007-05-30,TCS,EQ,1231.15,1250.0,1250.0,1210.2,1213.0,1215.65,1218.93
2007-05-31,TCS,EQ,1215.65,1229.0,1229.0,1200.0,1214.0,1208.35,1212.33
2007-06-01,TCS,EQ,1208.35,1229.1,1229.1,1211.15,1219.0,1218.7,1219.17
2007-06-04,TCS,EQ,1218.7,1228.0,1250.0,1202.0,1204.0,1208.1,1214.94
2007-06-05,TCS,EQ,1208.1,1217.8,1217.8,1200.0,1208.35,1208.05,1208.97
2007-06-06,TCS,EQ,1208.05,1215.0,1217.0,1178.2,1201.0,1200.35,1205.55
2007-06-07,TCS,EQ,1200.35,1200.0,1214.4,1165.3,1210.0,1207.0,1205.77
2007-06-08,TCS,EQ,1207.0,1206.5,1230.5,1190.0,1220.0,1220.1,1218.38
2007-06-11,TCS,EQ,1220.1,1236.55,1239.4,1218.05,1218.05,1221.35,1228.13
2007-06-12,TCS,EQ,1221.35,1210.0,1230.0,1200.0,1217.0,1217.35,1213.33
2007-06-13,TCS,EQ,1217.35,1219.0,1220.0,1193.3,1207.0,1203.25,1208.06
2007-06-14,TCS,EQ,1203.25,1210.0,1220.0,1201.3,1204.05,1204.55,1206.76
2007-06-15,TCS,EQ,1204.55,1220.0,1220.0,1180.0,1181.1,1184.4,1192.99
2007-06-18,TCS,EQ,1184.4,1193.0,1195.0,1160.0,1162.0,1162.6,1171.77
2007-06-19,TCS,EQ,1162.6,1165.1,1165.5,1143.3,1161.0,1160.0,1153.54
2007-06-20,TCS,EQ,1160.0,1161.0,1173.0,1141.0,1146.0,1147.0,1153.0
2007-06-21,TCS,EQ,1147.0,1145.0,1150.8,1130.0,1145.5,1145.6,1141.64
2007-06-22,TCS,EQ,1145.6,1145.0,1155.0,1134.5,1138.05,1139.95,1139.82
2007-06-25,TCS,EQ,1139.95,1139.95,1150.0,1118.75,1123.1,1125.75,1126.89
2007-06-26,TCS,EQ,1125.75,1131.0,1140.0,1117.85,1118.45,1121.75,1129.18
2007-06-27,TCS,EQ,1121.75,1129.9,1138.7,1124.0,1132.0,1133.15,1130.64
2007-06-28,TCS,EQ,1133.15,1143.95,1143.95,1125.0,1139.0,1136.85,1132.93
2007-06-29,TCS,EQ,1136.85,1141.0,1156.0,1140.05,1149.0,1149.35,1146.34
2007-07-02,TCS,EQ,1149.35,1153.0,1153.0,1131.0,1135.0,1134.45,1141.93
2007-07-03,TCS,EQ,1134.45,1150.0,1150.0,1124.0,1126.05,1127.6,1129.91
2007-07-04,TCS,EQ,1127.6,1128.0,1140.0,1116.0,1116.9,1117.65,1121.19
2007-07-05,TCS,EQ,1117.65,1128.2,1128.2,1100.8,1110.95,1111.65,1111.18
2007-07-06,TCS,EQ,1111.65,1115.0,1164.9,1100.1,1156.0,1158.65,1142.34
2007-07-09,TCS,EQ,1158.65,1168.4,1182.4,1165.0,1175.0,1176.75,1171.34
2007-07-10,TCS,EQ,1176.75,1185.0,1200.0,1168.0,1188.0,1183.15,1187.98
2007-07-11,TCS,EQ,1183.15,1182.0,1185.0,1100.0,1152.2,1148.9,1147.47
2007-07-12,TCS,EQ,1148.9,1155.0,1169.0,1134.0,1159.0,1162.55,1146.54
2007-07-13,TCS,EQ,1162.55,1236.1,1261.5,1130.25,1133.0,1136.0,1140.76
2007-07-16,TCS,EQ,1136.0,1135.0,1138.0,1114.0,1125.25,1128.3,1122.16
2007-07-17,TCS,EQ,1128.3,1175.8,1175.8,1150.0,1150.6,1155.75,1159.42
2007-07-18,TCS,EQ,1155.75,1157.0,1170.0,1147.35,1167.0,1166.65,1160.63
2007-07-19,TCS,EQ,1166.65,1167.0,1185.0,1165.5,1184.8,1182.2,1175.3
2007-07-20,TCS,EQ,1182.2,1189.0,1189.95,1167.4,1173.95,1175.9,1179.14
2007-07-23,TCS,EQ,1175.9,1169.8,1195.0,1162.1,1184.9,1190.95,1183.04
2007-07-24,TCS,EQ,1190.95,1189.9,1192.0,1167.0,1171.1,1171.9,1175.69
2007-07-25,TCS,EQ,1171.9,1168.0,1171.0,1145.0,1149.9,1148.2,1152.9
2007-07-26,TCS,EQ,1148.2,1155.0,1210.0,1145.1,1187.0,1189.1,1174.94
2007-07-27,TCS,EQ,1189.1,1160.0,1175.0,1126.0,1156.0,1153.0,1163.46
2007-07-30,TCS,EQ,1153.0,1150.0,1170.0,1130.25,1132.7,1136.45,1144.97
2007-07-31,TCS,EQ,1136.45,1151.0,1162.0,1130.0,1145.4,1156.3,1145.67
2007-08-01,TCS,EQ,1156.3,1140.0,1145.0,1110.3,1114.0,1115.15,1117.6
2007-08-02,TCS,EQ,1115.15,1120.0,1124.5,1090.0,1103.0,1095.15,1104.91
2007-08-03,TCS,EQ,1095.15,1114.0,1114.0,1083.1,1096.0,1096.9,1096.69
2007-08-06,TCS,EQ,1096.9,1090.0,1118.0,1074.0,1105.0,1099.45,1093.77
2007-08-07,TCS,EQ,1099.45,1113.1,1117.8,1094.1,1107.0,1109.3,1105.54
2007-08-08,TCS,EQ,1109.3,1150.0,1169.0,1118.0,1156.5,1152.6,1156.4
2007-08-09,TCS,EQ,1152.6,1160.0,1188.85,1135.2,1140.0,1145.7,1165.5
2007-08-10,TCS,EQ,1145.7,1115.0,1153.5,1080.4,1143.0,1144.5,1120.31
2007-08-13,TCS,EQ,1144.5,1150.0,1150.0,1125.15,1135.25,1134.5,1138.47
2007-08-14,TCS,EQ,1134.5,1135.0,1140.0,1120.0,1132.15,1130.25,1129.16
2007-08-16,TCS,EQ,1130.25,1100.0,1119.6,1085.0,1086.6,1088.0,1098.59
2007-08-17,TCS,EQ,1088.0,1088.0,1093.0,1039.2,1057.0,1056.15,1063.04
2007-08-20,TCS,EQ,1056.15,1083.5,1099.4,1051.1,1053.1,1055.55,1066.21
2007-08-21,TCS,EQ,1055.55,1076.5,1076.5,1004.5,1014.0,1015.25,1025.53
2007-08-22,TCS,EQ,1015.25,1020.0,1032.7,996.0,1024.0,1025.9,1017.87
2007-08-23,TCS,EQ,1025.9,1032.0,1048.0,1004.0,1012.55,1007.9,1023.99
2007-08-24,TCS,EQ,1007.9,1015.0,1026.5,999.5,1016.8,1018.4,1012.17
2007-08-27,TCS,EQ,1018.4,1024.95,1038.8,1020.05,1025.0,1026.5,1027.2
2007-08-28,TCS,EQ,1026.5,1036.0,1039.0,1011.0,1026.5,1028.75,1025.95
2007-08-29,TCS,EQ,1028.75,1020.0,1039.8,1001.0,1032.0,1031.6,1024.46
2007-08-30,TCS,EQ,1031.6,1042.0,1059.0,1025.0,1051.05,1046.0,1039.99
2007-08-31,TCS,EQ,1046.0,1052.0,1069.7,1047.0,1057.0,1064.35,1058.26
2007-09-03,TCS,EQ,1064.35,1070.0,1075.0,1053.4,1060.0,1061.25,1061.42
2007-09-04,TCS,EQ,1061.25,1065.0,1087.7,1061.0,1062.0,1066.1,1071.17
2007-09-05,TCS,EQ,1066.1,1067.0,1082.95,1065.1,1072.25,1072.35,1074.9
2007-09-06,TCS,EQ,1072.35,1065.0,1081.0,1061.0,1073.0,1078.0,1073.02
2007-09-07,TCS,EQ,1078.0,1077.0,1084.5,1070.0,1078.5,1076.25,1076.7
2007-09-10,TCS,EQ,1076.25,1076.25,1076.25,1044.0,1048.8,1047.25,1052.41
2007-09-11,TCS,EQ,1047.25,1094.45,1094.45,1020.0,1025.0,1023.35,1031.55
2007-09-12,TCS,EQ,1023.35,1030.0,1037.75,1013.5,1016.2,1015.6,1019.0
2007-09-13,TCS,EQ,1015.6,1024.9,1035.0,1010.4,1030.0,1030.8,1025.92
2007-09-14,TCS,EQ,1030.8,1050.0,1050.0,1018.1,1022.0,1022.45,1026.63
2007-09-17,TCS,EQ,1022.45,1025.0,1031.8,995.7,997.85,997.65,1004.94
2007-09-18,TCS,EQ,997.65,997.0,1007.7,993.0,1002.7,1002.45,1000.39
2007-09-19,TCS,EQ,1002.45,1025.0,1033.7,1017.2,1027.0,1023.05,1022.42
2007-09-20,TCS,EQ,1023.05,1020.0,1022.1,997.2,1002.15,1002.05,1001.57
2007-09-21,TCS,EQ,1002.05,1002.05,1027.0,978.0,1019.9,1017.8,995.96
2007-09-24,TCS,EQ,1017.8,1020.0,1030.35,1000.2,1006.55,1007.25,1006.38
2007-09-25,TCS,EQ,1007.25,1010.0,1014.0,996.2,1003.0,1001.7,1005.68
2007-09-26,TCS,EQ,1001.7,1010.0,1048.8,1005.0,1047.1,1040.75,1031.12
2007-09-27,TCS,EQ,1040.75,1050.0,1067.5,1047.0,1062.5,1062.5,1058.9
2007-09-28,TCS,EQ,1062.5,1025.0,1080.0,1025.0,1054.1,1060.15,1059.0
2007-10-01,TCS,EQ,1060.15,1061.0,1061.0,1023.0,1038.0,1041.65,1035.9
2007-10-03,TCS,EQ,1041.65,1050.0,1095.0,1049.9,1083.0,1079.2,1071.26
2007-10-04,TCS,EQ,1079.2,1085.0,1085.0,1054.0,1076.0,1079.3,1069.93
2007-10-05,TCS,EQ,1079.3,1079.3,1079.3,1057.3,1071.0,1072.8,1068.71
2007-10-08,TCS,EQ,1072.8,1081.05,1098.8,1062.2,1075.05,1078.35,1081.5
2007-10-09,TCS,EQ,1078.35,1080.0,1104.8,1075.3,1085.0,1094.95,1091.3
2007-10-10,TCS,EQ,1094.95,1104.7,1130.25,1098.4,1130.0,1125.5,1114.45
2007-10-11,TCS,EQ,1125.5,1135.0,1135.4,1060.0,1071.8,1072.0,1078.37
2007-10-12,TCS,EQ,1072.0,1052.0,1075.0,1030.3,1075.0,1063.5,1049.35
2007-10-15,TCS,EQ,1063.5,1070.0,1091.65,1059.75,1075.0,1074.15,1072.61
2007-10-16,TCS,EQ,1074.15,1100.0,1115.0,1061.0,1069.0,1068.4,1076.29
2007-10-17,TCS,EQ,1068.4,1060.0,1115.0,1000.0,1095.5,1094.7,1093.03
2007-10-18,TCS,EQ,1094.7,1135.0,1149.9,1077.3,1125.1,1123.85,1127.35
2007-10-19,TCS,EQ,1123.85,1147.85,1150.0,1082.4,1108.0,1108.85,1112.58
2007-10-22,TCS,EQ,1108.85,1117.0,1117.0,1065.1,1071.15,1071.95,1077.85
2007-10-23,TCS,EQ,1071.95,1068.0,1100.0,1059.0,1060.0,1063.6,1072.99
2007-10-24,TCS,EQ,1063.6,1100.0,1100.0,1043.3,1046.05,1048.0,1055.19
2007-10-25,TCS,EQ,1048.0,1059.0,1060.0,1038.15,1047.0,1049.6,1047.57
2007-10-26,TCS,EQ,1049.6,1050.0,1084.0,1042.2,1070.5,1071.3,1068.88
2007-10-29,TCS,EQ,1071.3,1089.0,1090.0,1061.4,1068.0,1068.0,1071.37
2007-10-30,TCS,EQ,1068.0,1072.0,1075.0,1040.3,1050.0,1048.5,1054.4
2007-10-31,TCS,EQ,1048.5,1047.0,1063.7,1017.0,1041.0,1038.0,1021.57
2007-11-01,TCS,EQ,1038.0,1055.0,1055.0,1019.5,1020.0,1023.05,1033.77
2007-11-02,TCS,EQ,1023.05,1010.0,1030.0,1003.0,1020.0,1021.2,1019.89
2007-11-05,TCS,EQ,1021.2,1021.0,1030.8,1005.25,1013.0,1011.3,1015.54
2007-11-06,TCS,EQ,1011.3,1015.0,1019.8,1000.0,1005.0,1004.3,1008.02
2007-11-07,TCS,EQ,1004.3,1005.1,1009.15,986.1,995.6,997.05,996.64
2007-11-08,TCS,EQ,997.05,990.1,999.8,980.0,996.95,989.65,987.76
2007-11-09,TCS,EQ,989.65,1015.0,1015.0,983.1,984.1,985.25,986.32
2007-11-12,TCS,EQ,985.25,985.25,985.25,960.0,962.0,963.85,970.26
2007-11-13,TCS,EQ,963.85,963.85,972.7,926.65,945.1,947.35,955.89
2007-11-14,TCS,EQ,947.35,960.0,1045.1,960.0,982.55,986.7,977.27
2007-11-15,TCS,EQ,986.7,991.0,997.9,970.0,977.05,980.2,981.51
2007-11-16,TCS,EQ,980.2,980.0,998.0,967.15,984.0,982.9,973.55
2007-11-19,TCS,EQ,982.9,960.1,1007.4,960.1,992.0,993.5,991.06
2007-11-20,TCS,EQ,993.5,992.0,992.0,957.2,960.1,961.3,968.12
2007-11-21,TCS,EQ,961.3,962.0,980.8,935.6,938.0,944.8,958.65
2007-11-22,TCS,EQ,944.8,969.7,972.0,935.0,964.9,950.2,950.2
2007-11-23,TCS,EQ,950.2,970.0,970.0,948.9,955.0,960.95,958.13
2007-11-26,TCS,EQ,960.95,980.0,994.0,970.0,984.3,985.1,987.9
2007-11-27,TCS,EQ,985.1,990.0,999.0,970.1,995.0,995.95,992.9
2007-11-28,TCS,EQ,995.95,981.0,1004.0,970.0,975.0,976.5,984.75
2007-11-29,TCS,EQ,976.5,1000.0,1001.7,951.0,972.0,966.05,978.81
2007-11-30,TCS,EQ,966.05,966.05,1018.65,966.05,1006.2,1012.2,1005.26
2007-12-03,TCS,EQ,1012.2,1016.0,1066.0,1010.4,1049.0,1049.9,1047.98
2007-12-04,TCS,EQ,1049.9,1049.9,1050.0,1025.05,1028.9,1029.7,1035.42
2007-12-05,TCS,EQ,1029.7,1030.0,1045.0,1020.5,1043.0,1033.2,1030.28
2007-12-06,TCS,EQ,1033.2,1040.0,1051.7,1031.2,1038.6,1035.55,1039.64
2007-12-07,TCS,EQ,1035.55,1040.0,1072.05,1026.25,1070.0,1062.6,1050.51
2007-12-10,TCS,EQ,1062.6,1070.1,1074.0,1030.0,1035.0,1035.6,1045.07
2007-12-11,TCS,EQ,1035.6,1049.0,1049.0,1025.25,1041.5,1041.3,1038.09
2007-12-12,TCS,EQ,1041.3,1028.2,1060.0,1026.1,1049.0,1053.4,1040.82
2007-12-13,TCS,EQ,1053.4,1050.0,1063.8,1025.3,1030.0,1029.6,1050.74
2007-12-14,TCS,EQ,1029.6,1015.3,1055.0,1015.3,1035.2,1040.4,1042.87
2007-12-17,TCS,EQ,1040.4,1072.4,1072.4,1005.0,1011.0,1012.4,1017.59
2007-12-18,TCS,EQ,1012.4,1010.0,1040.0,1003.3,1004.9,1010.45,1013.44
2007-12-19,TCS,EQ,1010.45,1012.0,1028.8,1008.0,1023.0,1024.5,1020.93
2007-12-20,TCS,EQ,1024.5,1029.5,1053.95,1023.0,1053.95,1045.35,1042.18
2007-12-24,TCS,EQ,1045.35,1080.0,1120.0,1050.0,1119.1,1109.7,1097.03
2007-12-26,TCS,EQ,1109.7,1115.0,1119.7,1086.15,1099.2,1100.3,1095.71
2007-12-27,TCS,EQ,1100.3,1105.1,1120.0,1086.55,1112.0,1110.75,1102.83
2007-12-28,TCS,EQ,1110.75,1100.0,1100.0,1060.0,1080.05,1082.15,1086.7
2007-12-31,TCS,EQ,1082.15,1083.0,1096.05,1052.0,1059.0,1077.4,1086.26
2008-01-01,TCS,EQ,1077.4,1077.0,1077.0,1052.0,1053.0,1054.55,1056.95
2008-01-02,TCS,EQ,1054.55,1060.0,1061.0,1031.5,1050.0,1050.0,1043.66
2008-01-03,TCS,EQ,1050.0,1030.1,1045.0,1005.35,1016.65,1011.05,1020.47
2008-01-04,TCS,EQ,1011.05,1011.05,1022.9,1002.3,1004.2,1005.2,1007.12
2008-01-07,TCS,EQ,1005.2,1000.0,1008.8,972.5,976.5,975.6,979.01
2008-01-08,TCS,EQ,975.6,980.0,992.0,969.3,989.0,987.85,982.1
2008-01-09,TCS,EQ,987.85,994.8,1006.0,989.9,996.0,996.3,998.32
2008-01-10,TCS,EQ,996.3,998.0,1009.5,962.0,981.0,981.65,993.17
2008-01-11,TCS,EQ,981.65,915.35,1004.0,915.35,990.0,989.75,984.47
2008-01-14,TCS,EQ,989.75,999.8,999.8,955.6,960.85,961.15,965.41
2008-01-15,TCS,EQ,961.15,965.0,968.0,934.0,938.0,940.0,944.82
2008-01-16,TCS,EQ,940.0,940.0,966.7,925.0,943.4,944.95,951.76
2008-01-17,TCS,EQ,944.95,965.8,966.0,919.0,921.0,922.7,929.44
2008-01-18,TCS,EQ,922.7,929.5,940.0,897.1,904.0,903.2,912.07
2008-01-21,TCS,EQ,903.2,904.0,904.7,805.25,835.0,831.05,862.79
2008-01-22,TCS,EQ,831.05,814.7,990.0,725.0,800.25,798.25,775.46
2008-01-23,TCS,EQ,798.25,859.0,890.0,805.0,852.0,871.95,853.36
2008-01-24,TCS,EQ,871.95,870.0,888.0,825.75,842.0,843.25,856.19
2008-01-25,TCS,EQ,843.25,853.0,897.7,850.1,892.0,884.6,865.26
2008-01-28,TCS,EQ,884.6,870.0,870.0,825.0,859.95,854.3,844.09
2008-01-29,TCS,EQ,854.3,856.0,884.6,855.0,870.0,867.7,865.76
2008-01-30,TCS,EQ,867.7,882.0,892.0,860.0,864.0,869.85,866.22
2008-01-31,TCS,EQ,869.85,870.0,890.0,835.35,885.0,873.75,873.47
2008-02-01,TCS,EQ,873.75,885.0,941.1,873.3,930.0,929.5,910.14
2008-02-04,TCS,EQ,929.5,945.0,989.0,939.0,969.0,975.65,968.71
2008-02-05,TCS,EQ,975.65,960.0,975.0,935.65,961.0,955.05,958.29
2008-02-06,TCS,EQ,955.05,930.0,930.0,894.5,907.8,906.1,905.9
2008-02-07,TCS,EQ,906.1,906.1,906.1,871.05,881.0,879.05,886.83
2008-02-08,TCS,EQ,879.05,884.0,925.0,880.0,910.0,898.4,910.64
2008-02-11,TCS,EQ,898.4,898.4,932.0,860.1,900.0,906.1,916.5
2008-02-12,TCS,EQ,906.1,905.0,925.0,860.0,868.0,864.65,878.33
2008-02-13,TCS,EQ,864.65,875.0,897.0,851.3,878.7,868.95,869.7
2008-02-14,TCS,EQ,868.95,885.0,900.0,861.0,866.8,873.8,880.34
2008-02-15,TCS,EQ,873.8,860.0,887.05,860.0,872.4,872.7,873.4
2008-02-18,TCS,EQ,872.7,872.7,875.0,850.0,852.5,853.2,856.8
2008-02-19,TCS,EQ,853.2,856.0,884.0,855.0,880.0,875.45,872.45
2008-02-20,TCS,EQ,875.45,879.9,894.65,873.25,884.5,886.1,883.07
2008-02-21,TCS,EQ,886.1,898.0,931.0,882.0,926.0,914.65,916.17
2008-02-22,TCS,EQ,914.65,920.0,920.9,885.0,897.0,900.55,897.87
2008-02-25,TCS,EQ,900.55,928.0,929.0,890.25,895.0,900.75,900.54
2008-02-26,TCS,EQ,900.75,924.0,924.0,895.0,895.0,898.4,901.35
2008-02-27,TCS,EQ,898.4,908.0,914.85,874.05,878.2,877.55,891.61
2008-02-28,TCS,EQ,877.55,885.0,890.0,872.0,882.0,880.9,879.28
2008-02-29,TCS,EQ,880.9,880.0,891.7,863.5,868.0,877.4,878.9
2008-03-03,TCS,EQ,877.4,866.0,868.7,840.0,840.0,848.6,852.59
2008-03-04,TCS,EQ,848.6,858.0,870.0,847.1,861.1,858.8,855.56
2008-03-05,TCS,EQ,858.8,845.0,882.8,845.0,873.0,875.3,873.68
2008-03-07,TCS,EQ,875.3,862.6,866.1,842.25,845.0,846.15,850.99
2008-03-10,TCS,EQ,846.15,846.15,854.0,830.0,830.15,833.65,840.11
2008-03-11,TCS,EQ,833.65,840.0,840.0,820.0,824.0,823.5,824.69
2008-03-12,TCS,EQ,823.5,839.0,850.0,810.25,825.2,823.55,827.3
2008-03-13,TCS,EQ,823.55,815.0,815.0,761.0,765.0,779.7,791.1
2008-03-14,TCS,EQ,779.7,780.0,812.9,750.0,810.0,803.85,786.26
2008-03-17,TCS,EQ,803.85,775.0,797.7,768.75,791.7,791.85,781.35
2008-03-18,TCS,EQ,791.85,790.0,828.8,770.0,817.0,817.7,813.85
2008-03-19,TCS,EQ,817.7,828.0,840.0,805.55,809.0,811.45,824.3
2008-03-24,TCS,EQ,811.45,811.45,837.5,811.45,826.95,823.7,825.6
2008-03-25,TCS,EQ,823.7,840.0,899.85,835.0,880.0,876.5,875.01
2008-03-26,TCS,EQ,876.5,940.0,940.0,851.55,883.85,878.35,877.11
2008-03-27,TCS,EQ,878.35,872.0,876.0,841.1,851.1,852.5,858.72
2008-03-28,TCS,EQ,852.5,853.0,874.7,852.0,869.0,871.05,865.53
2008-03-31,TCS,EQ,871.05,871.05,871.05,797.0,799.0,810.45,820.78
2008-04-01,TCS,EQ,810.45,820.0,852.9,810.0,840.0,832.35,833.86
2008-04-02,TCS,EQ,832.35,850.0,869.0,849.25,852.0,851.25,853.8
2008-04-03,TCS,EQ,851.25,850.0,892.0,850.0,884.0,885.4,878.17
2008-04-04,TCS,EQ,885.4,886.0,889.9,860.05,877.0,872.9,871.72
2008-04-07,TCS,EQ,872.9,895.0,920.1,878.2,905.75,904.1,908.26
2008-04-08,TCS,EQ,904.1,905.0,907.0,875.0,888.0,887.35,885.74
2008-04-09,TCS,EQ,887.35,880.0,892.0,869.0,879.9,876.25,877.32
2008-04-10,TCS,EQ,876.25,880.0,919.65,877.0,904.0,899.55,901.68
2008-04-11,TCS,EQ,899.55,903.05,925.0,893.25,910.0,908.0,913.72
2008-04-15,TCS,EQ,908.0,922.0,985.0,880.4,983.0,974.15,965.21
2008-04-16,TCS,EQ,974.15,985.0,1002.0,962.0,979.0,971.9,984.37
2008-04-17,TCS,EQ,971.9,999.7,1010.0,979.55,994.15,1000.9,997.18
2008-04-21,TCS,EQ,1000.9,1009.0,1035.0,986.6,995.0,993.4,1005.99
2008-04-22,TCS,EQ,993.4,984.95,984.95,882.0,884.0,887.2,905.38
2008-04-23,TCS,EQ,887.2,887.0,905.7,880.05,892.0,889.15,894.44
2008-04-24,TCS,EQ,889.15,904.0,904.9,864.0,891.5,890.75,881.72
2008-04-25,TCS,EQ,890.75,912.0,912.0,885.0,891.0,889.3,894.71
2008-04-28,TCS,EQ,889.3,809.0,896.0,720.0,882.25,881.7,882.63
2008-04-29,TCS,EQ,881.7,882.05,930.0,870.15,910.0,910.55,904.96
2008-04-30,TCS,EQ,910.55,916.1,935.75,906.5,920.15,921.0,922.96
2008-05-02,TCS,EQ,921.0,925.0,962.0,924.0,944.3,943.75,944.73
2008-05-05,TCS,EQ,943.75,945.0,949.5,921.15,926.3,927.45,932.86
2008-05-06,TCS,EQ,927.45,910.0,950.0,872.6,950.0,937.05,925.29
2008-05-07,TCS,EQ,937.05,950.0,979.9,950.0,966.0,966.75,965.39
2008-05-08,TCS,EQ,966.75,964.9,965.0,918.0,944.0,947.0,933.3
2008-05-09,TCS,EQ,947.0,959.0,959.0,910.0,910.2,917.0,926.41
2008-05-12,TCS,EQ,917.0,917.0,934.85,910.3,926.3,926.9,924.72
2008-05-13,TCS,EQ,926.9,930.0,941.4,889.0,896.3,905.05,923.3
2008-05-14,TCS,EQ,905.05,905.0,978.95,891.15,968.0,971.15,952.16
2008-05-15,TCS,EQ,971.15,973.0,1002.0,960.1,985.9,984.75,985.22
2008-05-16,TCS,EQ,984.75,994.0,994.0,968.5,978.0,981.05,982.05
2008-05-20,TCS,EQ,981.05,975.0,990.0,947.25,958.0,956.1,958.85
2008-05-21,TCS,EQ,956.1,928.0,968.0,915.0,967.9,965.1,958.14
2008-05-22,TCS,EQ,965.1,956.5,985.5,951.0,958.1,961.15,973.97
2008-05-23,TCS,EQ,961.15,974.9,979.7,926.1,935.15,932.4,947.59
2008-05-26,TCS,EQ,932.4,920.0,962.9,916.0,959.5,955.45,950.72
2008-05-27,TCS,EQ,955.45,980.0,994.0,946.0,969.8,968.9,964.61
2008-05-28,TCS,EQ,968.9,970.1,1015.25,970.1,1006.1,1009.45,994.56
2008-05-29,TCS,EQ,1009.45,1009.0,1028.35,984.0,998.0,994.65,1005.59
2008-05-30,TCS,EQ,994.65,991.0,1049.0,978.0,1033.0,1039.15,1026.11
2008-06-02,TCS,EQ,1039.15,1015.0,1057.4,965.0,967.0,983.85,1016.17
2008-06-03,TCS,EQ,983.85,960.0,990.0,938.15,976.0,975.15,968.24
2008-06-04,TCS,EQ,975.15,989.8,989.8,946.35,962.2,956.75,960.78
2008-06-05,TCS,EQ,956.75,964.1,996.8,964.0,970.0,981.85,978.1
2008-06-06,TCS,EQ,981.85,990.0,998.65,957.8,968.5,966.2,984.1
2008-06-09,TCS,EQ,966.2,902.25,964.9,890.0,915.0,914.1,928.88
2008-06-10,TCS,EQ,914.1,910.0,919.0,867.0,880.0,879.0,881.8
2008-06-11,TCS,EQ,879.0,890.0,910.0,880.0,891.0,890.35,893.94
2008-06-12,TCS,EQ,890.35,894.0,902.4,857.0,888.0,888.25,882.3
2008-06-13,TCS,EQ,888.25,880.0,921.9,880.0,905.0,909.6,908.67
2008-06-16,TCS,EQ,909.6,919.0,928.0,903.25,910.35,910.8,916.64
2008-06-17,TCS,EQ,910.8,905.0,927.0,905.0,920.9,921.3,921.54
2008-06-18,TCS,EQ,921.3,920.8,921.0,891.0,900.0,900.9,903.52
2008-06-19,TCS,EQ,900.9,880.25,898.0,880.0,885.95,888.0,888.56
2008-06-20,TCS,EQ,888.0,899.9,899.9,841.55,865.5,863.85,861.0
2008-06-23,TCS,EQ,863.85,863.85,879.45,843.0,859.05,858.45,859.85
2008-06-24,TCS,EQ,858.45,850.0,867.7,823.4,848.0,844.4,842.73
2008-06-25,TCS,EQ,844.4,840.0,885.0,831.3,880.0,876.8,864.16
2008-06-26,TCS,EQ,876.8,884.0,898.0,860.4,894.9,881.35,872.97
2008-06-27,TCS,EQ,881.35,881.35,881.35,851.15,859.5,865.5,863.47
2008-06-30,TCS,EQ,865.5,871.0,878.0,850.0,861.5,858.2,865.19
2008-07-01,TCS,EQ,858.2,865.0,872.0,835.05,836.7,847.7,853.43
2008-07-02,TCS,EQ,847.7,850.0,888.0,840.0,878.0,876.5,858.79
2008-07-03,TCS,EQ,876.5,881.0,881.0,820.55,856.0,856.65,843.12
2008-07-04,TCS,EQ,856.65,869.9,870.05,835.5,840.0,844.5,850.44
2008-07-07,TCS,EQ,844.5,845.0,864.0,832.0,850.0,852.25,856.35
2008-07-08,TCS,EQ,852.25,830.15,845.0,818.0,840.0,830.2,826.78
2008-07-09,TCS,EQ,830.2,850.0,889.95,850.0,878.2,876.75,863.86
2008-07-10,TCS,EQ,876.75,870.0,889.0,852.35,871.15,868.4,863.91
2008-07-11,TCS,EQ,868.4,917.0,943.0,785.4,800.8,798.6,820.0
2008-07-14,TCS,EQ,798.6,800.0,800.0,761.0,768.5,767.85,777.14
2008-07-15,TCS,EQ,767.85,767.85,786.45,737.15,741.9,750.65,763.87
2008-07-16,TCS,EQ,750.65,754.65,773.65,715.9,728.0,728.1,737.21
2008-07-17,TCS,EQ,728.1,735.0,786.9,730.05,782.0,783.25,770.95
2008-07-18,TCS,EQ,783.25,780.0,802.0,749.0,793.5,793.85,771.65
2008-07-21,TCS,EQ,793.85,799.0,815.0,783.0,814.05,812.8,803.64
2008-07-22,TCS,EQ,812.8,816.0,843.95,806.05,835.0,831.85,828.29
2008-07-23,TCS,EQ,831.85,830.0,870.0,818.9,864.8,860.55,841.51
2008-07-24,TCS,EQ,860.55,874.5,874.5,792.35,805.4,802.55,804.91
2008-07-25,TCS,EQ,802.55,799.2,849.5,782.0,804.0,799.2,800.09
2008-07-28,TCS,EQ,799.2,800.0,816.95,785.0,808.0,806.25,808.09
2008-07-29,TCS,EQ,806.25,806.7,813.8,792.0,805.1,808.95,802.69
2008-07-30,TCS,EQ,808.95,846.0,846.0,800.0,842.0,838.95,821.64
2008-07-31,TCS,EQ,838.95,840.0,842.0,821.5,829.9,833.75,830.07
2008-08-01,TCS,EQ,833.75,825.0,856.95,811.25,835.0,840.65,838.47
2008-08-04,TCS,EQ,840.65,815.0,840.0,811.0,815.05,815.35,819.27
2008-08-05,TCS,EQ,815.35,815.4,835.0,805.25,833.6,829.7,821.11
2008-08-06,TCS,EQ,829.7,839.9,869.95,836.4,855.0,860.55,854.34
2008-08-07,TCS,EQ,860.55,859.0,869.9,845.0,845.0,853.35,860.1
2008-08-08,TCS,EQ,853.35,844.95,857.0,833.4,843.0,845.1,843.39
2008-08-11,TCS,EQ,845.1,852.0,857.8,824.5,830.35,833.95,834.2
2008-08-12,TCS,EQ,833.95,835.0,843.7,815.0,818.3,819.25,826.7
2008-08-13,TCS,EQ,819.25,800.0,837.7,800.0,833.0,828.3,821.59
2008-08-14,TCS,EQ,828.3,829.0,844.65,811.0,830.0,833.2,833.89
2008-08-18,TCS,EQ,833.2,840.0,852.4,835.0,838.15,841.55,845.01
2008-08-19,TCS,EQ,841.55,844.5,851.0,835.1,841.0,841.25,843.65
2008-08-20,TCS,EQ,841.25,842.7,849.0,835.0,842.5,841.6,841.03
2008-08-21,TCS,EQ,841.6,836.0,842.0,815.2,818.0,817.85,821.48
2008-08-22,TCS,EQ,817.85,819.0,824.75,803.5,817.0,819.0,813.68
2008-08-25,TCS,EQ,819.0,824.0,835.0,816.0,816.0,818.2,822.51
2008-08-26,TCS,EQ,818.2,809.95,836.95,809.95,834.1,834.05,830.38
2008-08-27,TCS,EQ,834.05,820.1,836.0,813.1,819.05,818.45,824.21
2008-08-28,TCS,EQ,818.45,820.0,824.25,782.65,791.0,792.35,801.93
2008-08-29,TCS,EQ,792.35,800.0,819.95,800.0,811.5,812.2,810.95
2008-09-01,TCS,EQ,812.2,815.0,820.0,807.0,814.0,814.95,812.7
2008-09-02,TCS,EQ,814.95,814.95,853.0,814.95,850.5,848.8,834.15
2008-09-04,TCS,EQ,848.8,845.0,854.8,832.35,845.5,844.2,844.51
2008-09-05,TCS,EQ,844.2,850.0,850.0,825.0,838.5,838.4,839.7
2008-09-08,TCS,EQ,838.4,860.0,874.4,842.0,856.35,856.7,855.02
2008-09-09,TCS,EQ,856.7,855.0,871.7,840.0,864.5,864.8,858.83
2008-09-10,TCS,EQ,864.8,861.15,870.2,848.1,849.0,850.9,859.91
2008-09-11,TCS,EQ,850.9,850.9,868.0,829.0,837.0,836.7,839.26
2008-09-12,TCS,EQ,836.7,865.0,865.0,800.95,806.0,810.55,818.71
2008-09-15,TCS,EQ,810.55,780.0,799.0,745.0,760.6,762.8,757.31
2008-09-16,TCS,EQ,762.8,749.5,751.0,725.0,746.85,748.85,742.6
2008-09-17,TCS,EQ,748.85,748.0,764.65,728.0,728.05,730.1,740.79
2008-09-18,TCS,EQ,730.1,728.0,749.0,671.0,728.5,721.15,716.73
2008-09-19,TCS,EQ,721.15,779.7,779.7,730.1,774.7,766.85,760.51
2008-09-22,TCS,EQ,766.85,868.0,868.0,753.0,766.0,766.8,764.16
2008-09-23,TCS,EQ,766.8,715.35,767.7,715.35,720.0,721.0,738.22
2008-09-24,TCS,EQ,721.0,724.55,748.0,690.3,722.75,713.05,712.43
2008-09-25,TCS,EQ,713.05,713.1,719.85,671.05,690.0,688.4,693.15
2008-09-26,TCS,EQ,688.4,700.0,700.0,666.2,670.0,676.2,673.93
2008-09-29,TCS,EQ,676.2,678.8,678.8,612.0,617.0,620.0,638.96
2008-09-30,TCS,EQ,620.0,592.0,676.7,590.0,657.0,665.6,650.71
2008-10-01,TCS,EQ,665.6,669.6,684.9,645.35,671.0,671.75,668.1
2008-10-03,TCS,EQ,671.75,664.95,664.95,642.35,661.9,657.5,653.51
2008-10-06,TCS,EQ,657.5,651.25,651.25,600.0,635.0,619.0,613.98
2008-10-07,TCS,EQ,619.0,631.15,665.0,566.0,577.0,575.9,596.57
2008-10-08,TCS,EQ,575.9,555.0,562.95,508.0,553.0,546.6,532.18
2008-10-10,TCS,EQ,546.6,540.0,550.0,480.4,523.15,524.8,519.63
2008-10-13,TCS,EQ,524.8,527.95,602.9,524.8,586.2,572.85,567.59
2008-10-14,TCS,EQ,572.85,599.0,619.4,581.35,587.35,592.7,604.15
2008-10-15,TCS,EQ,592.7,585.0,588.65,535.3,539.0,543.1,565.23
2008-10-16,TCS,EQ,543.1,525.0,528.7,467.9,493.0,495.0,494.57
2008-10-17,TCS,EQ,495.0,500.0,529.0,445.0,445.8,453.85,489.66
2008-10-20,TCS,EQ,453.85,496.65,505.0,455.25,500.0,491.35,482.28
2008-10-21,TCS,EQ,491.35,538.4,567.9,493.35,560.0,559.1,531.22
2008-10-22,TCS,EQ,559.1,555.0,555.0,511.1,544.8,546.65,535.75
2008-10-23,TCS,EQ,546.65,524.65,588.0,501.25,532.0,547.3,550.81
2008-10-24,TCS,EQ,547.3,503.7,536.4,440.0,495.0,498.85,515.83
2008-10-27,TCS,EQ,498.85,481.0,518.0,415.35,501.8,496.75,458.25
2008-10-28,TCS,EQ,496.75,511.1,549.9,510.0,547.0,540.25,535.74
2008-10-29,TCS,EQ,540.25,562.0,575.0,530.25,542.7,540.8,551.12
2008-10-31,TCS,EQ,540.8,569.0,595.0,529.75,537.0,537.5,566.7
2008-11-03,TCS,EQ,537.5,559.95,583.0,527.05,555.05,547.4,547.26
2008-11-04,TCS,EQ,547.4,596.6,596.6,490.0,503.5,508.5,513.6
2008-11-05,TCS,EQ,508.5,515.0,548.9,500.0,504.95,506.4,527.64
2008-11-06,TCS,EQ,506.4,528.5,528.5,482.1,499.85,500.2,505.05
2008-11-07,TCS,EQ,500.2,500.0,535.0,485.75,529.9,525.15,514.81
2008-11-10,TCS,EQ,525.15,549.9,552.5,515.05,549.0,546.45,531.82
2008-11-11,TCS,EQ,546.45,542.0,547.75,520.0,522.3,528.85,533.97
2008-11-12,TCS,EQ,528.85,528.85,554.45,515.05,530.0,534.9,538.69
2008-11-14,TCS,EQ,534.9,545.0,548.5,523.5,535.0,530.85,532.24
2008-11-17,TCS,EQ,530.85,529.0,537.0,505.5,517.0,519.0,519.21
2008-11-18,TCS,EQ,519.0,520.0,520.0,480.0,480.25,483.15,495.32
2008-11-19,TCS,EQ,483.15,490.0,496.0,471.7,481.3,482.65,482.37
2008-11-20,TCS,EQ,482.65,480.0,480.0,460.0,473.0,469.25,465.14
2008-11-21,TCS,EQ,469.25,469.7,517.0,460.0,504.0,506.45,499.0
2008-11-24,TCS,EQ,506.45,504.0,531.65,490.25,517.35,519.9,519.49
2008-11-25,TCS,EQ,519.9,519.1,539.95,500.05,503.0,504.0,516.32
2008-11-26,TCS,EQ,504.0,503.25,530.0,497.15,524.5,527.45,512.37
2008-11-28,TCS,EQ,527.45,518.0,568.0,518.0,562.0,559.4,551.4
2008-12-01,TCS,EQ,559.4,559.4,593.75,556.35,567.15,564.15,577.08
2008-12-02,TCS,EQ,564.15,570.0,570.0,523.05,536.0,532.85,537.52
2008-12-03,TCS,EQ,532.85,536.35,551.7,521.6,528.0,534.8,533.86
2008-12-04,TCS,EQ,534.8,535.0,553.7,503.35,550.0,549.4,545.77
2008-12-05,TCS,EQ,549.4,538.4,545.3,518.25,520.0,521.8,527.74
2008-12-08,TCS,EQ,521.8,535.0,546.25,512.4,525.2,522.25,534.55
2008-12-10,TCS,EQ,522.25,549.8,556.8,529.5,537.0,541.05,541.78
2008-12-11,TCS,EQ,541.05,549.7,549.7,502.0,507.9,507.65,516.13
2008-12-12,TCS,EQ,507.65,509.95,509.95,475.25,483.0,481.3,483.32
2008-12-15,TCS,EQ,481.3,502.0,502.0,467.25,469.3,469.65,484.04
2008-12-16,TCS,EQ,469.65,470.0,484.9,465.0,482.7,479.35,479.06
2008-12-17,TCS,EQ,479.35,485.35,492.0,472.0,475.0,477.3,483.5
2008-12-18,TCS,EQ,477.3,474.9,514.1,472.0,508.0,510.5,497.95
2008-12-19,TCS,EQ,510.5,503.0,534.0,494.1,513.0,513.55,506.33
2008-12-22,TCS,EQ,513.55,519.5,519.5,503.4,512.0,510.55,511.13
2008-12-23,TCS,EQ,510.55,495.2,511.6,492.25,500.0,500.6,501.9
2008-12-24,TCS,EQ,500.6,496.7,504.75,472.25,480.35,478.15,485.45
2008-12-26,TCS,EQ,478.15,465.2,495.0,465.2,475.0,471.65,474.7
2008-12-29,TCS,EQ,471.65,476.0,479.5,460.0,476.0,476.8,470.08
2008-12-30,TCS,EQ,476.8,485.0,493.5,470.0,479.0,482.55,477.17
2008-12-31,TCS,EQ,482.55,492.3,492.3,472.25,476.85,477.9,478.85
2009-01-01,TCS,EQ,477.9,480.0,498.85,477.15,496.9,496.85,487.68
2009-01-02,TCS,EQ,496.85,497.05,508.7,494.15,498.0,498.3,501.19
2009-01-05,TCS,EQ,498.3,502.0,523.0,498.0,520.0,515.25,509.16
2009-01-06,TCS,EQ,515.25,515.0,522.0,498.25,501.8,506.4,508.23
2009-01-07,TCS,EQ,506.4,519.0,519.8,464.6,505.0,504.8,496.75
2009-01-09,TCS,EQ,504.8,499.9,549.8,485.0,537.0,536.95,533.16
2009-01-12,TCS,EQ,536.95,511.65,530.0,505.1,507.1,512.55,513.36
2009-01-13,TCS,EQ,512.55,499.6,537.0,488.2,528.0,525.65,522.37
2009-01-14,TCS,EQ,525.65,528.0,557.6,528.0,533.0,538.95,545.57
2009-01-15,TCS,EQ,538.95,520.0,523.0,498.35,510.0,510.45,510.48
2009-01-16,TCS,EQ,510.45,508.7,519.0,486.5,502.75,503.0,503.54
2009-01-19,TCS,EQ,503.0,517.9,517.9,487.3,499.9,500.75,495.55
2009-01-20,TCS,EQ,500.75,494.7,507.9,490.0,495.5,496.45,500.48
2009-01-21,TCS,EQ,496.45,491.0,501.0,485.0,488.1,492.3,494.93
2009-01-22,TCS,EQ,492.3,495.0,504.05,483.15,495.9,496.6,495.31
2009-01-23,TCS,EQ,496.6,490.1,498.9,483.3,487.0,486.15,488.03
2009-01-27,TCS,EQ,486.15,491.0,515.0,491.0,498.25,499.1,503.87
2009-01-28,TCS,EQ,499.1,475.2,510.0,475.2,506.85,507.45,504.65
2009-01-29,TCS,EQ,507.45,512.05,518.0,496.1,514.0,509.4,507.16
2009-01-30,TCS,EQ,509.4,505.0,515.0,498.3,510.0,511.6,506.2
2009-02-02,TCS,EQ,511.6,508.8,508.8,487.15,493.0,491.3,494.38
2009-02-03,TCS,EQ,491.3,493.0,509.8,493.0,499.4,499.85,501.46
2009-02-04,TCS,EQ,499.85,503.0,512.9,493.0,498.3,498.65,505.3
2009-02-05,TCS,EQ,498.65,500.0,502.6,478.25,481.6,482.9,485.77
2009-02-06,TCS,EQ,482.9,490.0,507.9,487.0,504.05,502.8,501.48
2009-02-09,TCS,EQ,502.8,500.0,523.65,496.65,520.6,515.0,506.32
2009-02-10,TCS,EQ,515.0,517.0,528.0,511.0,526.5,524.6,518.92
2009-02-11,TCS,EQ,524.6,518.0,523.0,512.0,515.0,514.75,515.3
2009-02-12,TCS,EQ,514.75,512.0,515.7,504.1,511.7,509.9,509.45
2009-02-13,TCS,EQ,509.9,510.0,520.0,507.0,512.5,511.2,512.22
2009-02-16,TCS,EQ,511.2,507.6,514.95,498.0,499.0,500.75,504.67
2009-02-17,TCS,EQ,500.75,496.0,499.8,480.0,486.5,485.25,486.03
2009-02-18,TCS,EQ,485.25,481.35,490.9,477.0,480.75,480.75,484.48
2009-02-19,TCS,EQ,480.75,482.0,492.8,479.0,489.9,489.5,485.52
2009-02-20,TCS,EQ,489.5,486.5,487.5,464.3,476.3,474.05,473.54
2009-02-24,TCS,EQ,474.05,470.0,475.7,460.5,467.2,468.9,468.62
2009-02-25,TCS,EQ,468.9,470.0,484.8,470.0,483.0,480.75,476.96
2009-02-26,TCS,EQ,480.75,481.0,490.6,477.0,486.0,482.2,483.46
2009-02-27,TCS,EQ,482.2,482.0,489.0,455.25,484.05,483.1,468.43
2009-03-02,TCS,EQ,483.1,474.1,482.0,454.8,455.7,459.85,464.64
2009-03-03,TCS,EQ,459.85,452.0,466.0,439.35,446.0,446.2,452.68
2009-03-04,TCS,EQ,446.2,448.0,464.45,446.2,462.4,460.55,456.31
2009-03-05,TCS,EQ,460.55,464.95,470.9,458.0,463.0,463.2,465.0
2009-03-06,TCS,EQ,463.2,460.0,484.85,457.65,480.0,481.7,473.5
2009-03-09,TCS,EQ,481.7,471.1,480.0,459.0,461.1,463.0,464.47
2009-03-12,TCS,EQ,463.0,461.65,485.0,461.65,471.55,477.4,474.33
2009-03-13,TCS,EQ,477.4,473.35,510.0,473.35,507.25,506.85,495.59
2009-03-16,TCS,EQ,506.85,510.0,522.8,502.4,517.0,519.8,511.41
2009-03-17,TCS,EQ,519.8,515.0,518.0,493.05,495.0,497.55,502.0
2009-03-18,TCS,EQ,497.55,500.0,514.5,500.0,502.0,505.15,509.62
2009-03-19,TCS,EQ,505.15,505.5,518.0,501.6,516.0,514.95,513.76
2009-03-20,TCS,EQ,514.95,528.9,528.9,505.5,510.3,509.8,510.78
2009-03-23,TCS,EQ,509.8,524.5,529.6,511.0,519.8,519.65,521.82
2009-03-24,TCS,EQ,519.65,522.2,532.5,512.2,515.85,521.65,526.11
2009-03-25,TCS,EQ,521.65,503.65,529.9,503.65,526.1,526.0,524.95
2009-03-26,TCS,EQ,526.0,512.65,577.95,512.65,550.0,558.45,553.04
2009-03-27,TCS,EQ,558.45,536.65,585.0,536.65,574.45,574.85,559.33
2009-03-30,TCS,EQ,574.85,533.75,570.0,518.0,525.05,523.25,533.48
2009-03-31,TCS,EQ,523.25,525.0,543.9,525.0,535.0,538.55,535.46
2009-04-01,TCS,EQ,538.55,536.0,553.8,520.5,544.0,544.5,539.37
2009-04-02,TCS,EQ,544.5,545.65,587.0,545.65,573.0,578.75,576.81
2009-04-06,TCS,EQ,578.75,584.8,594.0,575.7,583.0,579.55,582.96
2009-04-08,TCS,EQ,579.55,585.1,613.7,561.0,600.1,604.15,582.93
2009-04-09,TCS,EQ,604.15,612.0,619.9,594.25,606.0,602.55,605.85
2009-04-13,TCS,EQ,602.55,604.5,609.0,575.2,592.0,592.25,590.71
2009-04-15,TCS,EQ,592.25,551.55,581.8,550.05,580.0,577.7,570.49
2009-04-16,TCS,EQ,577.7,580.0,589.0,567.2,571.0,572.05,576.46
2009-04-17,TCS,EQ,572.05,576.8,599.5,565.1,571.95,573.1,583.69
2009-04-20,TCS,EQ,573.1,552.75,581.8,552.75,559.85,561.4,566.66
2009-04-21,TCS,EQ,561.4,579.6,588.5,545.0,545.9,550.75,559.55
2009-04-22,TCS,EQ,550.75,560.0,564.6,537.15,545.6,542.95,547.88
2009-04-23,TCS,EQ,542.95,549.5,572.85,545.2,570.2,568.1,559.92
2009-04-24,TCS,EQ,568.1,559.95,587.0,559.95,584.75,583.9,575.89
2009-04-27,TCS,EQ,583.9,583.85,608.8,572.5,603.1,601.9,593.8
2009-04-28,TCS,EQ,601.9,599.1,607.85,576.35,599.5,598.5,598.51
2009-04-29,TCS,EQ,598.5,602.0,629.0,602.0,622.1,623.6,616.46
2009-05-04,TCS,EQ,623.6,631.0,699.6,630.15,658.0,666.4,672.8
2009-05-05,TCS,EQ,666.4,669.0,674.95,636.1,649.05,651.0,650.1
2009-05-06,TCS,EQ,651.0,638.25,649.7,615.0,633.15,635.35,618.92
2009-05-07,TCS,EQ,635.35,636.0,645.0,619.3,628.05,631.7,631.27
2009-05-08,TCS,EQ,631.7,628.0,642.0,618.5,630.2,630.95,630.08
2009-05-11,TCS,EQ,630.95,638.5,639.65,609.0,611.0,615.25,623.1
2009-05-12,TCS,EQ,615.25,610.0,645.8,610.0,641.9,641.1,626.31
2009-05-13,TCS,EQ,641.1,642.0,644.9,615.0,625.0,621.7,628.68
2009-05-14,TCS,EQ,621.7,618.0,627.0,605.3,620.05,619.8,619.42
2009-05-15,TCS,EQ,619.8,624.0,654.85,624.0,649.0,644.05,643.95
2009-05-18,TCS,EQ,644.05,766.6,791.6,695.0,740.0,743.85,746.93
2009-05-19,TCS,EQ,743.85,750.0,750.0,655.6,667.0,669.75,682.53
2009-05-20,TCS,EQ,669.75,670.0,701.95,663.0,680.8,676.65,683.01
2009-05-21,TCS,EQ,676.65,670.0,685.0,644.0,649.0,647.45,665.78
2009-05-22,TCS,EQ,647.45,630.0,645.0,630.0,633.9,634.05,635.74
2009-05-25,TCS,EQ,634.05,636.0,644.0,622.65,632.1,631.35,632.7
2009-05-26,TCS,EQ,631.35,634.95,639.65,620.5,621.15,624.45,630.31
2009-05-27,TCS,EQ,624.45,630.8,652.0,630.8,645.0,648.55,641.4
2009-05-28,TCS,EQ,648.55,623.4,673.9,623.4,654.3,663.2,660.9
2009-05-29,TCS,EQ,663.2,668.75,710.0,652.65,697.35,704.6,693.62
2009-06-01,TCS,EQ,704.6,673.35,709.85,673.35,702.45,697.65,697.96
2009-06-02,TCS,EQ,697.65,700.0,710.0,690.0,692.35,694.75,699.96
2009-06-03,TCS,EQ,694.75,690.0,704.75,683.1,698.5,696.85,692.95
2009-06-04,TCS,EQ,696.85,687.0,709.0,686.35,708.05,707.2,702.54
2009-06-05,TCS,EQ,707.2,709.0,728.7,696.35,717.0,721.35,712.48
2009-06-08,TCS,EQ,721.35,724.7,749.75,720.0,736.0,742.1,732.95
2009-06-09,TCS,EQ,742.1,731.1,795.0,731.1,780.0,782.15,771.33
2009-06-10,TCS,EQ,782.15,785.0,805.0,767.25,785.0,781.8,787.83
2009-06-11,TCS,EQ,781.8,788.0,792.45,770.0,775.5,775.1,778.14
2009-06-12,TCS,EQ,775.1,785.0,794.8,761.2,767.65,764.55,776.69
2009-06-15,TCS,EQ,764.55,764.7,785.0,755.0,778.0,778.0,774.1
2009-06-16,TCS,EQ,778.0,383.3,393.5,371.2,391.95,389.15,385.83
2009-06-17,TCS,EQ,389.15,392.0,395.0,375.0,379.15,378.75,381.28
2009-06-18,TCS,EQ,378.75,378.0,393.0,372.05,377.0,376.4,381.23
2009-06-19,TCS,EQ,376.4,377.0,392.0,375.0,375.95,379.8,383.86
2009-06-22,TCS,EQ,379.8,384.4,387.8,368.0,369.0,369.65,377.74
2009-06-23,TCS,EQ,369.65,360.0,377.75,358.0,365.7,366.65,368.4
2009-06-24,TCS,EQ,366.65,372.95,388.5,360.2,382.0,381.75,374.69
2009-06-25,TCS,EQ,381.75,382.0,392.0,370.3,381.0,380.5,383.69
2009-06-26,TCS,EQ,380.5,382.5,404.4,376.55,395.8,397.4,388.67
2009-06-29,TCS,EQ,397.4,399.85,402.0,383.35,385.0,386.2,390.74
2009-06-30,TCS,EQ,386.2,387.5,398.0,383.15,390.5,389.85,391.77
2009-07-01,TCS,EQ,389.85,387.1,395.0,382.45,393.45,392.95,389.79
2009-07-02,TCS,EQ,392.95,390.0,395.3,381.2,389.0,390.0,386.84
2009-07-03,TCS,EQ,390.0,385.0,392.4,385.0,390.95,390.95,389.15
2009-07-06,TCS,EQ,390.95,397.0,398.45,378.35,382.15,380.7,385.33
2009-07-07,TCS,EQ,380.7,384.0,393.25,380.0,387.55,389.15,386.64
2009-07-08,TCS,EQ,389.15,388.7,388.9,368.25,380.0,381.15,378.12
2009-07-09,TCS,EQ,381.15,382.1,391.1,371.0,388.0,388.15,384.93
2009-07-10,TCS,EQ,388.15,391.0,401.45,390.0,395.0,395.15,397.12
2009-07-13,TCS,EQ,395.15,390.0,401.0,388.25,398.15,397.5,396.02
2009-07-14,TCS,EQ,397.5,405.0,411.1,400.4,408.75,406.95,406.28
2009-07-15,TCS,EQ,406.95,410.9,427.3,410.0,423.3,423.15,416.27
2009-07-16,TCS,EQ,423.15,428.0,434.8,413.2,423.0,419.8,419.09
2009-07-17,TCS,EQ,419.8,421.4,445.75,421.0,433.3,434.1,435.5
2009-07-20,TCS,EQ,434.1,445.0,514.9,445.0,500.6,500.55,495.38
2009-07-21,TCS,EQ,500.55,503.0,513.15,474.05,474.95,477.6,484.43
2009-07-22,TCS,EQ,477.6,483.7,485.0,452.3,465.75,466.3,470.69
2009-07-23,TCS,EQ,466.3,471.0,482.9,470.0,475.85,475.65,476.59
2009-07-24,TCS,EQ,475.65,490.0,490.0,476.0,484.55,482.0,480.63
2009-07-27,TCS,EQ,482.0,482.0,488.95,477.1,479.0,480.3,483.16
2009-07-28,TCS,EQ,480.3,484.35,484.95,471.3,481.5,480.65,478.27
2009-07-29,TCS,EQ,480.65,480.0,504.7,475.0,499.5,499.8,491.27
2009-07-30,TCS,EQ,499.8,505.25,545.0,490.25,533.8,533.1,522.95
2009-07-31,TCS,EQ,533.1,539.0,540.0,521.4,524.7,525.95,532.24
2009-08-03,TCS,EQ,525.95,530.0,534.85,521.1,534.1,531.65,528.7
2009-08-04,TCS,EQ,531.65,520.5,541.2,520.5,530.5,530.15,532.5
2009-08-05,TCS,EQ,530.15,529.5,536.95,507.55,530.0,529.0,529.74
2009-08-06,TCS,EQ,529.0,529.0,534.4,514.2,517.0,517.4,526.81
2009-08-07,TCS,EQ,517.4,516.6,521.95,506.1,508.55,509.1,513.2
2009-08-10,TCS,EQ,509.1,515.15,551.75,514.0,536.0,539.05,537.33
2009-08-11,TCS,EQ,539.05,537.5,558.0,534.1,543.15,541.9,547.17
2009-08-12,TCS,EQ,541.9,535.0,536.0,511.0,519.5,519.65,521.06
2009-08-13,TCS,EQ,519.65,534.4,534.4,519.6,527.0,526.75,526.53
2009-08-14,TCS,EQ,526.75,530.0,530.0,518.0,522.05,521.5,522.07
2009-08-17,TCS,EQ,521.5,516.8,517.5,505.25,511.5,510.15,509.99
2009-08-18,TCS,EQ,510.15,505.0,514.85,499.5,509.7,508.85,506.79
2009-08-19,TCS,EQ,508.85,512.8,514.7,494.0,497.25,498.05,500.88
2009-08-20,TCS,EQ,498.05,504.9,508.4,498.1,500.0,501.0,502.33
2009-08-21,TCS,EQ,501.0,502.0,512.5,495.0,512.0,509.25,505.6
2009-08-24,TCS,EQ,509.25,515.95,525.85,513.55,521.0,521.55,519.89
2009-08-25,TCS,EQ,521.55,518.0,531.0,514.1,526.4,528.3,524.26
2009-08-26,TCS,EQ,528.3,526.7,555.0,526.55,549.5,548.5,547.85
2009-08-27,TCS,EQ,548.5,550.0,566.0,541.0,549.7,547.75,549.59
2009-08-28,TCS,EQ,547.75,545.75,550.0,531.1,540.4,540.8,538.2
2009-08-31,TCS,EQ,540.8,531.0,533.8,521.3,530.75,527.05,526.24
2009-09-01,TCS,EQ,527.05,535.0,536.35,519.1,526.6,526.9,526.47
2009-09-02,TCS,EQ,526.9,521.0,542.9,521.0,536.6,534.6,536.14
2009-09-03,TCS,EQ,534.6,539.9,544.4,530.45,533.0,533.65,537.48
2009-09-04,TCS,EQ,533.65,540.0,544.0,527.2,531.9,531.9,531.85
2009-09-07,TCS,EQ,531.9,535.8,553.55,533.6,551.5,550.95,546.06
2009-09-08,TCS,EQ,550.95,551.9,570.5,549.65,552.0,554.65,560.54
2009-09-09,TCS,EQ,554.65,556.0,564.8,543.15,560.45,560.45,553.13
2009-09-10,TCS,EQ,560.45,564.0,569.0,552.05,555.0,556.55,560.84
2009-09-11,TCS,EQ,556.55,561.0,569.0,555.5,559.7,560.35,561.11
2009-09-14,TCS,EQ,560.35,533.65,563.9,533.65,562.0,559.1,556.39
2009-09-15,TCS,EQ,559.1,564.0,575.7,562.0,571.5,571.9,570.13
2009-09-16,TCS,EQ,571.9,579.0,579.95,565.2,570.35,570.5,570.51
2009-09-17,TCS,EQ,570.5,575.0,588.0,573.0,581.0,582.95,581.45
2009-09-18,TCS,EQ,582.95,585.0,590.0,579.0,585.0,584.0,584.48
2009-09-22,TCS,EQ,584.0,589.95,606.0,582.25,600.6,602.65,596.53
2009-09-23,TCS,EQ,602.65,608.0,611.65,587.25,588.35,590.9,597.58
2009-09-24,TCS,EQ,590.9,588.0,609.3,582.0,597.3,602.55,596.05
2009-09-25,TCS,EQ,602.55,555.0,598.0,555.0,586.4,587.4,589.23
2009-09-29,TCS,EQ,587.4,594.95,614.45,591.0,610.05,610.4,608.11
2009-09-30,TCS,EQ,610.4,614.95,622.8,612.2,619.8,621.0,617.92
2009-10-01,TCS,EQ,621.0,618.0,649.9,615.05,627.15,629.85,633.03
2009-10-05,TCS,EQ,629.85,618.7,639.0,611.0,617.45,615.3,622.36
2009-10-06,TCS,EQ,615.3,624.95,628.4,605.0,609.1,614.2,617.27
2009-10-07,TCS,EQ,614.2,618.9,618.9,588.65,592.0,591.7,594.87
2009-10-08,TCS,EQ,591.7,595.0,598.75,568.5,571.05,571.4,575.75
2009-10-09,TCS,EQ,571.4,575.05,590.4,556.65,562.5,561.75,570.86
2009-10-12,TCS,EQ,561.75,567.0,584.25,563.55,581.0,579.85,577.11
2009-10-14,TCS,EQ,579.85,584.95,598.0,580.7,595.0,592.95,591.55
2009-10-15,TCS,EQ,592.95,594.0,597.9,575.0,582.7,581.8,580.39
2009-10-16,TCS,EQ,581.8,566.0,604.4,566.0,601.6,598.3,594.07
2009-10-17,TCS,EQ,598.3,648.7,648.7,605.0,607.5,608.8,609.13
2009-10-20,TCS,EQ,608.8,614.0,625.8,612.05,621.0,621.05,619.9
2009-10-21,TCS,EQ,621.05,620.0,639.4,618.0,634.0,632.8,633.76
2009-10-22,TCS,EQ,632.8,632.0,643.95,615.35,627.3,625.85,631.66
2009-10-23,TCS,EQ,625.85,630.1,645.9,629.6,640.05,639.8,637.97
2009-10-26,TCS,EQ,639.8,643.0,657.65,635.0,644.0,644.55,648.68
2009-10-27,TCS,EQ,644.55,657.9,657.9,634.55,642.3,642.75,645.79
2009-10-28,TCS,EQ,642.75,642.4,648.9,635.0,644.05,642.85,642.15
2009-10-29,TCS,EQ,642.85,636.0,645.5,631.2,633.25,634.05,636.34
2009-10-30,TCS,EQ,634.05,642.0,648.75,620.0,631.2,628.3,633.07
2009-11-03,TCS,EQ,628.3,636.0,636.0,601.0,604.0,606.05,615.68
2009-11-04,TCS,EQ,606.05,611.1,628.0,610.0,625.5,625.7,624.3
2009-11-05,TCS,EQ,625.7,630.0,630.0,605.6,624.0,624.5,616.61
2009-11-06,TCS,EQ,624.5,620.0,634.95,613.65,625.0,622.15,624.03
2009-11-09,TCS,EQ,622.15,625.0,628.0,615.0,622.05,622.75,619.46
2009-11-10,TCS,EQ,622.75,626.0,629.0,620.0,624.0,626.65,624.79
2009-11-11,TCS,EQ,626.65,627.05,647.0,618.5,645.0,645.25,639.29
2009-11-12,TCS,EQ,645.25,645.0,661.5,643.55,655.0,655.35,655.25
2009-11-13,TCS,EQ,655.35,654.95,674.9,647.55,669.75,670.15,666.88
2009-11-16,TCS,EQ,670.15,670.0,677.0,660.0,665.95,665.75,665.18
2009-11-17,TCS,EQ,665.75,668.0,692.9,659.3,689.0,690.45,682.52
2009-11-18,TCS,EQ,690.45,691.0,705.7,683.5,685.6,686.9,695.2
2009-11-19,TCS,EQ,686.9,689.9,692.4,669.5,679.7,679.9,681.66
2009-11-20,TCS,EQ,679.9,678.0,696.0,670.1,695.05,693.15,682.1
2009-11-23,TCS,EQ,693.15,695.0,700.0,686.0,694.3,694.1,693.14
2009-11-24,TCS,EQ,694.1,704.0,704.0,682.0,698.0,699.05,693.94
2009-11-25,TCS,EQ,699.05,699.05,711.65,692.0,702.75,702.8,703.61
2009-11-26,TCS,EQ,702.8,704.95,707.35,685.0,685.25,687.9,697.51
2009-11-27,TCS,EQ,687.9,676.55,686.4,655.0,669.0,670.45,668.52
2009-11-30,TCS,EQ,670.45,674.0,692.95,674.0,689.0,688.4,684.78
2009-12-01,TCS,EQ,688.4,703.4,703.4,680.25,687.0,685.75,686.52
2009-12-02,TCS,EQ,685.75,694.95,694.95,677.05,685.5,684.3,682.44
2009-12-03,TCS,EQ,684.3,687.75,695.9,679.25,690.9,690.05,689.61
2009-12-04,TCS,EQ,690.05,681.0,701.0,681.0,696.15,695.2,695.17
2009-12-07,TCS,EQ,695.2,698.0,705.9,695.0,695.5,699.4,700.17
2009-12-08,TCS,EQ,699.4,699.85,700.85,690.25,698.0,698.3,696.12
2009-12-09,TCS,EQ,698.3,698.0,710.9,693.2,706.15,706.7,706.12
2009-12-10,TCS,EQ,706.7,705.0,710.0,701.95,705.0,705.65,705.32
2009-12-11,TCS,EQ,705.65,707.15,714.4,700.0,703.65,706.1,707.21
2009-12-14,TCS,EQ,706.1,701.0,711.95,700.85,704.05,705.1,707.4
2009-12-15,TCS,EQ,705.1,708.0,712.0,697.2,698.9,700.95,706.03
2009-12-16,TCS,EQ,700.95,701.7,717.75,695.0,714.0,713.15,708.3
2009-12-17,TCS,EQ,713.15,718.0,728.0,715.0,724.9,722.75,723.57
2009-12-18,TCS,EQ,722.75,722.75,731.5,719.55,729.9,727.5,727.32
2009-12-21,TCS,EQ,727.5,730.1,749.0,726.5,735.85,734.05,739.24
2009-12-22,TCS,EQ,734.05,740.0,742.5,719.2,725.55,724.05,727.2
2009-12-23,TCS,EQ,724.05,728.45,749.5,725.55,749.45,746.55,739.46
2009-12-24,TCS,EQ,746.55,750.0,757.0,741.05,746.8,749.3,750.84
2009-12-29,TCS,EQ,749.3,750.0,751.8,736.65,742.5,741.4,741.73
2009-12-30,TCS,EQ,741.4,742.0,748.75,715.25,740.2,742.75,744.93
2009-12-31,TCS,EQ,742.75,746.25,755.0,743.8,748.8,750.25,750.05
2010-01-04,TCS,EQ,750.25,754.8,758.9,749.05,752.25,751.65,753.34
2010-01-05,TCS,EQ,751.65,755.0,759.55,746.55,748.7,751.85,751.53
2010-01-06,TCS,EQ,751.85,751.85,752.2,733.0,737.0,734.85,738.35
2010-01-07,TCS,EQ,734.85,735.5,739.4,711.0,711.85,714.4,717.63
2010-01-08,TCS,EQ,714.4,716.0,718.5,696.5,696.5,699.8,704.68
2010-01-11,TCS,EQ,699.8,704.0,720.1,700.4,718.0,714.2,709.62
2010-01-12,TCS,EQ,714.2,732.0,754.0,727.0,748.0,750.05,744.12
2010-01-13,TCS,EQ,750.05,745.0,796.4,744.65,788.8,788.55,774.83
2010-01-14,TCS,EQ,788.55,798.45,798.45,769.35,780.5,779.85,780.54
2010-01-15,TCS,EQ,779.85,796.0,799.6,772.25,795.05,791.4,790.76
2010-01-18,TCS,EQ,791.4,800.0,829.0,793.0,800.6,802.2,802.49
2010-01-19,TCS,EQ,802.2,802.2,802.2,778.65,781.3,780.7,786.78
2010-01-20,TCS,EQ,780.7,792.2,792.2,770.9,778.7,779.4,777.34
2010-01-21,TCS,EQ,779.4,772.25,791.95,767.9,772.0,770.65,780.86
2010-01-22,TCS,EQ,770.65,761.0,765.0,744.7,757.05,757.85,755.65
2010-01-25,TCS,EQ,757.85,757.5,765.5,741.15,754.0,756.2,752.96
2010-01-27,TCS,EQ,756.2,750.0,759.7,740.15,742.25,743.3,748.61
2010-01-28,TCS,EQ,743.3,749.5,757.95,727.7,741.8,741.75,742.72
2010-01-29,TCS,EQ,741.75,734.0,739.8,712.15,735.0,736.2,724.64
2010-02-01,TCS,EQ,736.2,734.35,762.8,720.0,760.05,746.15,734.96
2010-02-02,TCS,EQ,746.15,755.0,762.65,735.0,738.0,738.4,752.58
2010-02-03,TCS,EQ,738.4,744.0,756.9,735.5,754.8,752.95,749.54
2010-02-04,TCS,EQ,752.95,752.95,753.9,732.5,741.1,738.7,741.69
2010-02-05,TCS,EQ,738.7,735.0,735.0,716.6,722.9,723.5,724.32
2010-02-06,TCS,EQ,723.5,728.0,732.5,721.15,729.7,729.7,729.2
2010-02-08,TCS,EQ,729.7,729.0,734.75,708.15,724.2,724.15,721.91
2010-02-09,TCS,EQ,724.15,725.0,741.95,721.05,734.15,735.15,735.12
2010-02-10,TCS,EQ,735.15,739.9,743.7,728.1,733.5,732.3,734.62
2010-02-11,TCS,EQ,732.3,737.95,747.95,735.0,742.5,742.7,742.93
2010-02-15,TCS,EQ,742.7,750.0,750.0,738.55,746.25,746.15,744.97
2010-02-16,TCS,EQ,746.15,747.25,764.95,742.2,764.1,758.15,751.87
2010-02-17,TCS,EQ,758.15,764.9,767.95,752.55,757.15,758.65,759.68
2010-02-18,TCS,EQ,758.65,760.0,766.95,755.5,757.55,758.8,761.21
2010-02-19,TCS,EQ,758.8,754.9,759.5,745.8,750.0,750.55,752.92
2010-02-22,TCS,EQ,750.55,757.0,763.7,753.8,755.75,757.25,759.59
2010-02-23,TCS,EQ,757.25,759.0,765.0,751.25,762.0,762.1,762.02
2010-02-24,TCS,EQ,762.1,756.0,770.7,752.1,764.6,765.35,766.33
2010-02-25,TCS,EQ,765.35,769.8,769.8,761.25,768.25,766.25,765.26
2010-02-26,TCS,EQ,766.25,767.1,778.55,746.15,760.2,761.8,764.23
2010-03-02,TCS,EQ,761.8,762.0,769.0,755.0,764.45,763.2,760.01
2010-03-03,TCS,EQ,763.2,769.0,774.0,764.15,769.15,768.75,769.09
2010-03-04,TCS,EQ,768.75,768.0,770.0,757.0,763.5,763.9,761.67
2010-03-05,TCS,EQ,763.9,765.0,766.95,760.15,762.0,762.6,763.53
2010-03-08,TCS,EQ,762.6,767.6,770.0,760.3,765.5,762.7,763.79
2010-03-09,TCS,EQ,762.7,763.0,778.5,763.0,768.85,768.7,772.92
2010-03-10,TCS,EQ,768.7,763.7,784.45,760.0,777.5,780.05,777.67
2010-03-11,TCS,EQ,780.05,780.05,794.9,771.95,794.9,791.6,789.11
2010-03-12,TCS,EQ,791.6,800.0,800.0,792.0,798.8,796.95,795.64
2010-03-15,TCS,EQ,796.95,796.95,820.0,791.15,819.05,818.0,811.29
2010-03-16,TCS,EQ,818.0,821.5,831.95,815.8,830.35,829.0,823.29
2010-03-17,TCS,EQ,829.0,834.0,845.9,830.0,841.0,840.7,839.84
2010-03-18,TCS,EQ,840.7,845.0,845.0,820.5,826.2,825.85,827.99
2010-03-19,TCS,EQ,825.85,805.25,834.45,805.25,819.1,820.9,824.47
2010-03-22,TCS,EQ,820.9,814.9,833.8,806.15,826.15,827.6,827.38
2010-03-23,TCS,EQ,827.6,830.0,833.0,822.1,828.3,828.65,828.37
2010-03-25,TCS,EQ,828.65,824.1,836.8,818.0,830.75,829.8,827.43
2010-03-26,TCS,EQ,829.8,830.0,836.0,822.3,823.3,825.05,826.89
2010-03-29,TCS,EQ,825.05,824.0,829.3,808.55,813.0,811.95,815.48
2010-03-30,TCS,EQ,811.95,808.6,816.1,797.15,800.25,800.0,801.59
2010-03-31,TCS,EQ,800.0,800.0,807.25,777.3,779.5,780.65,790.46
2010-04-01,TCS,EQ,780.65,786.35,809.8,782.1,808.0,807.8,798.67
2010-04-05,TCS,EQ,807.8,817.0,817.0,799.25,803.0,803.35,804.15
2010-04-06,TCS,EQ,803.35,808.9,808.9,792.15,796.0,796.05,798.23
2010-04-07,TCS,EQ,796.05,790.0,809.0,781.15,798.2,798.05,792.39
2010-04-08,TCS,EQ,798.05,796.0,807.5,790.0,795.1,799.45,802.48
2010-04-09,TCS,EQ,799.45,802.0,807.9,788.25,791.25,791.6,798.07
2010-04-12,TCS,EQ,791.6,791.0,800.0,790.1,799.1,798.1,795.84
2010-04-13,TCS,EQ,798.1,800.0,823.8,787.25,820.7,820.85,812.22
2010-04-15,TCS,EQ,820.85,822.0,834.9,819.05,821.0,821.7,827.18
2010-04-16,TCS,EQ,821.7,819.0,828.0,811.85,814.6,815.1,817.16
2010-04-19,TCS,EQ,815.1,810.0,825.0,800.75,815.0,811.95,813.88
2010-04-20,TCS,EQ,811.95,825.0,832.65,787.0,789.0,789.5,803.58
2010-04-21,TCS,EQ,789.5,795.0,799.0,780.25,784.5,785.0,786.55
2010-04-22,TCS,EQ,785.0,789.1,793.65,781.0,784.1,785.95,788.29
2010-04-23,TCS,EQ,785.95,788.05,792.0,777.5,780.0,780.2,784.23
2010-04-26,TCS,EQ,780.2,786.0,791.0,780.2,785.05,785.1,785.83
2010-04-27,TCS,EQ,785.1,785.95,789.9,781.05,786.85,787.3,785.87
2010-04-28,TCS,EQ,787.3,780.0,783.95,765.0,770.65,770.3,776.75
2010-04-29,TCS,EQ,770.3,775.1,775.25,755.6,765.0,759.75,761.54
2010-04-30,TCS,EQ,759.75,765.0,772.8,762.55,763.4,765.4,768.75
2010-05-03,TCS,EQ,765.4,761.25,771.4,754.1,767.9,766.8,763.87
2010-05-04,TCS,EQ,766.8,774.85,774.85,756.8,761.0,761.0,765.35
2010-05-05,TCS,EQ,761.0,750.0,768.0,740.15,766.6,765.75,758.33
2010-05-06,TCS,EQ,765.75,767.95,770.9,759.2,768.0,767.1,765.63
2010-05-07,TCS,EQ,767.1,757.0,762.6,735.0,742.0,741.4,750.08
2010-05-10,TCS,EQ,741.4,760.0,843.0,745.0,771.0,770.25,761.64
2010-05-11,TCS,EQ,770.25,775.0,779.0,753.9,754.4,756.3,758.24
2010-05-12,TCS,EQ,756.3,757.0,767.95,751.1,758.65,759.45,759.81
2010-05-13,TCS,EQ,759.45,765.1,773.2,761.45,764.3,765.6,767.08
2010-05-14,TCS,EQ,765.6,766.0,777.0,755.0,762.85,763.85,770.29
2010-05-17,TCS,EQ,763.85,774.95,774.95,734.1,745.9,745.75,742.43
2010-05-18,TCS,EQ,745.75,746.0,746.0,726.3,735.05,735.1,735.12
2010-05-19,TCS,EQ,735.1,730.0,733.0,716.3,722.55,721.5,722.98
2010-05-20,TCS,EQ,721.5,729.0,732.3,716.15,730.2,730.0,727.2
2010-05-21,TCS,EQ,730.0,710.0,725.9,685.25,717.35,718.7,717.04
2010-05-24,TCS,EQ,718.7,725.0,730.0,712.7,718.0,717.6,719.65
2010-05-25,TCS,EQ,717.6,708.0,714.0,691.55,699.1,699.55,705.04
2010-05-26,TCS,EQ,699.55,708.0,744.8,704.1,731.0,738.0,726.63
2010-05-27,TCS,EQ,738.0,735.0,749.95,727.2,743.8,741.85,740.34
2010-05-28,TCS,EQ,741.85,749.8,753.5,735.5,752.5,750.8,745.73
2010-05-31,TCS,EQ,750.8,748.5,752.9,738.0,743.5,743.05,743.47
2010-06-01,TCS,EQ,743.05,743.05,751.95,734.7,741.3,739.2,744.08
2010-06-02,TCS,EQ,739.2,737.8,759.5,736.3,757.0,754.25,747.12
2010-06-03,TCS,EQ,754.25,760.0,769.0,745.1,761.95,765.45,764.93
2010-06-04,TCS,EQ,765.45,765.45,769.7,755.2,764.0,765.35,762.24
2010-06-07,TCS,EQ,765.35,749.9,757.8,736.0,753.95,753.25,751.98
2010-06-08,TCS,EQ,753.25,754.0,762.0,747.0,748.0,750.2,752.78
2010-06-09,TCS,EQ,750.2,752.0,758.55,731.0,735.55,733.05,746.65
2010-06-10,TCS,EQ,733.05,730.0,753.0,730.0,751.8,750.5,740.93
2010-06-11,TCS,EQ,750.5,761.8,763.3,751.0,759.5,759.1,757.59
2010-06-14,TCS,EQ,759.1,763.35,787.1,758.0,784.9,781.0,772.1
2010-06-15,TCS,EQ,781.0,756.65,777.7,756.65,763.5,766.1,767.71
2010-06-16,TCS,EQ,766.1,777.1,779.95,767.3,776.0,774.8,774.07
2010-06-17,TCS,EQ,774.8,777.0,784.8,763.7,774.0,775.3,770.22
2010-06-18,TCS,EQ,775.3,775.3,788.9,772.25,783.0,783.2,781.63
2010-06-21,TCS,EQ,783.2,792.9,794.0,784.6,786.9,787.7,789.68
2010-06-22,TCS,EQ,787.7,785.0,786.5,773.3,777.2,778.65,779.18
2010-06-23,TCS,EQ,778.65,770.0,788.95,769.85,785.0,786.3,781.16
2010-06-24,TCS,EQ,786.3,786.3,788.5,767.7,776.0,773.45,775.1
2010-06-25,TCS,EQ,773.45,775.8,775.8,756.1,760.2,758.5,763.43
2010-06-28,TCS,EQ,758.5,758.45,767.15,757.6,764.1,764.75,763.21
2010-06-29,TCS,EQ,764.75,765.0,765.0,749.0,755.0,753.8,754.64
2010-06-30,TCS,EQ,753.8,755.0,759.9,741.25,752.0,751.0,747.56
2010-07-01,TCS,EQ,751.0,750.0,750.0,725.75,737.2,732.0,733.8
2010-07-02,TCS,EQ,732.0,734.8,746.0,730.85,744.0,743.8,741.18
2010-07-05,TCS,EQ,743.8,748.8,748.9,737.1,739.5,739.0,739.59
2010-07-06,TCS,EQ,739.0,736.5,761.9,735.85,760.35,759.15,754.37
2010-07-07,TCS,EQ,759.15,761.4,767.4,748.95,765.4,764.6,758.82
2010-07-08,TCS,EQ,764.6,772.0,779.0,769.65,778.0,776.8,775.05
2010-07-09,TCS,EQ,776.8,780.0,784.0,770.75,775.0,774.45,775.47
2010-07-12,TCS,EQ,774.45,779.8,794.0,779.8,793.0,791.7,788.93
2010-07-13,TCS,EQ,791.7,792.0,792.0,769.55,774.0,774.65,774.02
2010-07-14,TCS,EQ,774.65,778.0,784.7,770.25,775.0,774.65,776.69
2010-07-15,TCS,EQ,774.65,771.0,784.9,765.25,780.35,782.1,777.71
2010-07-16,TCS,EQ,782.1,795.0,838.5,795.0,830.8,833.65,825.69
2010-07-19,TCS,EQ,833.65,831.45,834.7,823.25,826.65,826.7,827.18
2010-07-20,TCS,EQ,826.7,826.7,834.55,825.0,825.0,827.25,830.39
2010-07-21,TCS,EQ,827.25,832.0,844.8,829.6,844.05,843.0,836.9
2010-07-22,TCS,EQ,843.0,843.0,846.0,832.5,842.5,843.7,838.89
2010-07-23,TCS,EQ,843.7,850.0,850.0,835.1,839.0,839.3,839.3
2010-07-26,TCS,EQ,839.3,842.4,851.6,840.4,849.0,849.25,845.64
2010-07-27,TCS,EQ,849.25,855.0,859.8,846.2,847.2,849.15,854.44
2010-07-28,TCS,EQ,849.15,851.0,857.95,847.0,853.0,854.45,853.2
2010-07-29,TCS,EQ,854.45,855.0,855.0,849.0,849.5,850.0,850.85
2010-07-30,TCS,EQ,850.0,849.0,850.0,835.0,835.0,839.8,842.15
2010-08-02,TCS,EQ,839.8,843.0,848.45,837.0,837.2,838.3,842.3
2010-08-03,TCS,EQ,838.3,841.0,844.5,828.55,831.0,832.05,832.71
2010-08-04,TCS,EQ,832.05,836.0,872.0,835.85,869.9,868.8,860.13
2010-08-05,TCS,EQ,868.8,872.0,882.4,865.65,878.55,877.85,877.64
2010-08-06,TCS,EQ,877.85,880.0,883.5,860.65,867.65,864.7,871.43
2010-08-09,TCS,EQ,864.7,861.15,883.7,846.1,880.0,879.85,873.83
2010-08-10,TCS,EQ,879.85,885.0,885.0,861.4,865.0,864.5,866.31
2010-08-11,TCS,EQ,864.5,862.0,873.0,854.8,858.35,858.15,860.58
2010-08-12,TCS,EQ,858.15,856.9,856.9,846.2,852.5,853.45,851.55
2010-08-13,TCS,EQ,853.45,857.0,862.9,838.0,854.85,854.4,856.85
2010-08-16,TCS,EQ,854.4,857.0,862.55,848.8,854.0,854.1,855.63
2010-08-17,TCS,EQ,854.1,850.1,861.0,844.0,850.0,850.2,851.86
2010-08-18,TCS,EQ,850.2,853.0,875.8,850.0,874.2,871.1,861.97
2010-08-19,TCS,EQ,871.1,874.0,880.9,867.3,870.4,872.05,875.04
2010-08-20,TCS,EQ,872.05,869.0,879.9,863.0,865.55,868.95,871.75
2010-08-23,TCS,EQ,868.95,860.0,875.45,857.05,869.0,870.4,871.37
2010-08-24,TCS,EQ,870.4,870.0,881.9,865.0,869.2,870.7,875.81
2010-08-25,TCS,EQ,870.7,872.0,881.5,866.3,871.5,871.2,874.27
2010-08-26,TCS,EQ,871.2,874.0,879.0,860.25,874.3,876.5,872.43
2010-08-27,TCS,EQ,876.5,872.1,873.0,851.0,853.0,856.05,863.16
2010-08-30,TCS,EQ,856.05,862.8,862.8,840.1,845.0,845.65,845.24
2010-08-31,TCS,EQ,845.65,840.0,847.7,830.2,843.7,843.75,838.25
2010-09-01,TCS,EQ,843.75,842.0,861.0,840.0,857.0,858.4,854.35
2010-09-02,TCS,EQ,858.4,867.5,867.5,841.5,842.95,844.1,849.78
2010-09-03,TCS,EQ,844.1,850.0,851.5,835.1,837.9,837.3,842.3
2010-09-06,TCS,EQ,837.3,838.0,857.5,838.0,856.5,855.35,851.55
2010-09-07,TCS,EQ,855.35,858.0,874.9,856.0,869.0,871.35,866.03
2010-09-08,TCS,EQ,871.35,864.0,882.9,858.9,876.6,879.05,875.5
2010-09-09,TCS,EQ,879.05,882.0,882.5,871.35,876.0,874.7,876.15
2010-09-13,TCS,EQ,874.7,871.35,889.0,870.7,878.8,879.75,882.39
2010-09-14,TCS,EQ,879.75,883.0,899.0,880.3,898.0,895.35,891.95
2010-09-15,TCS,EQ,895.35,900.0,919.4,899.0,909.45,914.8,909.71
2010-09-16,TCS,EQ,914.8,908.0,913.45,864.5,895.0,895.4,900.66
2010-09-17,TCS,EQ,895.4,900.1,918.75,900.1,917.0,913.8,912.86
2010-09-20,TCS,EQ,913.8,917.0,921.9,906.7,915.0,912.25,912.79
2010-09-21,TCS,EQ,912.25,912.0,958.0,910.3,957.0,953.95,934.43
2010-09-22,TCS,EQ,953.95,956.0,960.0,930.0,933.05,935.25,939.55
2010-09-23,TCS,EQ,935.25,940.0,945.3,927.8,929.65,931.35,934.02
2010-09-24,TCS,EQ,931.35,933.1,937.9,925.0,929.4,931.95,930.51
2010-09-27,TCS,EQ,931.95,935.0,941.45,922.0,925.1,927.6,930.38
2010-09-28,TCS,EQ,927.6,925.25,930.3,914.1,922.25,919.65,921.25
2010-09-29,TCS,EQ,919.65,925.0,937.25,914.9,917.0,920.35,922.11
2010-09-30,TCS,EQ,920.35,925.0,930.0,915.15,920.0,926.95,925.04
2010-10-01,TCS,EQ,926.95,927.0,966.0,922.0,957.15,961.6,946.72
2010-10-04,TCS,EQ,961.6,966.75,975.0,953.0,955.0,955.8,963.51
2010-10-05,TCS,EQ,955.8,950.0,965.95,946.15,951.45,950.25,954.67
2010-10-06,TCS,EQ,950.25,950.0,967.9,950.0,960.0,959.65,957.58
2010-10-07,TCS,EQ,959.65,960.0,966.0,938.4,949.05,948.8,955.4
2010-10-08,TCS,EQ,948.8,944.05,954.7,869.0,944.4,942.6,938.43
2010-10-11,TCS,EQ,942.6,942.6,953.95,929.05,939.1,940.9,935.44
2010-10-12,TCS,EQ,940.9,942.65,955.8,939.1,951.0,950.7,948.8
2010-10-13,TCS,EQ,950.7,955.95,997.7,949.1,991.5,992.85,981.44
2010-10-14,TCS,EQ,992.85,996.9,1004.0,982.35,989.4,986.05,995.02
2010-10-15,TCS,EQ,986.05,999.0,1011.0,945.0,949.0,950.3,962.09
2010-10-18,TCS,EQ,950.3,970.0,984.0,930.0,982.0,981.25,964.6
2010-10-19,TCS,EQ,981.25,982.0,987.4,964.1,965.0,967.75,972.92
2010-10-20,TCS,EQ,967.75,964.5,980.5,956.2,965.25,963.25,966.74
2010-10-21,TCS,EQ,963.25,974.05,993.85,970.0,984.0,986.2,983.01
2010-10-22,TCS,EQ,986.2,1022.0,1049.4,1022.0,1038.0,1040.2,1036.88
2010-10-25,TCS,EQ,1040.2,1043.0,1072.95,1037.2,1069.0,1066.95,1061.16
2010-10-26,TCS,EQ,1066.95,1063.5,1067.75,1041.55,1066.85,1062.6,1055.04
2010-10-27,TCS,EQ,1062.6,1060.0,1066.8,1043.55,1050.0,1048.2,1054.57
2010-10-28,TCS,EQ,1048.2,1050.0,1067.55,1040.0,1060.0,1052.9,1056.65
2010-10-29,TCS,EQ,1052.9,1060.0,1060.0,1031.0,1050.0,1052.9,1048.54
2010-11-01,TCS,EQ,1052.9,1052.05,1066.4,1049.1,1057.0,1053.4,1056.43
2010-11-02,TCS,EQ,1053.4,1055.0,1060.0,1043.7,1045.5,1049.45,1050.58
2010-11-03,TCS,EQ,1049.45,1050.9,1079.0,1048.4,1063.8,1052.8,1062.29
2010-11-04,TCS,EQ,1052.8,1062.0,1078.6,1061.5,1070.0,1069.15,1070.51
2010-11-05,TCS,EQ,1069.15,1082.9,1083.9,1075.35,1078.4,1077.75,1079.44
2010-11-08,TCS,EQ,1077.75,1080.0,1082.4,1062.1,1069.0,1068.15,1067.96
2010-11-09,TCS,EQ,1068.15,1073.9,1098.7,1068.5,1098.4,1091.1,1082.96
2010-11-10,TCS,EQ,1091.1,1092.25,1108.0,1086.1,1089.9,1092.3,1096.73
2010-11-11,TCS,EQ,1092.3,1090.0,1090.0,1058.25,1065.9,1064.75,1070.47
2010-11-12,TCS,EQ,1064.75,1060.0,1069.9,1048.2,1054.6,1055.9,1056.98
2010-11-15,TCS,EQ,1055.9,1065.0,1079.85,1053.0,1064.55,1066.0,1068.67
2010-11-16,TCS,EQ,1066.0,1066.0,1066.4,1042.2,1052.0,1048.9,1050.76
2010-11-18,TCS,EQ,1048.9,1072.0,1072.0,1040.0,1044.1,1042.8,1052.48
2010-11-19,TCS,EQ,1042.8,1044.9,1049.0,1006.0,1006.0,1015.4,1029.09
2010-11-22,TCS,EQ,1015.4,1016.0,1043.0,1011.5,1041.0,1039.1,1027.06
2010-11-23,TCS,EQ,1039.1,1034.0,1045.0,1012.4,1028.0,1030.05,1030.07
2010-11-24,TCS,EQ,1030.05,1025.0,1034.5,998.95,1000.1,1004.75,1018.97
2010-11-25,TCS,EQ,1004.75,1010.05,1041.9,1007.1,1026.3,1021.8,1029.3
2010-11-26,TCS,EQ,1021.8,1025.0,1054.0,1025.0,1046.0,1047.25,1044.22
2010-11-29,TCS,EQ,1047.25,1055.0,1078.5,1050.25,1070.0,1071.3,1070.91
2010-11-30,TCS,EQ,1071.3,1060.5,1086.05,1053.1,1080.45,1076.0,1070.87
2010-12-01,TCS,EQ,1076.0,1064.0,1093.2,1064.0,1086.0,1081.9,1082.95
2010-12-02,TCS,EQ,1081.9,1091.0,1099.2,1075.05,1099.2,1095.8,1089.08
2010-12-03,TCS,EQ,1095.8,1093.05,1113.0,1091.15,1094.55,1097.35,1101.61
2010-12-06,TCS,EQ,1097.35,1100.0,1110.0,1095.3,1103.2,1101.7,1104.61
2010-12-07,TCS,EQ,1101.7,1100.0,1100.0,1082.1,1089.9,1087.5,1089.22
2010-12-08,TCS,EQ,1087.5,1090.95,1092.95,1071.25,1081.0,1079.15,1078.99
2010-12-09,TCS,EQ,1079.15,1083.7,1097.3,1068.1,1073.8,1072.6,1083.6
2010-12-10,TCS,EQ,1072.6,1067.0,1083.85,1057.0,1073.5,1074.9,1070.85
2010-12-13,TCS,EQ,1074.9,1071.0,1080.7,1048.4,1072.0,1076.1,1066.71
2010-12-14,TCS,EQ,1076.1,1073.2,1089.6,1064.15,1080.0,1080.95,1078.9
2010-12-15,TCS,EQ,1080.95,1085.1,1108.4,1081.5,1101.15,1103.65,1095.75
2010-12-16,TCS,EQ,1103.65,1109.0,1144.0,1104.15,1143.0,1140.7,1132.01
2010-12-20,TCS,EQ,1140.7,1134.8,1177.0,1114.85,1168.0,1166.7,1149.12
2010-12-21,TCS,EQ,1166.7,1169.0,1172.25,1154.0,1159.0,1160.8,1160.35
2010-12-22,TCS,EQ,1160.8,1167.0,1169.0,1137.75,1151.0,1149.75,1147.78
2010-12-23,TCS,EQ,1149.75,1150.0,1159.55,1132.1,1140.0,1140.0,1141.03
2010-12-24,TCS,EQ,1140.0,1134.0,1148.8,1125.75,1140.95,1141.1,1139.11
2010-12-27,TCS,EQ,1141.1,1145.0,1159.45,1138.2,1141.05,1141.2,1148.33
2010-12-28,TCS,EQ,1141.2,1141.2,1150.9,1140.05,1147.6,1146.35,1145.55
2010-12-29,TCS,EQ,1146.35,1149.0,1162.0,1147.05,1159.9,1156.95,1153.09
2010-12-30,TCS,EQ,1156.95,1152.5,1174.8,1152.5,1172.3,1170.2,1166.82
2010-12-31,TCS,EQ,1170.2,1172.5,1180.0,1161.8,1164.0,1165.65,1168.91
2011-01-03,TCS,EQ,1165.65,1167.0,1176.95,1154.55,1158.0,1158.05,1162.96
2011-01-04,TCS,EQ,1158.05,1163.9,1166.15,1138.1,1142.1,1144.75,1154.16
2011-01-05,TCS,EQ,1144.75,1145.25,1165.9,1141.75,1160.0,1158.95,1154.89
2011-01-06,TCS,EQ,1158.95,1168.0,1182.0,1153.1,1181.0,1171.7,1164.4
2011-01-07,TCS,EQ,1171.7,1176.0,1186.85,1138.15,1139.5,1142.65,1159.82
2011-01-10,TCS,EQ,1142.65,1147.5,1149.0,1121.0,1123.7,1130.9,1133.38
2011-01-11,TCS,EQ,1130.9,1123.0,1135.55,1087.8,1108.0,1098.5,1109.36
2011-01-12,TCS,EQ,1098.5,1109.9,1151.6,1108.0,1132.0,1135.95,1130.76
2011-01-13,TCS,EQ,1135.95,1128.95,1155.95,1116.2,1125.25,1124.25,1131.65
2011-01-14,TCS,EQ,1124.25,1129.9,1150.0,1120.0,1120.2,1120.15,1125.85
2011-01-17,TCS,EQ,1120.15,1121.2,1146.55,1120.0,1139.2,1137.4,1135.15
2011-01-18,TCS,EQ,1137.4,1174.0,1208.9,1164.35,1196.45,1202.55,1188.05
2011-01-19,TCS,EQ,1202.55,1203.45,1209.0,1185.0,1194.15,1193.0,1192.72
2011-01-20,TCS,EQ,1193.0,1180.0,1218.75,1180.0,1213.0,1212.2,1209.86
2011-01-21,TCS,EQ,1212.2,1210.0,1220.0,1204.0,1212.0,1211.65,1212.1
2011-01-24,TCS,EQ,1211.65,1200.0,1220.0,1198.25,1206.0,1209.2,1209.92
2011-01-25,TCS,EQ,1209.2,1214.8,1219.3,1180.0,1198.0,1188.55,1202.79
2011-01-27,TCS,EQ,1188.55,1187.55,1209.95,1181.6,1200.0,1199.4,1197.07
2011-01-28,TCS,EQ,1199.4,1195.0,1203.6,1165.25,1187.4,1181.35,1182.39
2011-01-31,TCS,EQ,1181.35,1169.0,1169.0,1128.55,1160.0,1159.5,1144.84
2011-02-01,TCS,EQ,1159.5,1165.0,1165.0,1133.0,1150.5,1150.15,1147.35
2011-02-02,TCS,EQ,1150.15,1170.0,1198.9,1162.35,1191.0,1182.45,1186.0
2011-02-03,TCS,EQ,1182.45,1184.7,1195.7,1170.65,1179.6,1183.7,1185.12
2011-02-04,TCS,EQ,1183.7,1176.0,1183.1,1140.25,1154.35,1148.8,1155.87
2011-02-07,TCS,EQ,1148.8,1173.5,1173.5,1126.5,1131.45,1131.15,1143.35
2011-02-08,TCS,EQ,1131.15,1132.0,1149.9,1118.5,1125.3,1125.1,1134.56
2011-02-09,TCS,EQ,1125.1,1122.5,1129.6,1083.7,1107.0,1098.3,1111.0
2011-02-10,TCS,EQ,1098.3,1100.0,1114.5,1072.0,1095.0,1090.75,1086.93
2011-02-11,TCS,EQ,1090.75,1084.1,1104.2,1055.9,1085.25,1089.6,1077.62
2011-02-14,TCS,EQ,1089.6,1091.0,1120.0,1087.0,1114.0,1112.3,1106.85
2011-02-15,TCS,EQ,1112.3,1119.0,1119.0,1076.55,1099.0,1097.7,1091.78
2011-02-16,TCS,EQ,1097.7,1105.0,1109.7,1081.0,1098.95,1096.5,1095.65
2011-02-17,TCS,EQ,1096.5,1105.0,1114.45,1092.4,1108.0,1109.2,1106.27
2011-02-18,TCS,EQ,1109.2,1110.25,1132.4,1082.1,1092.05,1089.7,1113.83
2011-02-21,TCS,EQ,1089.7,1090.0,1148.0,1058.2,1136.8,1138.6,1106.06
2011-02-22,TCS,EQ,1138.6,1122.65,1147.7,1120.0,1138.25,1138.75,1136.92
2011-02-23,TCS,EQ,1138.75,1128.15,1144.95,1123.1,1123.9,1125.55,1132.14
2011-02-24,TCS,EQ,1125.55,1119.0,1138.75,1091.3,1109.75,1111.8,1115.27
2011-02-25,TCS,EQ,1111.8,1105.3,1117.0,1088.25,1110.2,1110.05,1104.32
2011-02-28,TCS,EQ,1110.05,1101.2,1148.25,1100.0,1111.7,1110.25,1116.54
2011-03-01,TCS,EQ,1110.25,1113.0,1132.0,1097.6,1119.85,1124.5,1115.6
2011-03-03,TCS,EQ,1124.5,1119.9,1155.0,1107.0,1150.1,1150.2,1135.24
2011-03-04,TCS,EQ,1150.2,1163.35,1163.35,1132.5,1135.3,1135.55,1146.94
2011-03-07,TCS,EQ,1135.55,1124.0,1125.0,1094.45,1107.45,1108.25,1108.86
2011-03-08,TCS,EQ,1108.25,1105.15,1128.8,1105.15,1120.85,1117.7,1119.79
2011-03-09,TCS,EQ,1117.7,1122.55,1138.0,1118.5,1119.55,1126.7,1126.81
2011-03-10,TCS,EQ,1126.7,1122.0,1122.0,1100.0,1108.25,1108.55,1108.42
2011-03-11,TCS,EQ,1108.55,1100.0,1102.4,1063.3,1080.6,1077.05,1081.45
2011-03-14,TCS,EQ,1077.05,1071.0,1102.0,1058.4,1095.0,1097.55,1079.84
2011-03-15,TCS,EQ,1097.55,1075.0,1095.45,1065.65,1092.85,1089.8,1084.96
2011-03-16,TCS,EQ,1089.8,1092.0,1123.45,1091.15,1121.0,1114.85,1112.01
2011-03-17,TCS,EQ,1114.85,1105.0,1118.9,1092.65,1099.1,1098.0,1101.73
2011-03-18,TCS,EQ,1098.0,1093.5,1109.0,1076.1,1081.0,1082.75,1083.07
2011-03-21,TCS,EQ,1082.75,1091.5,1091.5,1066.5,1071.0,1070.8,1075.94
2011-03-22,TCS,EQ,1070.8,1075.1,1080.0,1063.0,1069.7,1069.5,1071.21
2011-03-23,TCS,EQ,1069.5,1071.0,1071.0,1057.25,1063.95,1064.35,1064.21
2011-03-24,TCS,EQ,1064.35,1071.0,1095.55,1070.0,1090.95,1093.4,1085.97
2011-03-25,TCS,EQ,1093.4,1116.85,1128.5,1103.75,1117.8,1119.65,1116.61
2011-03-28,TCS,EQ,1119.65,1123.85,1126.7,1108.0,1125.0,1119.9,1117.85
2011-03-29,TCS,EQ,1119.9,1120.0,1151.9,1119.15,1139.15,1138.7,1139.82
2011-03-30,TCS,EQ,1138.7,1148.0,1164.0,1144.9,1157.95,1151.95,1155.44
2011-03-31,TCS,EQ,1151.95,1152.0,1198.0,1152.0,1182.0,1183.9,1183.57
2011-04-01,TCS,EQ,1183.9,1185.0,1198.75,1172.55,1181.9,1180.15,1181.93
2011-04-04,TCS,EQ,1180.15,1185.0,1216.0,1184.0,1215.0,1213.2,1200.35
2011-04-05,TCS,EQ,1213.2,1215.05,1243.95,1203.75,1238.0,1239.85,1221.74
2011-04-06,TCS,EQ,1239.85,1239.0,1246.95,1214.15,1214.15,1221.85,1229.05
2011-04-07,TCS,EQ,1221.85,1220.0,1220.0,1195.15,1198.75,1199.2,1202.45
2011-04-08,TCS,EQ,1199.2,1196.9,1214.0,1184.75,1193.2,1196.0,1194.81
2011-04-11,TCS,EQ,1196.0,1180.15,1195.0,1175.3,1178.7,1178.4,1184.11
2011-04-13,TCS,EQ,1178.4,1175.0,1221.4,1174.3,1203.6,1210.1,1205.98
2011-04-15,TCS,EQ,1210.1,1216.9,1219.9,1180.0,1190.0,1191.4,1196.51
2011-04-18,TCS,EQ,1191.4,1198.0,1212.5,1140.05,1148.55,1144.6,1166.71
2011-04-19,TCS,EQ,1144.6,1144.6,1169.4,1140.0,1165.0,1164.7,1155.2
2011-04-20,TCS,EQ,1164.7,1179.8,1224.0,1179.55,1221.75,1218.7,1206.4
2011-04-21,TCS,EQ,1218.7,1241.0,1245.8,1170.85,1185.15,1192.1,1210.13
2011-04-25,TCS,EQ,1192.1,1197.0,1204.0,1172.65,1194.0,1197.85,1191.82
2011-04-26,TCS,EQ,1197.85,1200.0,1202.0,1180.35,1187.0,1189.0,1188.43
2011-04-27,TCS,EQ,1189.0,1194.95,1194.95,1176.05,1178.0,1180.6,1184.16
2011-04-28,TCS,EQ,1180.6,1180.15,1183.5,1155.6,1160.2,1158.65,1165.81
2011-04-29,TCS,EQ,1158.65,1172.0,1172.0,1150.25,1162.6,1165.65,1161.34
2011-05-02,TCS,EQ,1165.65,1170.0,1177.5,1152.5,1156.0,1158.45,1162.23
2011-05-03,TCS,EQ,1158.45,1162.0,1162.0,1131.0,1135.45,1138.45,1147.08
2011-05-04,TCS,EQ,1138.45,1146.0,1146.0,1115.15,1137.35,1137.05,1126.76
2011-05-05,TCS,EQ,1137.05,1145.0,1145.0,1108.1,1111.3,1115.0,1122.68
2011-05-06,TCS,EQ,1115.0,1120.0,1153.5,1119.75,1145.0,1148.95,1136.03
2011-05-09,TCS,EQ,1148.95,1150.0,1151.95,1124.5,1133.0,1135.55,1134.89
2011-05-10,TCS,EQ,1135.55,1133.0,1159.95,1128.0,1139.5,1139.9,1146.0
2011-05-11,TCS,EQ,1139.9,1139.0,1151.7,1126.1,1140.0,1140.25,1140.64
2011-05-12,TCS,EQ,1140.25,1133.9,1133.9,1108.35,1113.95,1111.75,1118.62
2011-05-13,TCS,EQ,1111.75,1112.0,1142.3,1112.0,1134.0,1127.1,1127.08
2011-05-16,TCS,EQ,1127.1,1121.0,1147.4,1120.0,1127.55,1131.1,1134.95
2011-05-17,TCS,EQ,1131.1,1122.05,1149.2,1122.05,1139.3,1141.7,1141.6
2011-05-18,TCS,EQ,1141.7,1142.25,1161.5,1142.25,1157.5,1155.05,1155.13
2011-05-19,TCS,EQ,1155.05,1165.0,1170.0,1156.0,1165.25,1164.85,1164.61
2011-05-20,TCS,EQ,1164.85,1173.75,1183.4,1163.25,1173.9,1175.0,1175.07
2011-05-23,TCS,EQ,1175.0,1164.0,1170.5,1150.0,1165.0,1166.55,1161.72
2011-05-24,TCS,EQ,1166.55,1162.65,1172.8,1139.15,1149.1,1149.9,1154.33
2011-05-25,TCS,EQ,1149.9,1149.1,1149.9,1120.0,1128.5,1128.6,1129.58
2011-05-26,TCS,EQ,1128.6,1139.0,1143.0,1120.0,1135.0,1135.75,1132.58
2011-05-27,TCS,EQ,1135.75,1148.55,1149.9,1136.3,1141.5,1144.55,1144.7
2011-05-30,TCS,EQ,1144.55,1151.0,1159.95,1142.3,1158.15,1151.95,1150.8
2011-05-31,TCS,EQ,1151.95,1155.0,1177.7,1150.1,1157.0,1157.15,1164.19
2011-06-01,TCS,EQ,1157.15,1157.0,1177.0,1157.0,1174.7,1175.4,1171.25
2011-06-02,TCS,EQ,1175.4,1158.9,1172.0,1156.65,1170.0,1167.75,1163.45
2011-06-03,TCS,EQ,1167.75,1166.0,1175.0,1150.0,1153.0,1152.1,1157.15
2011-06-06,TCS,EQ,1152.1,1140.0,1168.0,1140.0,1167.0,1164.35,1156.7
2011-06-07,TCS,EQ,1164.35,1163.0,1183.15,1158.0,1180.0,1179.3,1175.19
2011-06-08,TCS,EQ,1179.3,1171.9,1185.0,1163.5,1180.5,1181.4,1176.87
2011-06-09,TCS,EQ,1181.4,1175.0,1193.8,1175.0,1182.0,1186.35,1188.17
2011-06-10,TCS,EQ,1186.35,1186.55,1197.5,1185.1,1190.0,1189.2,1192.21
2011-06-13,TCS,EQ,1189.2,1189.2,1190.5,1172.55,1176.45,1175.3,1180.22
2011-06-14,TCS,EQ,1175.3,1178.0,1194.9,1178.0,1194.3,1191.05,1186.6
2011-06-15,TCS,EQ,1191.05,1186.0,1205.0,1181.25,1183.1,1184.25,1192.24
2011-06-16,TCS,EQ,1184.25,1183.0,1185.9,1148.25,1150.0,1151.15,1163.63
2011-06-17,TCS,EQ,1151.15,1155.0,1157.0,1104.0,1117.4,1109.2,1120.41
2011-06-20,TCS,EQ,1109.2,1115.0,1119.0,1058.0,1072.8,1069.3,1079.12
2011-06-21,TCS,EQ,1069.3,1075.0,1110.7,1063.2,1107.0,1106.75,1095.37
2011-06-22,TCS,EQ,1106.75,1116.0,1116.9,1080.0,1081.8,1083.5,1090.56
2011-06-23,TCS,EQ,1083.5,1081.8,1101.0,1070.1,1098.9,1097.0,1087.67
2011-06-24,TCS,EQ,1097.0,1100.0,1140.75,1099.0,1137.0,1137.75,1126.76
2011-06-27,TCS,EQ,1137.75,1122.0,1154.7,1122.0,1153.1,1150.6,1145.9
2011-06-28,TCS,EQ,1150.6,1160.0,1162.0,1135.65,1153.0,1154.0,1148.87
2011-06-29,TCS,EQ,1154.0,1154.7,1178.9,1154.7,1170.0,1169.85,1171.55
2011-06-30,TCS,EQ,1169.85,1169.8,1192.0,1167.0,1180.0,1184.2,1179.04
2011-07-01,TCS,EQ,1184.2,1198.0,1198.0,1179.7,1191.0,1191.9,1187.59
2011-07-04,TCS,EQ,1191.9,1193.0,1200.0,1180.0,1182.55,1185.7,1190.26
2011-07-05,TCS,EQ,1185.7,1189.8,1191.0,1173.4,1180.1,1179.45,1181.42
2011-07-06,TCS,EQ,1179.45,1178.25,1192.9,1171.7,1181.9,1182.8,1182.15
2011-07-07,TCS,EQ,1182.8,1183.1,1200.0,1183.1,1194.0,1195.9,1191.22
2011-07-08,TCS,EQ,1195.9,1196.0,1205.0,1169.25,1172.75,1171.65,1184.88
2011-07-11,TCS,EQ,1171.65,1170.0,1177.8,1146.6,1158.0,1156.65,1159.26
2011-07-12,TCS,EQ,1156.65,1135.7,1148.8,1112.1,1143.0,1145.35,1139.04
2011-07-13,TCS,EQ,1145.35,1150.0,1168.0,1131.0,1153.0,1149.05,1149.57
2011-07-14,TCS,EQ,1149.05,1150.0,1158.6,1119.1,1119.2,1123.7,1137.42
2011-07-15,TCS,EQ,1123.7,1168.0,1177.9,1141.1,1146.6,1146.05,1154.54
2011-07-18,TCS,EQ,1146.05,1148.0,1152.0,1122.3,1123.0,1125.05,1129.94
2011-07-19,TCS,EQ,1125.05,1121.6,1148.15,1120.25,1139.95,1140.05,1137.75
2011-07-20,TCS,EQ,1140.05,1150.0,1151.8,1125.0,1132.95,1132.45,1133.24
2011-07-21,TCS,EQ,1132.45,1132.0,1132.5,1120.05,1124.0,1122.55,1124.75
2011-07-22,TCS,EQ,1122.55,1126.75,1141.3,1126.5,1131.6,1133.4,1134.51
2011-07-25,TCS,EQ,1133.4,1135.0,1144.0,1123.15,1136.65,1139.9,1131.36
2011-07-26,TCS,EQ,1139.9,1139.8,1151.95,1127.25,1143.0,1144.65,1140.45
2011-07-27,TCS,EQ,1144.65,1148.95,1154.65,1138.15,1145.5,1147.15,1148.07
2011-07-28,TCS,EQ,1147.15,1140.0,1144.9,1120.3,1134.35,1129.55,1131.73
2011-07-29,TCS,EQ,1129.55,1133.0,1142.0,1121.65,1138.45,1137.0,1135.28
2011-08-01,TCS,EQ,1137.0,1142.4,1149.9,1125.1,1134.0,1135.25,1135.54
2011-08-02,TCS,EQ,1135.25,1130.5,1134.0,1122.25,1130.0,1130.65,1129.35
2011-08-03,TCS,EQ,1130.65,1120.0,1125.7,1095.35,1115.0,1110.35,1111.99
2011-08-04,TCS,EQ,1110.35,1110.05,1119.5,1091.1,1097.1,1095.85,1107.9
2011-08-05,TCS,EQ,1095.85,1073.15,1074.0,1028.0,1058.9,1057.95,1048.68
2011-08-08,TCS,EQ,1057.95,1011.2,1033.35,996.6,1007.05,1005.35,1007.18
2011-08-09,TCS,EQ,1005.35,965.0,985.2,947.7,963.6,964.8,965.1
2011-08-10,TCS,EQ,964.8,999.0,1012.0,973.8,984.95,984.05,992.98
2011-08-11,TCS,EQ,984.05,980.0,983.4,963.0,979.0,978.35,975.53
2011-08-12,TCS,EQ,978.35,990.55,991.9,937.5,946.0,947.15,953.57
2011-08-16,TCS,EQ,947.15,967.0,978.35,956.05,977.0,973.6,968.49
2011-08-17,TCS,EQ,973.6,974.5,1009.4,970.0,1000.0,999.9,996.34
2011-08-18,TCS,EQ,999.9,1005.9,1009.3,958.0,965.0,962.35,970.6
2011-08-19,TCS,EQ,962.35,943.0,946.95,905.0,936.0,928.95,923.94
2011-08-22,TCS,EQ,928.95,929.0,930.0,902.0,916.5,918.05,917.32
2011-08-23,TCS,EQ,918.05,920.85,988.0,920.35,983.05,981.6,963.72
2011-08-24,TCS,EQ,981.6,978.0,978.0,955.0,966.0,962.6,964.11
2011-08-25,TCS,EQ,962.6,969.7,973.0,938.0,957.4,950.4,952.85
2011-08-26,TCS,EQ,950.4,951.1,969.5,940.0,950.0,948.45,955.81
2011-08-29,TCS,EQ,948.45,964.1,1024.0,964.1,1018.2,1019.6,1004.57
2011-08-30,TCS,EQ,1019.6,1030.0,1050.3,1024.15,1045.0,1042.4,1037.41
2011-09-02,TCS,EQ,1042.4,1073.0,1074.75,1012.0,1024.05,1022.1,1027.2
2011-09-05,TCS,EQ,1022.1,1015.8,1033.2,998.45,1025.0,1027.7,1009.64
2011-09-06,TCS,EQ,1027.7,1018.0,1042.0,1005.0,1030.9,1033.9,1022.87
2011-09-07,TCS,EQ,1033.9,1034.1,1050.0,1025.0,1026.0,1031.0,1038.89
2011-09-08,TCS,EQ,1031.0,1033.0,1054.95,1029.0,1030.75,1036.05,1043.18
2011-09-09,TCS,EQ,1036.05,1040.0,1051.6,1010.65,1013.25,1016.05,1024.93
2011-09-12,TCS,EQ,1016.05,1000.0,1003.85,978.65,986.35,985.7,985.68
2011-09-13,TCS,EQ,985.7,997.8,1024.0,988.75,991.5,993.75,1006.87
2011-09-14,TCS,EQ,993.75,1001.0,1029.0,993.75,1016.3,1015.1,1012.69
2011-09-15,TCS,EQ,1015.1,1028.0,1045.8,1010.0,1040.25,1041.75,1028.81
2011-09-16,TCS,EQ,1041.75,1048.0,1072.4,1021.3,1023.35,1027.75,1047.9
2011-09-19,TCS,EQ,1027.75,1021.5,1032.5,1012.5,1017.2,1018.05,1021.17
2011-09-20,TCS,EQ,1018.05,1022.1,1064.0,1022.1,1064.0,1057.95,1046.83
2011-09-21,TCS,EQ,1057.95,1067.95,1067.95,1036.9,1041.25,1043.5,1049.61
2011-09-22,TCS,EQ,1043.5,1023.0,1034.0,986.2,996.0,994.4,1010.79
2011-09-23,TCS,EQ,994.4,988.0,1015.0,982.25,988.95,990.3,998.15
2011-09-26,TCS,EQ,990.3,996.0,1008.0,969.0,997.6,996.95,988.72
2011-09-27,TCS,EQ,996.95,1013.8,1045.0,1006.0,1044.0,1040.55,1029.97
2011-09-28,TCS,EQ,1040.55,1048.5,1064.7,1037.0,1051.65,1047.9,1049.05
2011-09-29,TCS,EQ,1047.9,1043.25,1068.0,1035.7,1062.0,1061.45,1053.76
2011-09-30,TCS,EQ,1061.45,1049.9,1064.0,1033.1,1034.0,1037.3,1047.38
2011-10-03,TCS,EQ,1037.3,1020.0,1049.9,1015.3,1041.1,1043.3,1035.32
2011-10-04,TCS,EQ,1043.3,1038.4,1059.0,1029.1,1048.05,1045.95,1044.29
2011-10-05,TCS,EQ,1045.95,1054.5,1063.0,1041.0,1045.0,1043.55,1051.33
2011-10-07,TCS,EQ,1043.55,1075.1,1077.8,1037.5,1043.5,1048.55,1058.69
2011-10-10,TCS,EQ,1048.55,1048.0,1074.0,1048.0,1070.05,1064.7,1063.03
2011-10-11,TCS,EQ,1064.7,1075.0,1078.0,1034.5,1035.0,1040.85,1054.39
2011-10-12,TCS,EQ,1040.85,1066.0,1089.4,1062.0,1077.5,1079.05,1077.13
2011-10-13,TCS,EQ,1079.05,1096.5,1104.95,1080.1,1089.4,1092.75,1092.56
2011-10-14,TCS,EQ,1092.75,1089.4,1140.75,1088.9,1135.05,1134.25,1118.88
2011-10-17,TCS,EQ,1134.25,1151.5,1154.0,1111.3,1124.95,1120.25,1128.16
2011-10-18,TCS,EQ,1120.25,1062.0,1064.25,1020.5,1037.0,1033.55,1035.1
2011-10-19,TCS,EQ,1033.55,1043.0,1054.4,1035.2,1046.0,1048.95,1045.07
2011-10-20,TCS,EQ,1048.95,1036.0,1047.0,1030.3,1044.5,1044.9,1040.42
2011-10-21,TCS,EQ,1044.9,1054.9,1060.0,1043.0,1051.0,1049.85,1051.98
2011-10-24,TCS,EQ,1049.85,1060.0,1092.3,1059.5,1077.0,1079.75,1081.78
2011-10-25,TCS,EQ,1079.75,1089.0,1107.0,1071.45,1103.35,1098.65,1090.49
2011-10-26,TCS,EQ,1098.65,1105.0,1110.0,1093.35,1095.0,1095.9,1098.49
2011-10-28,TCS,EQ,1095.9,1129.0,1139.1,1111.0,1121.7,1121.5,1123.07
2011-10-31,TCS,EQ,1121.5,1120.0,1132.0,1112.0,1117.0,1115.8,1120.52
2011-11-01,TCS,EQ,1115.8,1108.0,1123.0,1096.25,1107.55,1108.45,1108.08
2011-11-02,TCS,EQ,1108.45,1101.25,1121.85,1100.0,1104.35,1106.85,1112.71
2011-11-03,TCS,EQ,1106.85,1097.8,1109.4,1087.0,1103.5,1105.0,1097.91
2011-11-04,TCS,EQ,1105.0,1121.0,1125.0,1087.2,1099.25,1099.8,1103.18
2011-11-08,TCS,EQ,1099.8,1096.0,1114.8,1096.0,1101.9,1105.25,1108.37
2011-11-09,TCS,EQ,1105.25,1110.0,1146.0,1106.3,1125.0,1122.95,1126.84
2011-11-11,TCS,EQ,1122.95,1110.0,1141.0,1107.25,1134.4,1131.0,1130.57
2011-11-14,TCS,EQ,1131.0,1140.0,1156.0,1124.5,1127.0,1128.4,1143.56
2011-11-15,TCS,EQ,1128.4,1125.05,1138.95,1120.0,1123.0,1124.4,1129.96
2011-11-16,TCS,EQ,1124.4,1126.0,1132.8,1105.2,1125.0,1117.25,1118.17
2011-11-17,TCS,EQ,1117.25,1115.0,1123.5,1107.6,1118.0,1115.15,1116.47
2011-11-18,TCS,EQ,1115.15,1105.75,1109.8,1076.3,1090.0,1086.6,1092.51
2011-11-21,TCS,EQ,1086.6,1085.0,1088.3,1060.1,1065.0,1067.2,1067.84
2011-11-22,TCS,EQ,1067.2,1068.9,1095.0,1057.0,1081.45,1081.85,1081.26
2011-11-23,TCS,EQ,1081.85,1081.95,1081.95,1041.0,1062.0,1062.3,1059.76
2011-11-24,TCS,EQ,1062.3,1062.0,1096.4,1045.0,1088.5,1091.8,1068.51
2011-11-25,TCS,EQ,1091.8,1085.0,1087.9,1057.1,1061.0,1063.9,1068.07
2011-11-28,TCS,EQ,1063.9,1077.95,1096.0,1074.0,1090.0,1088.5,1086.62
2011-11-29,TCS,EQ,1088.5,1093.0,1105.9,1086.2,1095.0,1093.3,1094.18
2011-11-30,TCS,EQ,1093.3,1081.15,1122.95,1081.15,1112.7,1115.55,1105.38
2011-12-01,TCS,EQ,1115.55,1140.0,1148.55,1126.2,1134.85,1134.8,1134.3
2011-12-02,TCS,EQ,1134.8,1134.85,1185.0,1129.6,1178.5,1178.0,1157.2
2011-12-05,TCS,EQ,1178.0,1172.5,1183.9,1162.55,1180.0,1180.95,1176.0
2011-12-07,TCS,EQ,1180.95,1180.0,1192.9,1173.6,1178.9,1179.55,1184.04
2011-12-08,TCS,EQ,1179.55,1170.0,1189.0,1167.15,1172.35,1177.6,1179.03
2011-12-09,TCS,EQ,1177.6,1161.0,1182.8,1161.0,1164.0,1172.4,1173.32
2011-12-12,TCS,EQ,1172.4,1176.0,1190.0,1155.1,1186.5,1180.35,1174.6
2011-12-13,TCS,EQ,1180.35,1175.0,1196.9,1166.65,1180.6,1178.7,1181.28
2011-12-14,TCS,EQ,1178.7,1180.5,1189.0,1170.0,1180.5,1182.45,1179.92
2011-12-15,TCS,EQ,1182.45,1179.7,1189.9,1154.6,1182.0,1182.5,1174.03
2011-12-16,TCS,EQ,1182.5,1176.55,1182.55,1132.3,1151.0,1146.3,1161.0
2011-12-19,TCS,EQ,1146.3,1139.0,1157.4,1114.4,1139.2,1143.65,1129.84
2011-12-20,TCS,EQ,1143.65,1145.35,1151.1,1128.25,1138.0,1133.35,1140.12
2011-12-21,TCS,EQ,1133.35,1150.0,1166.0,1122.45,1158.05,1158.7,1144.7
2011-12-22,TCS,EQ,1158.7,1152.0,1163.85,1134.25,1147.95,1151.7,1147.52
2011-12-23,TCS,EQ,1151.7,1151.0,1162.0,1139.1,1158.25,1157.15,1150.65
2011-12-26,TCS,EQ,1157.15,1157.15,1190.2,1153.5,1189.9,1188.4,1180.71
2011-12-27,TCS,EQ,1188.4,1185.4,1190.0,1170.0,1178.0,1179.45,1180.54
2011-12-28,TCS,EQ,1179.45,1178.7,1183.55,1165.9,1169.0,1169.2,1173.47
2011-12-29,TCS,EQ,1169.2,1163.5,1178.1,1159.5,1165.0,1165.7,1166.48
2011-12-30,TCS,EQ,1165.7,1178.0,1182.5,1156.5,1156.95,1160.65,1170.42
2012-01-02,TCS,EQ,1160.65,1161.0,1185.95,1153.0,1177.9,1178.6,1173.1
2012-01-03,TCS,EQ,1178.6,1183.25,1209.9,1180.0,1197.0,1197.6,1199.44
2012-01-04,TCS,EQ,1197.6,1204.9,1205.0,1169.3,1170.75,1173.0,1185.0
2012-01-05,TCS,EQ,1173.0,1172.8,1185.0,1167.35,1171.2,1172.0,1175.53
2012-01-06,TCS,EQ,1172.0,1166.0,1188.35,1156.8,1170.95,1169.4,1169.03
2012-01-07,TCS,EQ,1169.4,1170.0,1178.75,1170.0,1172.0,1172.5,1173.74
2012-01-09,TCS,EQ,1172.5,1171.0,1179.7,1165.25,1172.3,1171.35,1172.89
2012-01-10,TCS,EQ,1171.35,1175.0,1185.5,1158.5,1168.0,1165.4,1167.8
2012-01-11,TCS,EQ,1165.4,1171.4,1175.0,1133.15,1135.55,1137.0,1147.96
2012-01-12,TCS,EQ,1137.0,1101.0,1115.0,1068.65,1096.35,1089.5,1087.96
2012-01-13,TCS,EQ,1089.5,1097.15,1103.35,1073.0,1085.45,1085.75,1084.61
2012-01-16,TCS,EQ,1085.75,1084.0,1114.0,1078.9,1108.8,1109.4,1104.53
2012-01-17,TCS,EQ,1109.4,1119.9,1124.7,1094.0,1105.25,1103.95,1105.76
2012-01-18,TCS,EQ,1103.95,1080.0,1096.3,1045.3,1073.0,1076.15,1073.82
2012-01-19,TCS,EQ,1076.15,1087.0,1088.9,1065.4,1075.0,1075.55,1073.09
2012-01-20,TCS,EQ,1075.55,1079.95,1090.95,1073.0,1076.55,1079.5,1082.09
2012-01-23,TCS,EQ,1079.5,1086.0,1091.45,1074.15,1076.25,1077.7,1082.71
2012-01-24,TCS,EQ,1077.7,1088.0,1095.0,1078.0,1085.55,1088.7,1087.21
2012-01-25,TCS,EQ,1088.7,1094.9,1109.95,1091.05,1095.2,1098.0,1102.39
2012-01-27,TCS,EQ,1098.0,1105.0,1120.55,1100.1,1108.7,1108.75,1111.25
2012-01-30,TCS,EQ,1108.75,1102.5,1118.95,1100.75,1112.25,1111.75,1112.97
2012-01-31,TCS,EQ,1111.75,1113.0,1135.9,1113.0,1131.0,1132.4,1127.93
2012-02-01,TCS,EQ,1132.4,1129.4,1135.0,1108.25,1131.0,1128.7,1120.32
2012-02-02,TCS,EQ,1128.7,1136.0,1152.65,1130.3,1150.0,1148.0,1143.42
2012-02-03,TCS,EQ,1148.0,1145.0,1176.0,1141.0,1169.7,1171.55,1159.52
2012-02-06,TCS,EQ,1171.55,1183.7,1200.05,1173.35,1197.6,1193.85,1189.08
2012-02-07,TCS,EQ,1193.85,1209.7,1209.7,1191.9,1201.0,1198.0,1201.75
2012-02-08,TCS,EQ,1198.0,1216.4,1226.85,1211.0,1220.0,1219.65,1220.89
2012-02-09,TCS,EQ,1219.65,1211.1,1232.0,1188.0,1229.95,1228.6,1214.03
2012-02-10,TCS,EQ,1228.6,1228.0,1238.0,1212.0,1228.0,1233.4,1225.77
2012-02-13,TCS,EQ,1233.4,1222.2,1237.95,1214.0,1228.0,1225.7,1223.18
2012-02-14,TCS,EQ,1225.7,1225.0,1229.55,1215.0,1221.0,1220.0,1221.34
2012-02-15,TCS,EQ,1220.0,1227.15,1248.8,1219.5,1238.2,1241.6,1238.88
2012-02-16,TCS,EQ,1241.6,1238.0,1242.0,1218.0,1222.3,1225.35,1228.62
2012-02-17,TCS,EQ,1225.35,1234.85,1254.0,1221.0,1225.35,1228.75,1236.33
2012-02-21,TCS,EQ,1228.75,1223.55,1240.0,1204.75,1235.95,1237.05,1223.68
2012-02-22,TCS,EQ,1237.05,1235.0,1266.85,1229.0,1246.2,1252.35,1253.35
2012-02-23,TCS,EQ,1252.35,1249.05,1274.9,1244.0,1254.3,1259.8,1258.53
2012-02-24,TCS,EQ,1259.8,1259.0,1280.85,1257.25,1268.0,1270.0,1272.33
2012-02-27,TCS,EQ,1270.0,1279.0,1279.95,1245.6,1250.0,1252.05,1264.81
2012-02-28,TCS,EQ,1252.05,1255.25,1260.4,1219.1,1227.6,1226.55,1229.19
2012-02-29,TCS,EQ,1226.55,1240.0,1240.0,1212.25,1220.9,1221.95,1225.44
2012-03-01,TCS,EQ,1221.95,1223.0,1226.95,1210.05,1219.0,1219.6,1218.15
2012-03-02,TCS,EQ,1219.6,1226.0,1227.0,1207.0,1219.0,1217.25,1215.55
2012-03-03,TCS,EQ,1217.25,1219.0,1223.85,1213.0,1213.0,1218.4,1219.62
2012-03-05,TCS,EQ,1218.4,1214.0,1222.45,1201.0,1208.1,1207.3,1210.56
2012-03-06,TCS,EQ,1207.3,1203.0,1221.3,1189.0,1190.0,1202.0,1205.31
2012-03-07,TCS,EQ,1202.0,1195.0,1206.0,1186.55,1195.9,1192.85,1194.93
2012-03-09,TCS,EQ,1192.85,1227.0,1227.0,1202.95,1207.1,1208.55,1211.48
2012-03-12,TCS,EQ,1208.55,1215.9,1218.85,1183.2,1185.6,1189.05,1194.24
2012-03-13,TCS,EQ,1189.05,1190.0,1214.95,1190.0,1198.8,1197.0,1201.97
2012-03-14,TCS,EQ,1197.0,1210.1,1214.0,1151.0,1152.0,1154.55,1171.28
2012-03-15,TCS,EQ,1154.55,1159.0,1170.95,1145.0,1164.8,1163.7,1159.1
2012-03-16,TCS,EQ,1163.7,1169.95,1180.0,1158.0,1163.6,1169.55,1171.59
2012-03-19,TCS,EQ,1169.55,1169.55,1169.55,1111.8,1124.75,1122.0,1125.12
2012-03-20,TCS,EQ,1122.0,1129.0,1145.0,1120.0,1133.7,1134.85,1136.9
2012-03-21,TCS,EQ,1134.85,1136.95,1179.8,1136.55,1173.95,1175.75,1168.03
2012-03-22,TCS,EQ,1175.75,1174.7,1189.7,1160.0,1167.2,1167.75,1175.59
2012-03-23,TCS,EQ,1167.75,1175.0,1191.9,1164.8,1185.0,1184.65,1184.32
2012-03-26,TCS,EQ,1184.65,1177.0,1185.0,1154.0,1158.0,1161.6,1161.92
2012-03-27,TCS,EQ,1161.6,1173.0,1179.65,1151.95,1176.0,1174.75,1166.22
2012-03-28,TCS,EQ,1174.75,1174.0,1174.65,1154.45,1165.0,1165.1,1164.29
2012-03-29,TCS,EQ,1165.1,1151.0,1164.0,1132.4,1148.95,1141.2,1144.18
2012-03-30,TCS,EQ,1141.2,1145.5,1175.75,1145.5,1165.0,1168.8,1163.32
2012-04-02,TCS,EQ,1168.8,1170.0,1199.0,1170.0,1198.0,1194.25,1186.71
2012-04-03,TCS,EQ,1194.25,1200.2,1207.35,1175.3,1175.75,1178.0,1183.46
2012-04-04,TCS,EQ,1178.0,1169.0,1189.8,1167.0,1179.75,1178.45,1180.33
2012-04-09,TCS,EQ,1178.45,1170.0,1188.0,1158.25,1165.35,1164.1,1175.84
2012-04-10,TCS,EQ,1164.1,1166.3,1175.65,1152.25,1155.95,1156.2,1158.41
2012-04-11,TCS,EQ,1156.2,1149.7,1155.0,1135.2,1139.7,1138.1,1143.93
2012-04-12,TCS,EQ,1138.1,1140.25,1148.0,1129.1,1132.5,1131.65,1136.79
2012-04-13,TCS,EQ,1131.65,1091.35,1104.7,1061.25,1065.0,1068.35,1080.09
2012-04-16,TCS,EQ,1068.35,1065.25,1074.3,1053.3,1070.0,1069.75,1065.95
2012-04-17,TCS,EQ,1069.75,1085.0,1094.95,1073.8,1094.4,1090.85,1084.39
2012-04-18,TCS,EQ,1090.85,1100.0,1114.7,1093.85,1095.0,1097.55,1101.7
2012-04-19,TCS,EQ,1097.55,1100.9,1106.8,1091.1,1103.05,1102.95,1099.59
2012-04-20,TCS,EQ,1102.95,1093.25,1107.95,1077.4,1093.55,1088.45,1093.84
2012-04-23,TCS,EQ,1088.45,1093.95,1102.4,1047.65,1065.9,1064.25,1079.48
2012-04-24,TCS,EQ,1064.25,1122.0,1205.0,1117.3,1198.95,1194.2,1171.47
2012-04-25,TCS,EQ,1194.2,1189.0,1190.0,1167.5,1170.05,1171.05,1177.95
2012-04-26,TCS,EQ,1171.05,1170.0,1201.9,1164.5,1198.3,1194.65,1187.6
2012-04-27,TCS,EQ,1194.65,1190.0,1212.0,1190.0,1200.1,1204.0,1202.72
2012-04-28,TCS,EQ,1204.0,1200.0,1205.0,1196.1,1203.0,1201.85,1199.75
2012-04-30,TCS,EQ,1201.85,1204.0,1250.0,1204.0,1250.0,1246.6,1237.04
2012-05-02,TCS,EQ,1246.6,1242.1,1274.4,1242.1,1264.7,1267.25,1265.18
2012-05-03,TCS,EQ,1267.25,1262.7,1284.1,1258.55,1277.0,1279.5,1274.05
2012-05-04,TCS,EQ,1279.5,1280.0,1295.25,1263.05,1279.3,1276.8,1277.58
2012-05-07,TCS,EQ,1276.8,1260.0,1278.5,1248.4,1278.5,1273.25,1262.06
2012-05-08,TCS,EQ,1273.25,1225.0,1234.7,1195.65,1200.0,1200.7,1215.42
2012-05-09,TCS,EQ,1200.7,1195.0,1234.6,1194.1,1223.95,1225.55,1225.5
2012-05-10,TCS,EQ,1225.55,1225.55,1241.8,1225.0,1234.7,1232.55,1232.35
2012-05-11,TCS,EQ,1232.55,1224.0,1236.9,1221.2,1229.15,1230.75,1229.3
2012-05-14,TCS,EQ,1230.75,1227.3,1234.0,1220.0,1225.0,1225.95,1225.81
2012-05-15,TCS,EQ,1225.95,1224.0,1233.0,1219.8,1226.8,1226.3,1226.03
2012-05-16,TCS,EQ,1226.3,1220.0,1241.9,1206.75,1215.0,1223.4,1227.16
2012-05-17,TCS,EQ,1223.4,1222.0,1235.0,1199.05,1228.3,1222.0,1216.99
2012-05-18,TCS,EQ,1222.0,1204.8,1224.9,1202.65,1219.0,1210.65,1215.21
2012-05-21,TCS,EQ,1210.65,1211.0,1225.0,1204.05,1208.25,1209.2,1214.89
2012-05-22,TCS,EQ,1209.2,1221.0,1240.0,1213.0,1239.0,1224.05,1222.33
2012-05-23,TCS,EQ,1224.05,1233.0,1235.55,1214.1,1220.9,1225.15,1224.11
2012-05-24,TCS,EQ,1225.15,1225.0,1228.95,1207.1,1223.0,1221.45,1217.99
2012-05-25,TCS,EQ,1221.45,1212.1,1225.0,1209.1,1223.15,1220.8,1218.72
2012-05-28,TCS,EQ,1220.8,1224.0,1230.0,1215.05,1228.9,1224.7,1221.25
2012-05-29,TCS,EQ,1224.7,1228.0,1248.0,1218.4,1240.2,1240.35,1236.97
2012-05-30,TCS,EQ,1240.35,1231.25,1257.0,1231.25,1239.8,1240.55,1245.5
2012-05-31,TCS,EQ,1240.55,1221.0,1255.9,1221.0,1244.05,1245.35,1241.44
2012-06-01,TCS,EQ,1245.35,1240.0,1245.0,1218.5,1223.7,1224.6,1224.73
2012-06-04,TCS,EQ,1224.6,1210.0,1216.0,1196.2,1215.0,1213.25,1207.71
2012-06-05,TCS,EQ,1213.25,1214.0,1230.9,1214.0,1227.0,1226.5,1224.06
2012-06-06,TCS,EQ,1226.5,1230.0,1263.75,1229.1,1249.05,1251.15,1253.19
2012-06-07,TCS,EQ,1251.15,1247.0,1249.9,1231.55,1240.0,1240.2,1238.48
2012-06-08,TCS,EQ,1240.2,1231.2,1242.6,1224.15,1230.0,1230.9,1228.54
2012-06-11,TCS,EQ,1230.9,1233.0,1246.05,1227.1,1234.0,1233.55,1233.32
2012-06-12,TCS,EQ,1233.55,1221.1,1253.0,1221.1,1248.3,1248.1,1241.11
2012-06-13,TCS,EQ,1248.1,1249.0,1260.0,1242.6,1255.0,1250.4,1251.46
2012-06-14,TCS,EQ,1250.4,1249.0,1261.5,1245.0,1253.8,1254.0,1255.76
2012-06-15,TCS,EQ,1254.0,1254.05,1280.0,1249.0,1273.55,1272.45,1263.26
2012-06-18,TCS,EQ,1272.45,1276.0,1286.35,1250.0,1256.25,1257.15,1265.9
2012-06-19,TCS,EQ,1257.15,1256.9,1279.25,1255.1,1275.0,1273.95,1267.31
2012-06-20,TCS,EQ,1273.95,1274.0,1274.0,1243.3,1252.0,1252.8,1260.59
2012-06-21,TCS,EQ,1252.8,1245.05,1252.0,1209.0,1224.2,1224.05,1223.02
2012-06-22,TCS,EQ,1224.05,1214.25,1239.9,1214.25,1233.4,1233.45,1232.65
2012-06-25,TCS,EQ,1233.45,1237.0,1238.5,1211.0,1217.5,1216.75,1226.36
2012-06-26,TCS,EQ,1216.75,1217.5,1237.0,1217.05,1236.4,1235.1,1232.26
2012-06-27,TCS,EQ,1235.1,1236.25,1258.8,1236.25,1242.0,1246.7,1248.88
2012-06-28,TCS,EQ,1246.7,1246.95,1263.9,1236.25,1252.75,1258.85,1250.66
2012-06-29,TCS,EQ,1258.85,1263.35,1287.0,1262.9,1278.05,1277.45,1278.87
2012-07-02,TCS,EQ,1277.45,1279.0,1279.0,1256.45,1259.55,1259.45,1265.13
2012-07-03,TCS,EQ,1259.45,1265.0,1269.8,1230.3,1240.6,1239.4,1242.05
2012-07-04,TCS,EQ,1239.4,1243.5,1249.5,1231.55,1248.0,1247.85,1240.85
2012-07-05,TCS,EQ,1247.85,1247.85,1247.85,1235.2,1241.6,1240.6,1240.47
2012-07-06,TCS,EQ,1240.6,1240.0,1252.8,1227.0,1252.15,1247.75,1238.32
2012-07-09,TCS,EQ,1247.75,1245.0,1264.55,1243.35,1261.3,1259.4,1260.57
2012-07-10,TCS,EQ,1259.4,1265.0,1270.25,1249.55,1262.1,1261.7,1260.22
2012-07-11,TCS,EQ,1261.7,1253.25,1274.5,1253.25,1258.6,1258.3,1261.66
2012-07-12,TCS,EQ,1258.3,1225.0,1250.0,1219.3,1233.15,1236.0,1235.31
2012-07-13,TCS,EQ,1236.0,1273.8,1284.0,1243.0,1249.15,1249.4,1261.47
2012-07-16,TCS,EQ,1249.4,1249.0,1259.25,1202.9,1203.3,1207.35,1224.38
2012-07-17,TCS,EQ,1207.35,1218.0,1224.0,1175.2,1186.6,1185.9,1188.57
2012-07-18,TCS,EQ,1185.9,1195.0,1204.4,1178.5,1195.1,1195.3,1189.41
2012-07-19,TCS,EQ,1195.3,1203.0,1210.0,1195.25,1203.0,1201.0,1203.04
2012-07-20,TCS,EQ,1201.0,1201.0,1228.0,1200.3,1223.0,1223.05,1221.09
2012-07-23,TCS,EQ,1223.05,1208.0,1227.2,1201.0,1208.7,1214.25,1220.48
2012-07-24,TCS,EQ,1214.25,1208.1,1218.65,1197.1,1210.0,1209.15,1207.03
2012-07-25,TCS,EQ,1209.15,1204.0,1217.0,1196.9,1214.9,1213.15,1206.52
2012-07-26,TCS,EQ,1213.15,1213.0,1221.0,1190.2,1196.2,1198.45,1206.15
2012-07-27,TCS,EQ,1198.45,1215.0,1230.2,1203.25,1230.0,1225.3,1218.88
2012-07-30,TCS,EQ,1225.3,1234.9,1242.85,1214.55,1234.25,1231.0,1227.32
2012-07-31,TCS,EQ,1231.0,1235.0,1249.25,1226.25,1242.75,1243.65,1241.28
2012-08-01,TCS,EQ,1243.65,1238.1,1244.8,1222.1,1224.0,1224.65,1228.73
2012-08-02,TCS,EQ,1224.65,1229.95,1236.7,1222.0,1234.05,1232.8,1231.25
2012-08-03,TCS,EQ,1232.8,1228.0,1240.25,1218.1,1239.05,1236.9,1230.6
2012-08-06,TCS,EQ,1236.9,1245.0,1248.0,1225.2,1226.0,1228.9,1232.54
2012-08-07,TCS,EQ,1228.9,1239.0,1266.2,1234.65,1263.5,1264.05,1251.29
2012-08-08,TCS,EQ,1264.05,1265.0,1266.65,1246.4,1249.95,1249.2,1253.34
2012-08-09,TCS,EQ,1249.2,1250.25,1267.85,1250.25,1263.25,1258.15,1260.05
2012-08-10,TCS,EQ,1258.15,1256.0,1285.0,1255.75,1284.95,1280.05,1273.5
2012-08-13,TCS,EQ,1280.05,1279.1,1279.1,1257.25,1266.15,1266.3,1266.41
2012-08-14,TCS,EQ,1266.3,1260.0,1273.25,1259.25,1269.0,1268.4,1266.96
2012-08-16,TCS,EQ,1268.4,1270.15,1271.55,1252.1,1267.55,1263.55,1261.88
2012-08-17,TCS,EQ,1263.55,1265.05,1284.5,1264.0,1277.5,1278.6,1277.6
2012-08-21,TCS,EQ,1278.6,1279.9,1305.0,1277.1,1301.2,1298.65,1295.64
2012-08-22,TCS,EQ,1298.65,1295.9,1309.0,1288.1,1295.15,1291.65,1298.82
2012-08-23,TCS,EQ,1291.65,1291.75,1326.0,1291.75,1324.8,1323.45,1316.03
2012-08-24,TCS,EQ,1323.45,1320.0,1328.4,1313.0,1320.3,1322.85,1321.92
2012-08-27,TCS,EQ,1322.85,1316.2,1330.9,1315.0,1322.7,1320.45,1320.66
2012-08-28,TCS,EQ,1320.45,1326.95,1354.65,1315.0,1350.5,1350.9,1342.11
2012-08-29,TCS,EQ,1350.9,1350.0,1358.0,1335.0,1344.9,1343.3,1344.66
2012-08-30,TCS,EQ,1343.3,1339.9,1388.8,1323.4,1356.0,1367.15,1356.66
2012-08-31,TCS,EQ,1367.15,1357.0,1359.0,1334.65,1341.1,1343.75,1345.32
2012-09-03,TCS,EQ,1343.75,1350.0,1354.9,1333.0,1334.0,1337.85,1342.22
2012-09-04,TCS,EQ,1337.85,1332.9,1347.0,1322.05,1343.1,1340.85,1331.9
2012-09-05,TCS,EQ,1340.85,1339.5,1371.0,1332.0,1365.0,1364.5,1351.37
2012-09-06,TCS,EQ,1364.5,1364.1,1379.9,1353.65,1378.0,1375.6,1370.86
2012-09-07,TCS,EQ,1375.6,1390.0,1396.8,1378.9,1383.15,1386.7,1388.2
2012-09-08,TCS,EQ,1386.7,1380.45,1389.4,1380.45,1388.3,1386.5,1385.46
2012-09-10,TCS,EQ,1386.5,1383.2,1383.9,1365.95,1367.3,1371.45,1373.72
2012-09-11,TCS,EQ,1371.45,1369.0,1395.6,1364.05,1391.1,1392.65,1382.93
2012-09-12,TCS,EQ,1392.65,1396.95,1421.0,1389.9,1414.3,1414.9,1411.21
2012-09-13,TCS,EQ,1414.9,1413.0,1423.95,1409.55,1416.0,1417.7,1417.65
2012-09-14,TCS,EQ,1417.7,1428.0,1439.8,1402.15,1412.35,1413.1,1415.2
2012-09-17,TCS,EQ,1413.1,1418.25,1421.55,1335.5,1337.2,1342.1,1364.5
2012-09-18,TCS,EQ,1342.1,1345.0,1345.0,1292.55,1301.85,1299.8,1314.69
2012-09-20,TCS,EQ,1299.8,1295.0,1336.9,1291.6,1315.9,1322.0,1322.18
2012-09-21,TCS,EQ,1322.0,1324.9,1332.3,1298.3,1306.75,1304.05,1313.3
2012-09-24,TCS,EQ,1304.05,1310.0,1313.0,1277.0,1288.4,1289.45,1286.4
2012-09-25,TCS,EQ,1289.45,1290.1,1309.75,1282.3,1300.0,1293.2,1298.08
2012-09-26,TCS,EQ,1293.2,1295.2,1305.0,1282.0,1286.8,1285.6,1290.38
2012-09-27,TCS,EQ,1285.6,1280.1,1299.5,1261.1,1276.5,1271.55,1279.98
2012-09-28,TCS,EQ,1271.55,1278.8,1305.0,1276.5,1293.55,1295.9,1295.71
2012-10-01,TCS,EQ,1295.9,1295.0,1309.8,1293.05,1300.3,1302.95,1302.07
2012-10-03,TCS,EQ,1302.95,1301.0,1325.0,1301.0,1322.0,1322.65,1317.6
2012-10-04,TCS,EQ,1322.65,1320.0,1321.65,1308.65,1319.0,1317.15,1315.17
2012-10-05,TCS,EQ,1317.15,1310.25,1319.35,1055.0,1301.15,1304.0,1286.04
2012-10-08,TCS,EQ,1304.0,1310.0,1315.25,1285.45,1288.0,1292.7,1298.56
2012-10-09,TCS,EQ,1292.7,1297.9,1298.8,1285.0,1295.0,1294.85,1292.43
2012-10-10,TCS,EQ,1294.85,1286.0,1301.75,1285.0,1289.0,1289.35,1290.44
2012-10-11,TCS,EQ,1289.35,1290.25,1301.55,1286.05,1291.8,1289.45,1293.31
2012-10-12,TCS,EQ,1289.45,1278.8,1313.65,1273.2,1295.25,1298.45,1295.65
2012-10-15,TCS,EQ,1298.45,1294.0,1302.4,1287.5,1292.0,1294.65,1293.94
2012-10-16,TCS,EQ,1294.65,1297.0,1310.2,1287.8,1287.9,1295.9,1301.0
2012-10-17,TCS,EQ,1295.9,1301.3,1304.9,1272.0,1282.25,1283.15,1283.54
2012-10-18,TCS,EQ,1283.15,1286.25,1311.0,1280.2,1306.45,1307.35,1295.7
2012-10-19,TCS,EQ,1307.35,1309.0,1311.4,1282.0,1290.15,1289.7,1294.96
2012-10-22,TCS,EQ,1289.7,1325.1,1334.9,1303.0,1318.9,1318.9,1321.29
2012-10-23,TCS,EQ,1318.9,1324.0,1324.0,1311.9,1314.25,1314.6,1316.33
2012-10-25,TCS,EQ,1314.6,1315.0,1323.9,1304.25,1318.0,1315.35,1315.79
2012-10-26,TCS,EQ,1315.35,1306.2,1322.0,1306.2,1316.85,1315.3,1315.35
2012-10-29,TCS,EQ,1315.3,1311.0,1319.8,1300.8,1308.75,1308.4,1308.96
2012-10-30,TCS,EQ,1308.4,1304.4,1322.0,1304.4,1310.0,1311.5,1313.37
2012-10-31,TCS,EQ,1311.5,1309.1,1316.8,1304.0,1315.2,1315.5,1312.07
2012-11-01,TCS,EQ,1315.5,1314.9,1320.35,1310.2,1314.5,1315.25,1315.08
2012-11-02,TCS,EQ,1315.25,1324.9,1338.0,1318.4,1329.0,1331.2,1330.55
2012-11-05,TCS,EQ,1331.2,1335.9,1343.35,1325.3,1328.7,1329.6,1334.48
2012-11-06,TCS,EQ,1329.6,1325.0,1337.4,1319.45,1320.0,1320.55,1325.89
2012-11-07,TCS,EQ,1320.55,1325.0,1333.35,1321.5,1332.95,1331.5,1329.38
2012-11-08,TCS,EQ,1331.5,1324.0,1334.7,1316.6,1331.0,1331.2,1328.38
2012-11-09,TCS,EQ,1331.2,1330.0,1333.25,1320.9,1325.95,1324.95,1325.69
2012-11-12,TCS,EQ,1324.95,1320.0,1348.0,1320.0,1330.5,1334.5,1337.33
2012-11-13,TCS,EQ,1334.5,1335.15,1337.2,1322.05,1322.6,1325.3,1326.61
2012-11-15,TCS,EQ,1325.3,1320.1,1322.0,1291.0,1293.7,1294.15,1301.51
2012-11-16,TCS,EQ,1294.15,1299.8,1306.8,1280.1,1282.0,1286.8,1294.78
2012-11-19,TCS,EQ,1286.8,1290.1,1295.0,1258.5,1263.3,1262.35,1269.03
2012-11-20,TCS,EQ,1262.35,1275.0,1282.9,1256.05,1281.1,1272.8,1268.39
2012-11-21,TCS,EQ,1272.8,1276.25,1294.7,1276.25,1279.0,1282.2,1284.27
2012-11-22,TCS,EQ,1282.2,1282.1,1284.1,1271.0,1278.7,1276.45,1276.65
2012-11-23,TCS,EQ,1276.45,1282.0,1291.4,1271.25,1287.1,1288.6,1283.43
2012-11-26,TCS,EQ,1288.6,1288.0,1295.7,1285.0,1294.0,1293.7,1291.82
2012-11-27,TCS,EQ,1293.7,1299.9,1299.9,1288.3,1296.5,1295.2,1295.76
2012-11-29,TCS,EQ,1295.2,1310.0,1312.0,1292.35,1299.5,1298.1,1299.12
2012-11-30,TCS,EQ,1298.1,1295.0,1325.0,1291.1,1319.05,1314.0,1304.32
2012-12-03,TCS,EQ,1314.0,1315.0,1322.0,1305.2,1317.05,1316.8,1313.56
2012-12-04,TCS,EQ,1316.8,1315.1,1321.8,1292.9,1292.9,1299.45,1301.61
2012-12-05,TCS,EQ,1299.45,1300.0,1307.55,1288.6,1300.0,1297.9,1296.39
2012-12-06,TCS,EQ,1297.9,1295.0,1295.0,1269.0,1279.05,1280.7,1275.74
2012-12-07,TCS,EQ,1280.7,1276.65,1280.7,1257.05,1264.0,1264.15,1269.92
2012-12-10,TCS,EQ,1264.15,1262.1,1266.8,1231.2,1239.0,1237.2,1243.64
2012-12-11,TCS,EQ,1237.2,1235.0,1243.0,1210.35,1218.25,1219.7,1228.32
2012-12-12,TCS,EQ,1219.7,1224.9,1241.0,1221.1,1223.9,1225.8,1230.78
2012-12-13,TCS,EQ,1225.8,1230.1,1234.6,1217.1,1217.85,1222.55,1226.62
2012-12-14,TCS,EQ,1222.55,1217.0,1245.0,1216.15,1239.1,1242.9,1237.95
2012-12-17,TCS,EQ,1242.9,1239.15,1248.9,1202.1,1205.85,1205.5,1214.54
2012-12-18,TCS,EQ,1205.5,1214.7,1225.0,1197.0,1210.25,1210.65,1206.56
2012-12-19,TCS,EQ,1210.65,1216.1,1236.55,1216.1,1232.55,1232.65,1231.54
2012-12-20,TCS,EQ,1232.65,1227.15,1255.0,1227.15,1251.5,1252.05,1244.74
2012-12-21,TCS,EQ,1252.05,1250.0,1264.4,1237.7,1258.0,1258.7,1256.81
2012-12-24,TCS,EQ,1258.7,1262.0,1271.1,1260.1,1263.2,1266.2,1266.99
2012-12-26,TCS,EQ,1266.2,1267.0,1269.15,1255.3,1264.8,1262.2,1261.61
2012-12-27,TCS,EQ,1262.2,1264.9,1264.9,1247.65,1250.1,1250.95,1253.15
2012-12-28,TCS,EQ,1250.95,1254.0,1272.0,1250.75,1269.0,1267.5,1261.76
2012-12-31,TCS,EQ,1267.5,1261.0,1265.6,1252.0,1253.75,1255.85,1257.2
2013-01-01,TCS,EQ,1255.85,1266.95,1267.9,1260.0,1262.3,1264.15,1264.08
2013-01-02,TCS,EQ,1264.15,1267.0,1272.4,1255.55,1262.95,1263.3,1264.24
2013-01-03,TCS,EQ,1263.3,1265.0,1284.0,1259.95,1282.9,1280.6,1276.67
2013-01-04,TCS,EQ,1280.6,1285.0,1301.0,1280.9,1299.0,1299.2,1292.63
2013-01-07,TCS,EQ,1299.2,1300.0,1304.0,1290.25,1295.0,1294.85,1296.12
2013-01-08,TCS,EQ,1294.85,1295.0,1304.3,1294.3,1300.5,1300.25,1299.83
2013-01-09,TCS,EQ,1300.25,1301.0,1307.4,1273.15,1277.0,1276.6,1284.34
2013-01-10,TCS,EQ,1276.6,1279.9,1282.1,1255.3,1269.0,1258.4,1265.53
2013-01-11,TCS,EQ,1258.4,1290.0,1322.5,1290.0,1305.8,1306.35,1305.15
2013-01-14,TCS,EQ,1306.35,1319.0,1348.45,1307.35,1335.6,1334.5,1333.24
2013-01-15,TCS,EQ,1334.5,1390.0,1400.0,1327.0,1338.05,1337.45,1364.59
2013-01-16,TCS,EQ,1337.45,1336.9,1355.0,1309.0,1344.9,1347.75,1334.25
2013-01-17,TCS,EQ,1347.75,1349.7,1371.8,1343.0,1360.75,1362.0,1362.88
2013-01-18,TCS,EQ,1362.0,1362.5,1366.05,1338.05,1350.95,1351.0,1352.62
2013-01-21,TCS,EQ,1351.0,1352.5,1354.9,1327.1,1330.8,1330.0,1335.87
2013-01-22,TCS,EQ,1330.0,1326.0,1331.7,1308.1,1314.8,1317.5,1323.02
2013-01-23,TCS,EQ,1317.5,1315.75,1323.75,1298.4,1312.0,1311.95,1309.1
2013-01-24,TCS,EQ,1311.95,1305.0,1336.9,1305.0,1330.0,1328.55,1329.53
2013-01-25,TCS,EQ,1328.55,1323.75,1345.0,1323.75,1343.0,1340.5,1339.87
2013-01-28,TCS,EQ,1340.5,1340.3,1349.95,1337.95,1345.15,1345.05,1345.16
2013-01-29,TCS,EQ,1345.05,1341.2,1356.55,1340.3,1343.55,1344.95,1347.29
2013-01-30,TCS,EQ,1344.95,1341.0,1349.85,1335.8,1342.0,1346.15,1345.73
2013-01-31,TCS,EQ,1346.15,1348.85,1352.45,1326.4,1343.1,1344.15,1344.12
2013-02-01,TCS,EQ,1344.15,1344.0,1352.0,1342.15,1347.9,1348.1,1348.12
2013-02-04,TCS,EQ,1348.1,1349.0,1367.8,1345.15,1352.0,1356.35,1356.73
2013-02-05,TCS,EQ,1356.35,1345.1,1365.0,1345.1,1361.15,1360.05,1360.1
2013-02-06,TCS,EQ,1360.05,1362.5,1375.9,1362.0,1368.0,1370.55,1367.7
2013-02-07,TCS,EQ,1370.55,1361.0,1390.0,1361.0,1386.0,1387.15,1380.15
2013-02-08,TCS,EQ,1387.15,1386.0,1437.0,1385.1,1418.1,1422.6,1419.74
2013-02-11,TCS,EQ,1422.6,1424.0,1428.9,1412.25,1413.0,1414.7,1417.33
2013-02-12,TCS,EQ,1414.7,1409.05,1415.0,1401.85,1410.0,1410.05,1409.96
2013-02-13,TCS,EQ,1410.05,1409.8,1441.65,1405.1,1433.5,1435.4,1435.36
2013-02-14,TCS,EQ,1435.4,1430.1,1455.8,1429.0,1444.65,1447.7,1448.9
2013-02-15,TCS,EQ,1447.7,1444.0,1451.8,1430.65,1440.0,1442.15,1444.23
2013-02-18,TCS,EQ,1442.15,1440.1,1441.9,1420.0,1421.45,1425.35,1428.73
2013-02-19,TCS,EQ,1425.35,1421.6,1448.9,1412.7,1445.3,1443.55,1431.43
2013-02-20,TCS,EQ,1443.55,1441.5,1457.0,1441.5,1450.0,1452.8,1452.73
2013-02-21,TCS,EQ,1452.8,1440.7,1456.85,1440.7,1450.85,1451.05,1450.87
2013-02-22,TCS,EQ,1451.05,1450.0,1464.05,1442.3,1456.5,1455.1,1454.89
2013-02-25,TCS,EQ,1455.1,1453.0,1475.0,1451.5,1475.0,1473.7,1469.46
2013-02-26,TCS,EQ,1473.7,1467.0,1499.95,1466.0,1499.5,1496.4,1487.03
2013-02-27,TCS,EQ,1496.4,1495.25,1503.05,1477.3,1483.0,1483.2,1485.18
2013-02-28,TCS,EQ,1483.2,1486.25,1525.0,1485.25,1520.7,1517.0,1507.97
2013-03-01,TCS,EQ,1517.0,1515.1,1516.0,1498.0,1498.1,1501.85,1502.52
2013-03-04,TCS,EQ,1501.85,1491.0,1519.9,1491.0,1519.9,1513.2,1507.13
2013-03-05,TCS,EQ,1513.2,1517.0,1543.0,1508.6,1539.85,1540.15,1533.97
2013-03-06,TCS,EQ,1540.15,1536.15,1565.5,1536.15,1565.5,1561.2,1551.3
2013-03-07,TCS,EQ,1561.2,1561.0,1597.6,1559.35,1589.7,1589.9,1583.32
2013-03-08,TCS,EQ,1589.9,1590.0,1595.65,1574.9,1582.35,1583.15,1582.78
2013-03-11,TCS,EQ,1583.15,1575.0,1589.55,1556.65,1560.5,1566.2,1569.85
2013-03-12,TCS,EQ,1566.2,1558.0,1567.95,1548.0,1564.1,1560.5,1554.8
2013-03-13,TCS,EQ,1560.5,1556.05,1558.7,1548.0,1552.9,1551.7,1551.46
2013-03-14,TCS,EQ,1551.7,1557.0,1577.0,1543.8,1567.65,1567.7,1556.11
2013-03-15,TCS,EQ,1567.7,1572.0,1580.4,1560.6,1567.25,1570.25,1571.37
2013-03-18,TCS,EQ,1570.25,1559.85,1573.65,1554.4,1568.0,1566.95,1564.93
2013-03-19,TCS,EQ,1566.95,1564.5,1564.5,1540.45,1541.9,1546.75,1548.47
2013-03-20,TCS,EQ,1546.75,1540.0,1572.65,1539.95,1562.0,1557.65,1557.99
2013-03-21,TCS,EQ,1557.65,1563.0,1574.4,1553.7,1566.8,1559.95,1565.67
2013-03-22,TCS,EQ,1559.95,1561.4,1562.1,1532.0,1534.0,1542.15,1546.93
2013-03-25,TCS,EQ,1542.15,1548.5,1552.0,1528.4,1547.0,1543.35,1541.92
2013-03-26,TCS,EQ,1543.35,1540.1,1570.0,1536.15,1559.0,1556.35,1557.67
2013-03-28,TCS,EQ,1556.35,1556.0,1583.4,1541.65,1571.95,1575.75,1561.68
2013-04-01,TCS,EQ,1575.75,1565.0,1573.7,1551.25,1552.1,1556.85,1561.62
2013-04-02,TCS,EQ,1556.85,1556.0,1571.2,1541.25,1568.0,1567.35,1557.43
2013-04-03,TCS,EQ,1567.35,1570.0,1575.0,1531.0,1545.8,1543.4,1555.41
2013-04-04,TCS,EQ,1543.4,1540.1,1540.1,1501.0,1508.95,1507.8,1512.56
2013-04-05,TCS,EQ,1507.8,1505.0,1509.35,1484.1,1493.25,1498.35,1496.77
2013-04-08,TCS,EQ,1498.35,1498.9,1498.9,1475.0,1481.05,1480.75,1481.59
2013-04-09,TCS,EQ,1480.75,1480.0,1513.0,1477.6,1500.0,1497.4,1498.57
2013-04-10,TCS,EQ,1497.4,1509.9,1538.9,1501.0,1536.75,1530.45,1518.34
2013-04-11,TCS,EQ,1530.45,1540.0,1550.1,1520.7,1537.75,1536.9,1537.21
2013-04-12,TCS,EQ,1536.9,1481.9,1524.5,1478.35,1512.0,1511.75,1504.87
2013-04-15,TCS,EQ,1511.75,1513.5,1514.0,1448.35,1473.0,1472.45,1473.83
2013-04-16,TCS,EQ,1472.45,1470.0,1493.45,1457.95,1480.0,1483.15,1473.05
2013-04-17,TCS,EQ,1483.15,1495.0,1499.0,1431.0,1459.85,1456.65,1460.8
2013-04-18,TCS,EQ,1456.65,1487.95,1494.9,1427.45,1443.1,1452.75,1451.3
2013-04-22,TCS,EQ,1452.75,1446.0,1459.8,1425.0,1425.0,1425.3,1434.07
2013-04-23,TCS,EQ,1425.3,1424.45,1448.0,1424.0,1428.95,1430.55,1433.21
2013-04-25,TCS,EQ,1430.55,1430.55,1430.55,1398.65,1401.0,1402.3,1407.35
2013-04-26,TCS,EQ,1402.3,1393.0,1393.45,1365.1,1366.95,1369.35,1374.51
2013-04-29,TCS,EQ,1369.35,1365.0,1384.7,1365.0,1370.7,1370.75,1374.34
2013-04-30,TCS,EQ,1370.75,1368.0,1382.0,1365.0,1376.35,1378.4,1373.15
2013-05-02,TCS,EQ,1378.4,1373.5,1438.8,1373.5,1425.0,1433.9,1417.25
2013-05-03,TCS,EQ,1433.9,1426.0,1447.25,1407.9,1420.0,1418.5,1427.14
2013-05-06,TCS,EQ,1418.5,1420.0,1472.4,1420.0,1465.05,1467.2,1454.27
2013-05-07,TCS,EQ,1467.2,1467.1,1478.85,1457.4,1469.3,1471.6,1468.34
2013-05-08,TCS,EQ,1471.6,1472.0,1487.8,1470.0,1479.8,1480.1,1480.71
2013-05-09,TCS,EQ,1480.1,1483.2,1503.45,1483.0,1500.0,1498.45,1498.15
2013-05-10,TCS,EQ,1498.45,1498.45,1510.9,1491.1,1494.0,1495.9,1499.13
2013-05-11,TCS,EQ,1495.9,1495.0,1495.0,1486.1,1486.7,1489.65,1489.61
2013-05-13,TCS,EQ,1489.65,1480.0,1481.0,1445.7,1451.6,1451.6,1459.89
2013-05-14,TCS,EQ,1451.6,1455.1,1470.55,1443.75,1458.0,1457.95,1460.07
2013-05-15,TCS,EQ,1457.95,1458.1,1477.2,1450.0,1462.0,1471.55,1462.78
2013-05-16,TCS,EQ,1471.55,1469.0,1469.0,1447.45,1455.8,1454.05,1453.49
2013-05-17,TCS,EQ,1454.05,1455.0,1478.5,1454.1,1469.05,1473.8,1468.14
2013-05-20,TCS,EQ,1473.8,1471.25,1478.0,1461.0,1477.7,1472.4,1467.92
2013-05-21,TCS,EQ,1472.4,1465.0,1502.0,1465.0,1493.0,1492.85,1493.43
2013-05-22,TCS,EQ,1492.85,1498.0,1509.15,1492.3,1496.7,1498.4,1499.31
2013-05-23,TCS,EQ,1498.4,1495.0,1526.75,1478.35,1496.0,1492.7,1499.76
2013-05-24,TCS,EQ,1492.7,1500.0,1502.95,1463.6,1472.0,1469.55,1475.82
2013-05-27,TCS,EQ,1469.55,1469.5,1500.0,1460.0,1490.55,1498.0,1488.71
2013-05-28,TCS,EQ,1498.0,1498.0,1516.5,1490.3,1514.9,1514.1,1504.57
2013-05-29,TCS,EQ,1514.1,1516.0,1527.5,1485.1,1495.0,1497.35,1506.63
2013-05-30,TCS,EQ,1497.35,1500.0,1512.0,1487.0,1508.0,1499.4,1500.02
2013-05-31,TCS,EQ,1499.4,1491.0,1509.25,1476.75,1501.0,1498.45,1497.66
2013-06-03,TCS,EQ,1498.45,1504.0,1507.0,1457.1,1470.0,1469.4,1473.07
2013-06-04,TCS,EQ,1469.4,1460.0,1473.9,1450.15,1464.0,1465.35,1462.21
2013-06-05,TCS,EQ,1465.35,1461.1,1472.65,1452.7,1472.4,1467.8,1464.41
2013-06-06,TCS,EQ,1467.8,1453.7,1478.5,1452.05,1472.0,1470.75,1469.36
2013-06-07,TCS,EQ,1470.75,1470.1,1539.0,1468.0,1522.6,1518.95,1514.43
2013-06-10,TCS,EQ,1518.95,1525.05,1544.7,1519.1,1529.15,1525.05,1532.04
2013-06-11,TCS,EQ,1525.05,1530.2,1542.0,1492.0,1494.85,1501.55,1518.72
2013-06-12,TCS,EQ,1501.55,1494.1,1495.1,1462.05,1470.85,1468.1,1472.95
2013-06-13,TCS,EQ,1468.1,1460.0,1464.0,1435.1,1439.0,1445.65,1449.19
2013-06-14,TCS,EQ,1445.65,1448.0,1457.25,1431.0,1454.0,1450.7,1445.98
2013-06-17,TCS,EQ,1450.7,1453.0,1465.0,1428.0,1451.8,1452.45,1445.11
2013-06-18,TCS,EQ,1452.45,1455.0,1460.0,1440.15,1442.05,1443.8,1446.82
2013-06-19,TCS,EQ,1443.8,1454.9,1454.9,1423.55,1424.25,1427.7,1431.67
2013-06-20,TCS,EQ,1427.7,1421.0,1433.15,1399.1,1399.1,1404.5,1420.04
2013-06-21,TCS,EQ,1404.5,1408.8,1431.85,1408.0,1422.0,1422.25,1421.39
2013-06-24,TCS,EQ,1422.25,1415.0,1434.1,1400.1,1412.9,1410.7,1418.87
2013-06-25,TCS,EQ,1410.7,1413.5,1427.1,1380.7,1391.0,1392.3,1413.83
2013-06-26,TCS,EQ,1392.3,1396.9,1447.75,1381.05,1446.0,1437.7,1422.62
2013-06-27,TCS,EQ,1437.7,1447.8,1497.0,1442.0,1485.0,1491.9,1472.05
2013-06-28,TCS,EQ,1491.9,1495.0,1524.3,1458.2,1521.0,1518.15,1499.03
2013-07-01,TCS,EQ,1518.15,1512.0,1516.7,1483.4,1489.0,1492.35,1495.42
2013-07-02,TCS,EQ,1492.35,1493.1,1508.5,1486.65,1500.0,1500.55,1497.24
2013-07-03,TCS,EQ,1500.55,1497.7,1519.0,1465.0,1485.0,1489.8,1491.55
2013-07-04,TCS,EQ,1489.8,1490.85,1541.0,1490.0,1540.0,1538.3,1522.88
2013-07-05,TCS,EQ,1538.3,1542.0,1558.0,1522.0,1529.0,1530.2,1540.98
2013-07-08,TCS,EQ,1530.2,1528.0,1535.0,1500.0,1507.0,1506.65,1517.4
2013-07-09,TCS,EQ,1506.65,1495.3,1521.75,1495.3,1504.15,1504.9,1507.34
2013-07-10,TCS,EQ,1504.9,1510.0,1526.8,1498.0,1519.0,1511.95,1510.17
2013-07-11,TCS,EQ,1511.95,1520.0,1570.0,1520.0,1560.0,1564.55,1551.39
2013-07-12,TCS,EQ,1564.55,1595.0,1624.8,1579.3,1610.0,1609.85,1607.04
2013-07-15,TCS,EQ,1609.85,1601.1,1647.3,1599.3,1640.0,1641.75,1634.96
2013-07-16,TCS,EQ,1641.75,1625.0,1666.35,1617.6,1647.0,1649.35,1650.53
2013-07-17,TCS,EQ,1649.35,1645.05,1684.95,1645.05,1675.0,1678.5,1674.44
2013-07-18,TCS,EQ,1678.5,1680.0,1692.3,1644.0,1658.5,1660.4,1663.84
2013-07-19,TCS,EQ,1660.4,1719.0,1759.0,1700.0,1743.0,1742.8,1738.01
2013-07-22,TCS,EQ,1742.8,1741.0,1758.8,1728.3,1747.85,1746.5,1746.02
2013-07-23,TCS,EQ,1746.5,1748.0,1780.45,1743.6,1750.0,1749.8,1756.51
2013-07-24,TCS,EQ,1749.8,1748.5,1792.0,1745.0,1783.0,1782.8,1778.8
2013-07-25,TCS,EQ,1782.8,1780.0,1810.0,1766.7,1788.0,1795.75,1785.76
2013-07-26,TCS,EQ,1795.75,1795.0,1798.95,1750.1,1770.0,1774.5,1779.05
2013-07-29,TCS,EQ,1774.5,1758.0,1794.6,1757.25,1776.95,1779.2,1779.1
2013-07-30,TCS,EQ,1779.2,1780.0,1804.95,1775.45,1789.6,1792.3,1794.62
2013-07-31,TCS,EQ,1792.3,1790.0,1831.5,1789.45,1814.0,1815.5,1817.7
2013-08-01,TCS,EQ,1815.5,1810.05,1834.8,1790.0,1816.0,1815.4,1818.36
2013-08-02,TCS,EQ,1815.4,1819.7,1849.9,1816.7,1843.0,1845.85,1842.77
2013-08-05,TCS,EQ,1845.85,1840.0,1877.4,1840.0,1864.7,1867.2,1868.3
2013-08-06,TCS,EQ,1867.2,1873.0,1881.95,1864.65,1871.0,1870.1,1871.5
2013-08-07,TCS,EQ,1870.1,1874.0,1890.9,1813.45,1818.95,1822.7,1850.76
2013-08-08,TCS,EQ,1822.7,1805.1,1856.15,1783.7,1846.0,1845.4,1829.62
2013-08-12,TCS,EQ,1845.4,1841.0,1841.0,1808.15,1822.0,1814.0,1818.29
2013-08-13,TCS,EQ,1814.0,1820.2,1844.85,1809.95,1820.0,1819.8,1826.35
2013-08-14,TCS,EQ,1819.8,1824.5,1858.0,1802.0,1842.0,1833.5,1834.4
2013-08-16,TCS,EQ,1833.5,1824.2,1830.0,1755.55,1779.0,1780.9,1789.42
2013-08-19,TCS,EQ,1780.9,1798.0,1807.0,1755.55,1770.0,1777.45,1782.77
2013-08-20,TCS,EQ,1777.45,1789.8,1789.8,1730.0,1739.0,1736.4,1744.56
2013-08-21,TCS,EQ,1736.4,1740.1,1743.7,1701.15,1720.0,1717.8,1719.42
2013-08-22,TCS,EQ,1717.8,1705.0,1797.15,1695.2,1774.0,1778.95,1734.32
2013-08-23,TCS,EQ,1778.95,1794.0,1838.0,1784.3,1822.0,1829.45,1815.5
2013-08-26,TCS,EQ,1829.45,1823.1,1878.6,1814.0,1850.05,1842.0,1854.16
2013-08-27,TCS,EQ,1842.0,1839.0,1878.85,1830.0,1838.0,1838.8,1858.39
2013-08-28,TCS,EQ,1838.8,1828.0,1946.1,1828.0,1900.0,1907.9,1905.52
2013-08-29,TCS,EQ,1907.9,1901.0,1970.0,1878.3,1930.0,1947.1,1940.16
2013-08-30,TCS,EQ,1947.1,1939.0,2050.0,1930.0,2030.0,2033.2,2006.33
2013-09-02,TCS,EQ,2033.2,2020.0,2069.0,2017.5,2057.0,2056.85,2046.97
2013-09-03,TCS,EQ,2056.85,2050.1,2067.0,1986.15,1989.45,2001.1,2034.58
2013-09-04,TCS,EQ,2001.1,2000.0,2078.8,1993.95,2075.0,2069.1,2054.78
2013-09-05,TCS,EQ,2069.1,2069.0,2069.0,1981.05,1994.0,1990.75,2007.11
2013-09-06,TCS,EQ,1990.75,2009.0,2025.0,1975.0,1980.0,1988.8,1998.04
2013-09-10,TCS,EQ,1988.8,1986.0,2016.7,1981.0,1989.95,1987.9,1994.45
2013-09-11,TCS,EQ,1987.9,2008.0,2018.0,1983.5,1987.95,1993.8,1999.16
2013-09-12,TCS,EQ,1993.8,1995.0,1998.55,1945.8,1969.0,1967.9,1962.49
2013-09-13,TCS,EQ,1967.9,1965.0,1990.0,1946.55,1961.7,1953.75,1963.44
2013-09-16,TCS,EQ,1953.75,1950.0,1985.0,1894.05,1895.6,1902.55,1918.02
2013-09-17,TCS,EQ,1902.55,1900.0,1952.55,1897.1,1944.3,1947.45,1929.34
2013-09-18,TCS,EQ,1947.45,1942.05,1964.8,1937.9,1951.0,1954.5,1952.86
2013-09-19,TCS,EQ,1954.5,1948.0,1990.0,1926.5,1958.0,1966.3,1966.26
2013-09-20,TCS,EQ,1966.3,1950.0,1989.9,1941.0,1952.3,1950.3,1965.31
2013-09-23,TCS,EQ,1950.3,1950.0,1977.2,1940.0,1957.0,1955.1,1962.53
2013-09-24,TCS,EQ,1955.1,1955.0,1977.9,1926.0,1941.0,1939.5,1950.27
2013-09-25,TCS,EQ,1939.5,1941.5,1970.95,1920.2,1953.25,1959.05,1942.25
2013-09-26,TCS,EQ,1959.05,1954.8,1974.1,1935.1,1942.95,1942.9,1950.49
2013-09-27,TCS,EQ,1942.9,1943.1,1961.95,1937.45,1945.1,1948.1,1951.23
2013-09-30,TCS,EQ,1948.1,1954.0,1961.85,1920.0,1922.5,1927.8,1943.1
2013-10-01,TCS,EQ,1927.8,1932.0,1954.85,1916.7,1950.0,1949.05,1943.81
2013-10-03,TCS,EQ,1949.05,1971.8,2036.9,1960.4,2024.0,2024.6,2019.83
2013-10-04,TCS,EQ,2024.6,2032.0,2069.0,2026.95,2038.6,2033.6,2051.44
2013-10-07,TCS,EQ,2033.6,2035.0,2097.7,2025.3,2095.75,2089.75,2063.72
2013-10-08,TCS,EQ,2089.75,2083.0,2098.0,2056.55,2066.05,2061.45,2074.71
2013-10-09,TCS,EQ,2061.45,2055.5,2097.65,2045.1,2090.55,2090.85,2070.95
2013-10-10,TCS,EQ,2090.85,2088.0,2098.0,2067.25,2088.0,2080.0,2079.7
2013-10-11,TCS,EQ,2080.0,2103.0,2138.0,2082.4,2128.0,2122.05,2116.89
2013-10-14,TCS,EQ,2122.05,2127.5,2225.0,2125.0,2218.5,2212.75,2191.16
2013-10-15,TCS,EQ,2212.75,2235.0,2258.85,2201.0,2216.0,2215.4,2229.93
2013-10-17,TCS,EQ,2215.4,2230.0,2230.0,2095.7,2099.0,2108.45,2147.19
2013-10-18,TCS,EQ,2108.45,2104.8,2133.8,2061.55,2119.0,2120.65,2104.69
2013-10-21,TCS,EQ,2120.65,2125.0,2127.95,2050.0,2076.8,2071.65,2070.29
2013-10-22,TCS,EQ,2071.65,2088.0,2107.65,2076.85,2088.0,2089.35,2092.15
2013-10-23,TCS,EQ,2089.35,2088.5,2103.0,2046.15,2054.0,2061.15,2063.92
2013-10-24,TCS,EQ,2061.15,2042.0,2082.35,2001.85,2007.95,2008.7,2036.67
2013-10-25,TCS,EQ,2008.7,1995.0,2072.0,1995.0,2065.0,2067.75,2047.38
2013-10-28,TCS,EQ,2067.75,2068.0,2089.8,2052.55,2066.0,2063.95,2066.78
2013-10-29,TCS,EQ,2063.95,2065.0,2085.8,2047.9,2073.85,2069.8,2064.94
2013-10-30,TCS,EQ,2069.8,2070.25,2100.0,2070.25,2094.7,2091.95,2089.52
2013-10-31,TCS,EQ,2091.95,2089.0,2129.0,2079.4,2108.0,2112.05,2104.56
2013-11-01,TCS,EQ,2112.05,2110.0,2141.95,2091.1,2096.0,2097.6,2109.0
2013-11-03,TCS,EQ,2097.6,2100.0,2109.4,2095.2,2099.0,2099.0,2101.55
2013-11-05,TCS,EQ,2099.0,2100.0,2105.0,2031.7,2043.85,2042.0,2056.1
2013-11-06,TCS,EQ,2042.0,2063.0,2103.55,2059.05,2093.1,2091.1,2085.16
2013-11-07,TCS,EQ,2091.1,2100.0,2148.15,2080.3,2116.0,2121.95,2124.63
2013-11-08,TCS,EQ,2121.95,2130.0,2131.75,2071.2,2088.7,2090.85,2097.67
2013-11-11,TCS,EQ,2090.85,2090.0,2140.0,2050.0,2099.95,2094.65,2112.48
2013-11-12,TCS,EQ,2094.65,2096.85,2121.7,2079.0,2080.0,2087.15,2099.09
2013-11-13,TCS,EQ,2087.15,2098.95,2106.2,2043.65,2048.8,2049.0,2069.96
2013-11-14,TCS,EQ,2049.0,2072.0,2072.0,2021.85,2026.3,2026.2,2038.04
2013-11-18,TCS,EQ,2026.2,2046.0,2059.9,2032.25,2050.0,2044.0,2047.83
2013-11-19,TCS,EQ,2044.0,2049.95,2055.0,2021.2,2031.95,2029.9,2031.78
2013-11-20,TCS,EQ,2029.9,2046.85,2049.9,2017.0,2026.0,2023.6,2036.62
2013-11-21,TCS,EQ,2023.6,2023.2,2034.7,1980.0,1989.95,1986.6,2003.37
2013-11-22,TCS,EQ,1986.6,1991.0,2011.0,1985.1,2003.9,2000.85,1999.74
2013-11-25,TCS,EQ,2000.85,2008.0,2026.85,1993.1,2012.0,2013.25,2009.59
2013-11-26,TCS,EQ,2013.25,2003.1,2016.45,1987.0,1991.0,1993.7,1995.56
2013-11-27,TCS,EQ,1993.7,2009.0,2013.7,1975.0,1979.8,1986.45,1993.94
2013-11-28,TCS,EQ,1986.45,1993.1,1996.55,1970.0,1986.9,1984.6,1982.81
2013-11-29,TCS,EQ,1984.6,1992.0,2014.7,1981.8,2005.05,2004.35,2003.04
2013-12-02,TCS,EQ,2004.35,1995.0,2021.0,1995.0,2020.0,2013.9,2010.51
2013-12-03,TCS,EQ,2013.9,2016.05,2042.0,2015.05,2018.85,2020.8,2028.57
2013-12-04,TCS,EQ,2020.8,2019.9,2031.6,1993.65,2003.5,2000.05,2013.69
2013-12-05,TCS,EQ,2000.05,2016.0,2033.55,1983.05,1984.8,1987.15,1997.68
2013-12-06,TCS,EQ,1987.15,1991.0,2010.0,1991.0,2001.0,2000.3,2001.33
2013-12-09,TCS,EQ,2000.3,2029.0,2029.95,2000.0,2002.0,2004.85,2009.37
2013-12-10,TCS,EQ,2004.85,2000.0,2089.0,2000.0,2087.0,2082.75,2065.31
2013-12-11,TCS,EQ,2082.75,2079.0,2086.85,2043.0,2056.0,2058.05,2059.29
2013-12-12,TCS,EQ,2058.05,2045.0,2064.0,2025.1,2028.0,2028.9,2034.74
2013-12-13,TCS,EQ,2028.9,2037.95,2045.0,1995.0,2007.0,2001.8,2014.75
2013-12-16,TCS,EQ,2001.8,2013.7,2039.8,2005.15,2020.2,2019.15,2022.53
2013-12-17,TCS,EQ,2019.15,2031.6,2065.85,2030.0,2045.3,2045.35,2051.44
2013-12-18,TCS,EQ,2045.35,2040.0,2071.0,2038.0,2055.5,2055.8,2059.13
2013-12-19,TCS,EQ,2055.8,2075.95,2110.0,2062.65,2086.1,2081.5,2086.33
2013-12-20,TCS,EQ,2081.5,2088.1,2130.0,2085.85,2128.15,2120.55,2111.81
2013-12-23,TCS,EQ,2120.55,2129.95,2143.45,2097.95,2113.3,2109.05,2115.38
2013-12-24,TCS,EQ,2109.05,2119.8,2129.0,2104.25,2109.0,2110.7,2116.88
2013-12-26,TCS,EQ,2110.7,2115.0,2117.0,2091.45,2094.0,2100.3,2105.46
2013-12-27,TCS,EQ,2100.3,2107.0,2169.9,2105.0,2165.15,2160.65,2145.24
2013-12-30,TCS,EQ,2160.65,2170.0,2175.25,2146.7,2159.0,2156.05,2159.98
2013-12-31,TCS,EQ,2156.05,2160.1,2184.95,2150.9,2174.25,2172.05,2171.87
2014-01-01,TCS,EQ,2172.05,2180.1,2184.5,2151.1,2153.7,2153.3,2159.55
2014-01-02,TCS,EQ,2153.3,2166.0,2189.0,2156.15,2167.95,2167.0,2170.96
2014-01-03,TCS,EQ,2167.0,2164.7,2229.1,2147.25,2224.1,2222.2,2206.7
2014-01-06,TCS,EQ,2222.2,2229.0,2244.0,2197.0,2234.8,2239.6,2224.18
2014-01-07,TCS,EQ,2239.6,2240.0,2256.45,2199.0,2207.9,2206.15,2227.87
2014-01-08,TCS,EQ,2206.15,2212.0,2244.0,2210.0,2229.95,2232.65,2230.54
2014-01-09,TCS,EQ,2232.65,2228.75,2255.5,2222.1,2239.0,2241.95,2239.21
2014-01-10,TCS,EQ,2241.95,2260.0,2309.8,2235.0,2290.0,2280.9,2277.05
2014-01-13,TCS,EQ,2280.9,2285.0,2384.0,2285.0,2380.0,2368.75,2345.06
2014-01-14,TCS,EQ,2368.75,2372.0,2384.8,2320.0,2330.0,2326.75,2339.0
2014-01-15,TCS,EQ,2326.75,2342.45,2378.2,2327.0,2361.0,2353.6,2353.56
2014-01-16,TCS,EQ,2353.6,2380.0,2380.1,2325.0,2359.0,2350.3,2348.09
2014-01-17,TCS,EQ,2350.3,2298.0,2298.0,2206.05,2219.85,2213.05,2243.52
2014-01-20,TCS,EQ,2213.05,2218.95,2350.0,2215.5,2334.9,2338.2,2297.8
2014-01-21,TCS,EQ,2338.2,2334.0,2339.25,2275.1,2285.25,2280.3,2296.99
2014-01-22,TCS,EQ,2280.3,2287.1,2296.85,2264.1,2270.35,2274.05,2278.77
2014-01-23,TCS,EQ,2274.05,2268.1,2276.7,2237.3,2254.15,2252.45,2255.27
2014-01-24,TCS,EQ,2252.45,2244.0,2283.25,2235.0,2249.0,2248.7,2265.0
2014-01-27,TCS,EQ,2248.7,2226.0,2259.5,2220.1,2237.0,2229.6,2238.52
2014-01-28,TCS,EQ,2229.6,2232.0,2247.85,2196.1,2215.0,2212.35,2218.54
2014-01-29,TCS,EQ,2212.35,2240.0,2240.0,2205.0,2213.05,2209.8,2218.34
2014-01-30,TCS,EQ,2209.8,2198.05,2227.0,2190.0,2222.25,2217.6,2203.42
2014-01-31,TCS,EQ,2217.6,2225.1,2269.8,2221.0,2230.95,2241.05,2252.12
2014-02-03,TCS,EQ,2241.05,2222.0,2244.25,2190.8,2192.7,2194.45,2205.35
2014-02-04,TCS,EQ,2194.45,2174.0,2175.0,2112.05,2162.0,2151.35,2142.57
2014-02-05,TCS,EQ,2151.35,2163.8,2200.0,2140.0,2196.25,2194.4,2172.56
2014-02-06,TCS,EQ,2194.4,2180.0,2189.9,2145.0,2169.6,2175.25,2169.33
2014-02-07,TCS,EQ,2175.25,2190.0,2195.0,2131.0,2142.9,2144.4,2157.53
2014-02-10,TCS,EQ,2144.4,2144.0,2144.0,2085.1,2092.55,2093.55,2105.79
2014-02-11,TCS,EQ,2093.55,2100.0,2126.5,2096.0,2100.0,2101.7,2111.34
2014-02-12,TCS,EQ,2101.7,2118.0,2123.6,2095.0,2098.8,2105.45,2111.78
2014-02-13,TCS,EQ,2105.45,2107.0,2138.4,2096.5,2137.9,2133.75,2124.79
2014-02-14,TCS,EQ,2133.75,2137.9,2184.75,2128.1,2163.5,2167.9,2163.59
2014-02-17,TCS,EQ,2167.9,2160.0,2186.0,2147.2,2164.7,2165.4,2167.34
2014-02-18,TCS,EQ,2165.4,2165.0,2191.0,2155.85,2161.1,2166.0,2175.97
2014-02-19,TCS,EQ,2166.0,2170.0,2215.0,2162.25,2213.0,2197.95,2184.6
2014-02-20,TCS,EQ,2197.95,2206.0,2222.0,2182.8,2188.2,2189.35,2204.13
2014-02-21,TCS,EQ,2189.35,2198.0,2213.0,2190.75,2203.0,2205.7,2204.58
2014-02-24,TCS,EQ,2205.7,2204.0,2205.25,2170.1,2177.95,2177.9,2177.98
2014-02-25,TCS,EQ,2177.9,2189.0,2199.5,2180.0,2186.8,2188.9,2191.44
2014-02-26,TCS,EQ,2188.9,2194.0,2195.0,2177.15,2183.95,2182.15,2183.49
2014-02-28,TCS,EQ,2182.15,2161.0,2280.0,2160.15,2271.85,2275.75,2252.83
2014-03-03,TCS,EQ,2275.75,2271.8,2299.0,2228.0,2232.15,2240.05,2256.85
2014-03-04,TCS,EQ,2240.05,2233.2,2254.0,2224.0,2240.2,2240.65,2240.39
2014-03-05,TCS,EQ,2240.65,2254.85,2286.25,2242.55,2247.15,2251.9,2259.93
2014-03-06,TCS,EQ,2251.9,2252.85,2260.0,2232.15,2240.0,2240.75,2241.63
2014-03-07,TCS,EQ,2240.75,2245.5,2250.05,2152.8,2225.05,2228.5,2198.55
2014-03-10,TCS,EQ,2228.5,2228.1,2228.5,2135.0,2145.0,2142.65,2161.27
2014-03-11,TCS,EQ,2142.65,2155.0,2177.65,2122.0,2155.1,2151.65,2152.19
2014-03-12,TCS,EQ,2151.65,2153.0,2189.75,2153.0,2177.05,2179.45,2175.53
2014-03-13,TCS,EQ,2179.45,2148.05,2202.0,2136.85,2146.7,2149.55,2171.93
2014-03-14,TCS,EQ,2149.55,2141.0,2160.5,2124.3,2138.0,2139.55,2141.66
2014-03-18,TCS,EQ,2139.55,2135.5,2151.8,2104.25,2113.95,2122.0,2127.74
2014-03-19,TCS,EQ,2122.0,2075.0,2075.0,2013.05,2037.8,2039.4,2033.69
2014-03-20,TCS,EQ,2039.4,2038.0,2122.9,2011.4,2107.0,2108.2,2080.0
2014-03-21,TCS,EQ,2108.2,2125.0,2145.0,2085.0,2126.0,2127.0,2117.7
2014-03-22,TCS,EQ,2127.0,2125.0,2141.9,2115.45,2123.25,2128.25,2131.53
2014-03-24,TCS,EQ,2128.25,2136.95,2157.95,2126.15,2149.95,2152.6,2143.45
2014-03-25,TCS,EQ,2152.6,2144.0,2172.0,2130.0,2145.2,2146.65,2149.75
2014-03-26,TCS,EQ,2146.65,2148.05,2158.5,2087.55,2100.0,2093.5,2112.06
2014-03-27,TCS,EQ,2093.5,2100.95,2115.0,2065.05,2105.0,2094.25,2087.43
2014-03-28,TCS,EQ,2094.25,2097.0,2122.85,2080.05,2100.3,2102.1,2100.8
2014-03-31,TCS,EQ,2102.1,2104.0,2144.95,2082.0,2139.0,2133.15,2112.44
2014-04-01,TCS,EQ,2133.15,2145.0,2185.0,2144.9,2175.4,2176.7,2172.74
2014-04-02,TCS,EQ,2176.7,2190.0,2202.0,2161.05,2164.95,2172.25,2184.42
2014-04-03,TCS,EQ,2172.25,2172.85,2182.0,2147.6,2170.0,2166.5,2162.25
2014-04-04,TCS,EQ,2166.5,2172.0,2187.0,2130.0,2138.0,2138.85,2156.61
2014-04-07,TCS,EQ,2138.85,2130.1,2165.95,2120.7,2159.75,2153.8,2141.77
2014-04-09,TCS,EQ,2153.8,2152.0,2162.0,2105.0,2135.0,2140.4,2127.0
2014-04-10,TCS,EQ,2140.4,2140.4,2148.65,2115.2,2125.0,2126.15,2129.05
2014-04-11,TCS,EQ,2126.15,2118.0,2174.9,2100.0,2161.5,2164.1,2134.3
2014-04-15,TCS,EQ,2164.1,2181.0,2258.0,2174.05,2254.5,2252.75,2220.31
2014-04-16,TCS,EQ,2252.75,2264.0,2264.0,2184.2,2187.95,2196.3,2208.56
2014-04-17,TCS,EQ,2196.3,2220.0,2227.0,2142.7,2223.4,2222.9,2204.45
2014-04-21,TCS,EQ,2222.9,2220.0,2242.9,2211.3,2219.95,2221.75,2223.82
2014-04-22,TCS,EQ,2221.75,2233.95,2249.9,2219.9,2222.4,2221.05,2227.32
2014-04-23,TCS,EQ,2221.05,2231.4,2243.9,2201.1,2210.0,2213.75,2217.79
2014-04-25,TCS,EQ,2213.75,2227.0,2235.0,2193.2,2203.85,2205.25,2203.67
2014-04-28,TCS,EQ,2205.25,2205.25,2222.7,2180.1,2186.65,2191.35,2195.43
2014-04-29,TCS,EQ,2191.35,2186.0,2206.35,2176.9,2195.0,2194.25,2195.06
2014-04-30,TCS,EQ,2194.25,2185.1,2205.6,2181.0,2191.0,2189.2,2190.56
2014-05-02,TCS,EQ,2189.2,2181.25,2219.9,2181.25,2208.45,2208.45,2207.37
2014-05-05,TCS,EQ,2208.45,2210.8,2229.0,2204.15,2209.6,2213.7,2220.64
2014-05-06,TCS,EQ,2213.7,2213.7,2221.6,2190.0,2199.5,2198.9,2198.17
2014-05-07,TCS,EQ,2198.9,2191.05,2203.0,2140.1,2165.0,2165.55,2165.69
2014-05-08,TCS,EQ,2165.55,2165.1,2181.8,2147.65,2155.0,2162.05,2160.74
2014-05-09,TCS,EQ,2162.05,2152.0,2184.7,2152.0,2162.0,2159.9,2171.23
2014-05-12,TCS,EQ,2159.9,2153.0,2166.7,2123.15,2164.85,2159.35,2147.47
2014-05-13,TCS,EQ,2159.35,2165.8,2239.0,2165.8,2209.0,2210.95,2201.67
2014-05-14,TCS,EQ,2210.95,2214.4,2237.7,2201.1,2217.5,2216.1,2218.6
2014-05-15,TCS,EQ,2216.1,2216.1,2225.0,2171.15,2196.75,2193.15,2191.0
2014-05-16,TCS,EQ,2193.15,2200.05,2253.4,2100.25,2160.0,2160.75,2182.83
2014-05-19,TCS,EQ,2160.75,2150.0,2160.0,1999.5,2026.0,2036.7,2036.04
2014-05-20,TCS,EQ,2036.7,2028.0,2160.0,2028.0,2062.0,2068.2,2068.91
2014-05-21,TCS,EQ,2068.2,2061.2,2089.0,2055.8,2083.0,2082.85,2075.42
2014-05-22,TCS,EQ,2082.85,2096.75,2124.0,2075.1,2108.0,2111.95,2108.25
2014-05-23,TCS,EQ,2111.95,2119.0,2149.0,2096.0,2129.85,2127.9,2126.25
2014-05-26,TCS,EQ,2127.9,2149.0,2169.6,2133.6,2155.05,2154.0,2151.13
2014-05-27,TCS,EQ,2154.0,2160.15,2184.6,2118.0,2132.0,2131.45,2143.11
2014-05-28,TCS,EQ,2131.45,2140.0,2158.75,2122.45,2152.0,2150.55,2146.7
2014-05-29,TCS,EQ,2150.55,2145.0,2180.0,2135.2,2163.85,2159.95,2157.21
2014-05-30,TCS,EQ,2159.95,2158.8,2167.0,2130.15,2144.75,2141.35,2141.16
2014-06-02,TCS,EQ,2141.35,2144.0,2157.75,2116.05,2133.85,2129.85,2127.71
2014-06-03,TCS,EQ,2129.85,2129.85,2138.0,2105.2,2129.95,2128.6,2128.39
2014-06-04,TCS,EQ,2128.6,2130.0,2134.9,2077.0,2088.0,2089.25,2089.35
2014-06-05,TCS,EQ,2089.25,2083.1,2116.4,2068.0,2100.15,2104.15,2092.64
2014-06-06,TCS,EQ,2104.15,2100.15,2107.8,2056.0,2085.0,2084.25,2075.46
2014-06-09,TCS,EQ,2084.25,2087.0,2118.0,2080.0,2114.95,2113.8,2109.34
2014-06-10,TCS,EQ,2113.8,2115.0,2160.95,2115.0,2155.55,2158.15,2143.38
2014-06-11,TCS,EQ,2158.15,2165.0,2214.0,2138.2,2204.2,2206.95,2187.46
2014-06-12,TCS,EQ,2206.95,2249.0,2254.0,2183.8,2238.1,2237.35,2222.95
2014-06-13,TCS,EQ,2237.35,2238.0,2239.0,2185.05,2220.0,2213.55,2206.02
2014-06-16,TCS,EQ,2213.55,2210.0,2276.95,2210.0,2270.0,2269.75,2261.41
2014-06-17,TCS,EQ,2269.75,2284.9,2297.0,2271.0,2275.0,2279.85,2283.37
2014-06-18,TCS,EQ,2279.85,2293.0,2293.0,2221.3,2221.3,2227.05,2241.97
2014-06-19,TCS,EQ,2227.05,2230.0,2289.0,2210.1,2280.15,2276.05,2252.21
2014-06-20,TCS,EQ,2276.05,2284.9,2299.0,2262.0,2286.2,2292.4,2285.14
2014-06-23,TCS,EQ,2292.4,2293.0,2299.9,2254.05,2260.1,2268.85,2270.33
2014-06-24,TCS,EQ,2268.85,2269.0,2319.5,2255.0,2314.9,2309.05,2290.32
2014-06-25,TCS,EQ,2309.05,2310.0,2320.0,2293.0,2299.9,2310.55,2310.24
2014-06-26,TCS,EQ,2310.55,2296.0,2344.15,2291.15,2304.0,2307.65,2312.57
2014-06-27,TCS,EQ,2307.65,2317.0,2406.9,2315.0,2400.1,2399.55,2383.97
2014-06-30,TCS,EQ,2399.55,2400.55,2435.0,2376.6,2413.95,2425.4,2413.97
2014-07-01,TCS,EQ,2425.4,2418.9,2419.0,2382.3,2391.3,2390.75,2396.4
2014-07-02,TCS,EQ,2390.75,2400.0,2411.75,2383.5,2401.1,2401.6,2397.77
2014-07-03,TCS,EQ,2401.6,2399.0,2445.0,2392.0,2410.0,2417.9,2421.16
2014-07-04,TCS,EQ,2417.9,2412.4,2425.5,2401.0,2416.1,2410.5,2412.73
2014-07-07,TCS,EQ,2410.5,2420.05,2498.0,2410.4,2490.0,2488.55,2473.31
2014-07-08,TCS,EQ,2488.55,2484.95,2486.15,2433.25,2444.5,2449.45,2458.25
2014-07-09,TCS,EQ,2449.45,2470.0,2472.65,2381.6,2400.0,2398.15,2420.77
2014-07-10,TCS,EQ,2398.15,2399.55,2419.6,2335.0,2345.9,2351.8,2375.22
2014-07-11,TCS,EQ,2351.8,2371.0,2410.0,2361.1,2410.0,2394.45,2391.33
2014-07-14,TCS,EQ,2394.45,2418.8,2439.0,2385.25,2428.0,2426.25,2418.04
2014-07-15,TCS,EQ,2426.25,2426.2,2430.0,2393.75,2400.95,2399.3,2404.15
2014-07-16,TCS,EQ,2399.3,2409.65,2424.0,2386.85,2404.0,2401.85,2403.16
2014-07-17,TCS,EQ,2401.85,2410.0,2429.8,2375.0,2379.95,2381.95,2395.45
2014-07-18,TCS,EQ,2381.95,2452.0,2485.0,2435.0,2445.0,2441.2,2461.21
2014-07-21,TCS,EQ,2441.2,2468.0,2469.85,2443.05,2462.0,2463.75,2456.42
2014-07-22,TCS,EQ,2463.75,2465.0,2540.0,2461.9,2530.15,2532.4,2496.09
2014-07-23,TCS,EQ,2532.4,2540.0,2596.3,2532.3,2580.0,2586.15,2574.1
2014-07-24,TCS,EQ,2586.15,2594.9,2602.0,2567.0,2591.0,2595.2,2584.1
2014-07-25,TCS,EQ,2595.2,2594.0,2614.35,2567.0,2610.0,2605.75,2587.82
2014-07-28,TCS,EQ,2605.75,2577.15,2599.65,2555.0,2584.4,2589.3,2579.61
2014-07-30,TCS,EQ,2589.3,2584.8,2610.0,2572.6,2585.0,2595.05,2592.06
2014-07-31,TCS,EQ,2595.05,2575.1,2598.0,2569.25,2582.0,2580.05,2579.59
2014-08-01,TCS,EQ,2580.05,2575.0,2587.95,2510.0,2516.0,2516.4,2546.61
2014-08-04,TCS,EQ,2516.4,2532.0,2541.9,2488.0,2527.5,2526.05,2517.98
2014-08-05,TCS,EQ,2526.05,2544.9,2545.0,2490.1,2524.0,2523.7,2520.22
2014-08-06,TCS,EQ,2523.7,2516.15,2534.85,2490.25,2512.55,2506.65,2510.8
2014-08-07,TCS,EQ,2506.65,2490.0,2495.0,2459.05,2468.9,2469.8,2472.72
2014-08-08,TCS,EQ,2469.8,2465.0,2507.7,2465.0,2479.0,2478.7,2484.9
2014-08-11,TCS,EQ,2478.7,2490.9,2495.55,2455.0,2464.3,2468.4,2475.25
2014-08-12,TCS,EQ,2468.4,2489.9,2489.9,2440.2,2469.65,2471.75,2459.71
2014-08-13,TCS,EQ,2471.75,2470.0,2530.0,2470.0,2500.0,2500.05,2501.07
2014-08-14,TCS,EQ,2500.05,2514.0,2532.0,2490.05,2496.0,2499.75,2510.16
2014-08-18,TCS,EQ,2499.75,2491.05,2505.0,2470.0,2481.0,2487.6,2485.67
2014-08-19,TCS,EQ,2487.6,2500.0,2504.9,2435.0,2438.0,2438.5,2446.29
2014-08-20,TCS,EQ,2438.5,2444.5,2455.05,2430.05,2438.85,2436.2,2439.66
2014-08-21,TCS,EQ,2436.2,2447.0,2460.0,2430.0,2432.5,2432.45,2440.14
2014-08-22,TCS,EQ,2432.45,2444.0,2468.2,2435.8,2462.0,2464.2,2455.23
2014-08-25,TCS,EQ,2464.2,2470.0,2528.5,2466.9,2521.7,2522.05,2511.52
2014-08-26,TCS,EQ,2522.05,2529.0,2550.0,2500.0,2528.45,2533.8,2534.69
2014-08-27,TCS,EQ,2533.8,2534.0,2567.4,2514.05,2547.9,2549.95,2552.51
2014-08-28,TCS,EQ,2549.95,2547.0,2549.3,2513.0,2516.7,2522.35,2528.6
2014-09-01,TCS,EQ,2522.35,2525.4,2560.0,2523.05,2538.75,2537.15,2544.34
2014-09-02,TCS,EQ,2537.15,2545.8,2554.8,2514.1,2542.0,2537.9,2541.45
2014-09-03,TCS,EQ,2537.9,2539.0,2616.0,2539.0,2602.9,2606.4,2598.3
2014-09-04,TCS,EQ,2606.4,2622.0,2627.45,2577.45,2577.65,2584.75,2594.71
2014-09-05,TCS,EQ,2584.75,2599.9,2621.8,2583.05,2595.5,2598.6,2600.27
2014-09-08,TCS,EQ,2598.6,2612.0,2650.0,2599.05,2640.0,2642.7,2629.44
2014-09-09,TCS,EQ,2642.7,2652.0,2667.0,2625.1,2631.0,2631.25,2639.63
2014-09-10,TCS,EQ,2631.25,2638.0,2642.75,2591.2,2609.1,2600.15,2618.31
2014-09-11,TCS,EQ,2600.15,2610.0,2624.4,2591.5,2599.0,2598.35,2603.76
2014-09-12,TCS,EQ,2598.35,2610.0,2624.35,2593.2,2609.85,2607.6,2609.08
2014-09-15,TCS,EQ,2607.6,2614.0,2618.6,2554.0,2559.95,2558.3,2570.41
2014-09-16,TCS,EQ,2558.3,2566.0,2575.0,2544.0,2557.05,2550.85,2556.67
2014-09-17,TCS,EQ,2550.85,2561.0,2604.75,2561.0,2591.0,2591.2,2586.58
2014-09-18,TCS,EQ,2591.2,2591.7,2651.8,2581.0,2631.0,2642.3,2627.39
2014-09-19,TCS,EQ,2642.3,2643.0,2740.0,2642.0,2700.0,2714.2,2709.79
2014-09-22,TCS,EQ,2714.2,2714.0,2734.0,2676.25,2728.0,2721.8,2701.84
2014-09-23,TCS,EQ,2721.8,2724.0,2782.45,2683.3,2694.0,2688.2,2721.78
2014-09-24,TCS,EQ,2688.2,2693.0,2706.95,2632.75,2651.25,2643.0,2657.07
2014-09-25,TCS,EQ,2643.0,2660.95,2725.0,2660.0,2715.0,2708.6,2700.87
2014-09-26,TCS,EQ,2708.6,2710.0,2724.9,2670.1,2685.0,2684.0,2691.15
2014-09-29,TCS,EQ,2684.0,2695.4,2775.45,2675.3,2774.0,2767.95,2750.48
2014-09-30,TCS,EQ,2767.95,2772.95,2776.65,2708.15,2736.95,2736.6,2739.08
2014-10-01,TCS,EQ,2736.6,2752.0,2802.0,2737.0,2775.0,2775.6,2779.31
2014-10-07,TCS,EQ,2775.6,2739.6,2839.7,2725.6,2730.9,2731.35,2773.63
2014-10-08,TCS,EQ,2731.35,2738.0,2739.95,2649.25,2688.0,2683.2,2680.59
2014-10-09,TCS,EQ,2683.2,2708.0,2723.3,2686.5,2710.1,2706.05,2706.3
2014-10-10,TCS,EQ,2706.05,2706.0,2727.45,2668.5,2679.0,2678.5,2694.64
2014-10-13,TCS,EQ,2678.5,2680.0,2724.8,2670.0,2718.2,2716.55,2708.46
2014-10-14,TCS,EQ,2716.55,2730.0,2735.7,2678.8,2702.25,2699.2,2697.82
2014-10-16,TCS,EQ,2699.2,2730.0,2758.6,2664.25,2680.45,2678.1,2716.58
2014-10-17,TCS,EQ,2678.1,2475.0,2511.35,2430.0,2433.0,2441.15,2470.11
2014-10-20,TCS,EQ,2441.15,2490.0,2493.6,2417.95,2425.5,2423.3,2441.15
2014-10-21,TCS,EQ,2423.3,2425.85,2443.75,2415.0,2435.0,2433.4,2428.83
2014-10-22,TCS,EQ,2433.4,2485.0,2489.0,2445.1,2452.6,2451.85,2455.51
2014-10-23,TCS,EQ,2451.85,2465.0,2468.0,2455.0,2464.0,2465.35,2463.59
2014-10-27,TCS,EQ,2465.35,2519.0,2519.7,2444.95,2458.15,2457.15,2467.27
2014-10-28,TCS,EQ,2457.15,2484.9,2484.9,2453.45,2479.2,2478.6,2471.82
2014-10-29,TCS,EQ,2478.6,2475.0,2514.0,2473.0,2504.0,2506.05,2493.85
2014-10-30,TCS,EQ,2506.05,2521.8,2574.9,2509.0,2563.0,2558.2,2550.36
2014-10-31,TCS,EQ,2558.2,2561.0,2620.0,2561.0,2614.55,2607.85,2593.12
2014-11-03,TCS,EQ,2607.85,2649.0,2649.0,2580.5,2596.0,2590.35,2604.36
2014-11-05,TCS,EQ,2590.35,2638.0,2638.0,2590.0,2605.0,2599.5,2600.96
2014-11-07,TCS,EQ,2599.5,2604.8,2615.7,2557.0,2570.0,2572.85,2575.55
2014-11-10,TCS,EQ,2572.85,2575.1,2582.0,2551.0,2575.0,2569.65,2562.92
2014-11-11,TCS,EQ,2569.65,2578.0,2594.0,2555.4,2574.4,2580.7,2576.41
2014-11-12,TCS,EQ,2580.7,2580.0,2611.0,2575.0,2595.0,2591.75,2598.95
2014-11-13,TCS,EQ,2591.75,2595.0,2604.9,2565.15,2590.0,2588.45,2585.94
2014-11-14,TCS,EQ,2588.45,2585.2,2611.15,2575.0,2598.95,2606.45,2593.57
2014-11-17,TCS,EQ,2606.45,2595.1,2625.0,2592.25,2615.0,2618.3,2609.64
2014-11-18,TCS,EQ,2618.3,2620.0,2626.65,2579.75,2585.7,2585.85,2597.99
2014-11-19,TCS,EQ,2585.85,2598.0,2598.0,2557.45,2577.8,2573.75,2570.88
2014-11-20,TCS,EQ,2573.75,2588.0,2610.25,2560.55,2608.5,2605.45,2589.44
2014-11-21,TCS,EQ,2605.45,2608.0,2640.0,2586.65,2615.05,2622.15,2614.63
2014-11-24,TCS,EQ,2622.15,2622.0,2665.0,2622.0,2662.0,2657.7,2646.17
2014-11-25,TCS,EQ,2657.7,2660.0,2679.4,2616.0,2647.2,2636.0,2638.19
2014-11-26,TCS,EQ,2636.0,2630.05,2656.35,2615.0,2625.15,2627.3,2629.81
2014-11-27,TCS,EQ,2627.3,2627.3,2668.0,2625.3,2658.0,2653.3,2642.06
2014-11-28,TCS,EQ,2653.3,2658.35,2691.9,2635.35,2642.6,2643.0,2653.27
2014-12-01,TCS,EQ,2643.0,2650.5,2700.0,2645.25,2691.9,2692.95,2684.75
2014-12-02,TCS,EQ,2692.95,2693.0,2710.95,2649.35,2651.4,2657.3,2682.07
2014-12-03,TCS,EQ,2657.3,2671.9,2673.4,2618.5,2635.15,2635.35,2635.32
2014-12-04,TCS,EQ,2635.35,2664.0,2667.0,2629.9,2642.0,2637.95,2643.38
2014-12-05,TCS,EQ,2637.95,2640.9,2649.8,2572.15,2575.0,2578.95,2589.62
2014-12-08,TCS,EQ,2578.95,2595.0,2595.0,2501.65,2515.7,2512.8,2522.01
2014-12-09,TCS,EQ,2512.8,2516.0,2559.0,2509.1,2511.65,2514.85,2532.85
2014-12-10,TCS,EQ,2514.85,2515.0,2531.9,2496.2,2506.7,2507.9,2512.45
2014-12-11,TCS,EQ,2507.9,2500.6,2522.9,2487.0,2496.65,2492.15,2505.66
2014-12-12,TCS,EQ,2492.15,2500.0,2520.0,2422.65,2455.0,2450.7,2459.33
2014-12-15,TCS,EQ,2450.7,2384.9,2385.0,2352.25,2365.0,2358.65,2370.64
2014-12-16,TCS,EQ,2358.65,2350.0,2459.25,2345.0,2449.0,2443.05,2426.81
2014-12-17,TCS,EQ,2443.05,2453.4,2470.0,2405.25,2449.0,2444.1,2445.41
2014-12-18,TCS,EQ,2444.1,2455.1,2468.5,2434.8,2454.0,2460.7,2453.57
2014-12-19,TCS,EQ,2460.7,2471.3,2523.75,2468.0,2521.95,2510.55,2503.39
2014-12-22,TCS,EQ,2510.55,2526.0,2529.0,2474.4,2513.65,2513.4,2495.66
2014-12-23,TCS,EQ,2513.4,2500.0,2536.65,2494.6,2517.0,2516.7,2514.24
2014-12-24,TCS,EQ,2516.7,2515.0,2520.85,2465.65,2485.0,2479.9,2485.3
2014-12-26,TCS,EQ,2479.9,2486.0,2510.0,2465.0,2509.35,2505.0,2488.46
2014-12-29,TCS,EQ,2505.0,2508.0,2536.95,2507.0,2521.4,2522.9,2522.46
2014-12-30,TCS,EQ,2522.9,2525.0,2542.45,2516.0,2530.0,2530.05,2530.17
2014-12-31,TCS,EQ,2530.05,2532.7,2566.4,2525.0,2564.0,2558.25,2545.03
2015-01-01,TCS,EQ,2558.25,2567.0,2567.0,2541.0,2550.0,2545.55,2548.51
2015-01-02,TCS,EQ,2545.55,2551.0,2590.95,2550.6,2588.4,2579.45,2568.19
2015-01-05,TCS,EQ,2579.45,2581.0,2599.9,2524.65,2538.1,2540.25,2563.94
2015-01-06,TCS,EQ,2540.25,2529.1,2529.1,2440.0,2450.05,2446.6,2466.9
2015-01-07,TCS,EQ,2446.6,2470.0,2479.15,2407.45,2426.9,2417.7,2433.96
2015-01-08,TCS,EQ,2417.7,2442.4,2449.0,2420.55,2446.0,2443.8,2434.81
2015-01-09,TCS,EQ,2443.8,2455.0,2519.9,2450.0,2510.0,2512.3,2490.01
2015-01-12,TCS,EQ,2512.3,2517.0,2528.0,2480.25,2527.95,2509.7,2497.82
2015-01-13,TCS,EQ,2509.7,2520.0,2530.4,2480.1,2498.0,2497.9,2509.4
2015-01-14,TCS,EQ,2497.9,2516.0,2531.8,2500.5,2525.05,2521.95,2517.54
2015-01-15,TCS,EQ,2521.95,2533.0,2581.75,2523.25,2542.05,2539.1,2550.97
2015-01-16,TCS,EQ,2539.1,2543.7,2545.0,2484.3,2526.0,2532.15,2511.39
2015-01-19,TCS,EQ,2532.15,2536.0,2551.0,2503.0,2509.0,2511.0,2516.06
2015-01-20,TCS,EQ,2511.0,2520.0,2530.0,2483.25,2498.0,2500.45,2498.94
2015-01-21,TCS,EQ,2500.45,2522.0,2522.0,2488.25,2518.0,2513.8,2507.75
2015-01-22,TCS,EQ,2513.8,2516.5,2521.25,2495.5,2511.0,2513.55,2509.31
2015-01-23,TCS,EQ,2513.55,2514.0,2532.05,2496.1,2504.1,2503.6,2507.34
2015-01-27,TCS,EQ,2503.6,2512.35,2515.0,2489.55,2504.2,2502.05,2502.26
2015-01-28,TCS,EQ,2502.05,2503.0,2544.9,2502.9,2533.4,2539.6,2529.32
2015-01-29,TCS,EQ,2539.6,2538.0,2568.7,2512.9,2560.7,2544.65,2531.88
2015-01-30,TCS,EQ,2544.65,2560.7,2575.0,2470.0,2484.0,2482.05,2494.94
2015-02-02,TCS,EQ,2482.05,2482.0,2521.45,2462.05,2516.0,2514.2,2500.6
2015-02-03,TCS,EQ,2514.2,2511.65,2565.0,2507.1,2552.25,2558.25,2536.23
2015-02-04,TCS,EQ,2558.25,2568.0,2571.7,2502.1,2514.95,2514.3,2523.08
2015-02-05,TCS,EQ,2514.3,2520.0,2591.7,2519.0,2553.0,2552.4,2558.13
2015-02-06,TCS,EQ,2552.4,2553.0,2594.8,2550.85,2576.1,2575.75,2578.4
2015-02-09,TCS,EQ,2575.75,2561.5,2569.1,2500.0,2512.0,2512.9,2531.83
2015-02-10,TCS,EQ,2512.9,2510.0,2526.25,2433.0,2445.5,2441.15,2473.88
2015-02-11,TCS,EQ,2441.15,2455.05,2487.25,2447.25,2460.0,2459.9,2468.94
2015-02-12,TCS,EQ,2459.9,2479.8,2479.8,2447.0,2469.0,2462.15,2462.56
2015-02-13,TCS,EQ,2462.15,2470.0,2547.75,2460.25,2540.0,2538.75,2508.49
2015-02-16,TCS,EQ,2538.75,2560.0,2595.0,2555.0,2581.7,2584.8,2576.98
2015-02-18,TCS,EQ,2584.8,2585.05,2643.0,2565.25,2640.0,2635.65,2605.04
2015-02-19,TCS,EQ,2635.65,2636.0,2687.3,2635.0,2674.55,2681.05,2660.47
2015-02-20,TCS,EQ,2681.05,2698.8,2698.8,2642.25,2664.65,2675.55,2672.56
2015-02-23,TCS,EQ,2675.55,2671.0,2722.0,2671.0,2700.0,2696.65,2701.93
2015-02-24,TCS,EQ,2696.65,2694.0,2730.0,2679.0,2699.35,2704.75,2709.36
2015-02-25,TCS,EQ,2704.75,2710.0,2722.0,2667.85,2669.7,2672.2,2694.16
2015-02-26,TCS,EQ,2672.2,2679.0,2692.75,2625.35,2649.5,2656.45,2655.31
2015-02-27,TCS,EQ,2656.45,2659.45,2675.75,2616.3,2668.0,2662.35,2647.84
2015-02-28,TCS,EQ,2662.35,2677.0,2687.1,2643.0,2679.55,2675.25,2668.12
2015-03-02,TCS,EQ,2675.25,2679.7,2708.95,2652.55,2673.95,2669.4,2664.97
2015-03-03,TCS,EQ,2669.4,2682.0,2790.0,2676.15,2785.1,2776.0,2748.34
2015-03-04,TCS,EQ,2776.0,2788.0,2812.1,2715.65,2740.0,2746.0,2763.04
2015-03-05,TCS,EQ,2746.0,2750.0,2770.7,2681.05,2690.1,2696.45,2713.59
2015-03-09,TCS,EQ,2696.45,2640.0,2679.8,2610.0,2649.0,2646.8,2647.72
2015-03-10,TCS,EQ,2646.8,2648.9,2678.25,2595.25,2638.85,2642.7,2632.78
2015-03-11,TCS,EQ,2642.7,2642.0,2659.95,2597.8,2605.15,2606.55,2622.9
2015-03-12,TCS,EQ,2606.55,2623.9,2624.9,2590.1,2618.2,2619.05,2606.76
2015-03-13,TCS,EQ,2619.05,2638.0,2639.95,2575.0,2585.0,2582.35,2594.75
2015-03-16,TCS,EQ,2582.35,2585.2,2610.0,2552.0,2560.6,2562.3,2579.88
2015-03-17,TCS,EQ,2562.3,2582.5,2606.7,2557.75,2583.65,2583.7,2582.66
2015-03-18,TCS,EQ,2583.7,2590.95,2599.45,2551.7,2556.0,2559.35,2561.86
2015-03-19,TCS,EQ,2559.35,2576.0,2605.85,2568.1,2602.0,2596.25,2596.45
2015-03-20,TCS,EQ,2596.25,2596.0,2618.0,2578.85,2610.85,2610.95,2608.5
2015-03-23,TCS,EQ,2610.95,2616.0,2631.0,2606.0,2616.0,2617.15,2616.73
2015-03-24,TCS,EQ,2617.15,2630.0,2637.0,2582.1,2600.0,2591.3,2617.59
2015-03-25,TCS,EQ,2591.3,2591.4,2614.0,2545.2,2569.85,2573.75,2575.29
2015-03-26,TCS,EQ,2573.75,2553.3,2586.7,2501.0,2515.0,2513.1,2535.65
2015-03-27,TCS,EQ,2513.1,2531.0,2571.9,2504.1,2519.9,2514.8,2536.73
2015-03-30,TCS,EQ,2514.8,2525.0,2569.9,2520.0,2554.2,2564.15,2546.18
2015-03-31,TCS,EQ,2564.15,2569.45,2569.45,2521.0,2560.0,2553.95,2548.15
2015-04-01,TCS,EQ,2553.95,2558.0,2563.6,2522.25,2544.05,2542.65,2538.81
2015-04-06,TCS,EQ,2542.65,2558.0,2562.9,2500.1,2548.3,2547.3,2531.53
2015-04-07,TCS,EQ,2547.3,2562.45,2599.0,2544.0,2588.95,2585.0,2571.5
2015-04-08,TCS,EQ,2585.0,2594.0,2656.5,2590.85,2646.0,2641.4,2632.0
2015-04-09,TCS,EQ,2641.4,2659.0,2687.45,2635.15,2662.6,2664.55,2658.35
2015-04-10,TCS,EQ,2664.55,2648.5,2670.8,2628.0,2651.1,2653.75,2648.39
2015-04-13,TCS,EQ,2653.75,2664.0,2665.0,2628.0,2653.85,2655.5,2650.09
2015-04-15,TCS,EQ,2655.5,2654.7,2713.9,2609.4,2618.95,2627.75,2646.26
2015-04-16,TCS,EQ,2627.75,2626.95,2627.0,2571.35,2574.0,2582.8,2589.79
2015-04-17,TCS,EQ,2582.8,2557.1,2560.0,2470.0,2473.9,2474.85,2495.54
2015-04-20,TCS,EQ,2474.85,2480.05,2483.9,2424.85,2426.0,2428.8,2439.46
2015-04-21,TCS,EQ,2428.8,2428.8,2452.0,2401.0,2427.05,2427.05,2430.81
2015-04-22,TCS,EQ,2427.05,2431.5,2473.0,2407.55,2470.6,2445.1,2428.26
2015-04-23,TCS,EQ,2445.1,2472.0,2479.8,2431.7,2455.0,2457.25,2460.81
2015-04-24,TCS,EQ,2457.25,2455.3,2514.0,2447.55,2509.6,2493.05,2488.25
2015-04-27,TCS,EQ,2493.05,2499.5,2520.0,2486.0,2500.0,2500.2,2501.44
2015-04-28,TCS,EQ,2500.2,2510.0,2510.0,2455.1,2493.0,2495.0,2477.16
2015-04-29,TCS,EQ,2495.0,2484.0,2495.0,2451.05,2481.0,2487.3,2472.31
2015-04-30,TCS,EQ,2487.3,2480.0,2490.0,2427.1,2476.0,2463.7,2461.06
2015-05-04,TCS,EQ,2463.7,2491.0,2504.8,2457.2,2482.25,2481.55,2476.14
2015-05-05,TCS,EQ,2481.55,2501.0,2536.45,2500.0,2519.0,2517.85,2518.94
2015-05-06,TCS,EQ,2517.85,2515.0,2515.0,2455.8,2463.0,2463.05,2468.46
2015-05-07,TCS,EQ,2463.05,2464.9,2553.75,2453.7,2550.0,2545.25,2522.63
2015-05-08,TCS,EQ,2545.25,2560.0,2588.0,2516.3,2530.0,2527.25,2552.07
2015-05-11,TCS,EQ,2527.25,2535.0,2563.05,2525.0,2559.0,2556.0,2550.07
2015-05-12,TCS,EQ,2556.0,2560.0,2565.0,2513.0,2523.95,2522.9,2524.91
2015-05-13,TCS,EQ,2522.9,2547.0,2547.0,2480.45,2523.1,2515.4,2510.43
2015-05-14,TCS,EQ,2515.4,2520.0,2520.0,2485.0,2499.0,2499.25,2495.09
2015-05-15,TCS,EQ,2499.25,2515.0,2532.4,2501.0,2511.0,2511.15,2512.17
2015-05-18,TCS,EQ,2511.15,2514.1,2525.25,2497.1,2515.15,2520.4,2505.41
2015-05-19,TCS,EQ,2520.4,2519.4,2530.0,2496.75,2512.0,2512.7,2511.97
2015-05-20,TCS,EQ,2512.7,2520.0,2569.9,2516.9,2557.0,2557.05,2550.08
2015-05-21,TCS,EQ,2557.05,2557.0,2580.0,2548.15,2551.9,2555.5,2565.83
2015-05-22,TCS,EQ,2555.5,2550.0,2628.75,2539.25,2621.8,2617.9,2594.64
2015-05-25,TCS,EQ,2617.9,2620.0,2636.9,2585.7,2600.05,2601.0,2606.03
2015-05-26,TCS,EQ,2601.0,2605.0,2623.25,2588.9,2614.95,2608.85,2610.17
2015-05-27,TCS,EQ,2608.85,2608.0,2633.15,2592.0,2610.0,2615.25,2615.75
2015-05-28,TCS,EQ,2615.25,2603.9,2623.0,2582.25,2615.9,2609.5,2606.6
2015-05-29,TCS,EQ,2609.5,2617.0,2648.6,2597.25,2621.55,2610.3,2614.52
2015-06-01,TCS,EQ,2610.3,2609.45,2647.1,2608.35,2615.2,2617.75,2622.43
2015-06-02,TCS,EQ,2617.75,2616.0,2630.0,2590.5,2605.0,2599.9,2605.54
2015-06-03,TCS,EQ,2599.9,2604.0,2625.6,2590.5,2612.0,2610.9,2611.6
2015-06-04,TCS,EQ,2610.9,2617.1,2622.8,2588.5,2600.2,2605.65,2606.81
2015-06-05,TCS,EQ,2605.65,2592.0,2609.0,2570.0,2577.5,2575.85,2583.52
2015-06-08,TCS,EQ,2575.85,2590.0,2590.0,2561.65,2580.0,2577.45,2576.28
2015-06-09,TCS,EQ,2577.45,2585.0,2590.0,2551.0,2561.95,2561.65,2574.52
2015-06-10,TCS,EQ,2561.65,2566.0,2610.0,2563.8,2600.0,2600.75,2586.57
2015-06-11,TCS,EQ,2600.75,2605.5,2613.0,2556.75,2564.25,2571.3,2585.02
2015-06-12,TCS,EQ,2571.3,2571.9,2588.95,2476.8,2520.0,2505.8,2526.7
2015-06-15,TCS,EQ,2505.8,2505.3,2520.45,2481.0,2509.5,2504.8,2503.06
2015-06-16,TCS,EQ,2504.8,2500.0,2519.3,2494.45,2508.0,2512.0,2510.7
2015-06-17,TCS,EQ,2512.0,2521.0,2529.15,2501.8,2512.0,2513.8,2516.05
2015-06-18,TCS,EQ,2513.8,2515.0,2546.3,2508.0,2522.0,2530.05,2533.09
2015-06-19,TCS,EQ,2530.05,2535.0,2555.0,2527.1,2550.0,2549.55,2546.79
2015-06-22,TCS,EQ,2549.55,2547.0,2600.0,2547.0,2598.3,2591.5,2587.1
2015-06-23,TCS,EQ,2591.5,2600.0,2608.0,2567.2,2585.9,2574.6,2582.03
2015-06-24,TCS,EQ,2574.6,2580.0,2587.9,2558.85,2568.7,2570.3,2573.22
2015-06-25,TCS,EQ,2570.3,2562.0,2573.0,2544.15,2552.0,2550.0,2553.8
2015-06-26,TCS,EQ,2550.0,2550.2,2596.35,2550.2,2590.1,2592.8,2579.82
2015-06-29,TCS,EQ,2592.8,2572.0,2604.0,2543.4,2599.0,2592.9,2569.67
2015-06-30,TCS,EQ,2592.9,2585.0,2588.75,2540.0,2555.0,2550.95,2557.03
2015-07-01,TCS,EQ,2550.95,2563.9,2608.0,2556.75,2600.0,2593.1,2584.41
2015-07-02,TCS,EQ,2593.1,2600.0,2602.95,2571.05,2582.0,2577.75,2583.81
2015-07-03,TCS,EQ,2577.75,2573.05,2610.0,2570.0,2603.1,2603.9,2595.18
2015-07-06,TCS,EQ,2603.9,2580.3,2645.0,2580.3,2629.7,2633.3,2613.46
2015-07-07,TCS,EQ,2633.3,2632.75,2646.9,2603.0,2623.9,2616.25,2627.79
2015-07-08,TCS,EQ,2616.25,2597.95,2621.7,2580.5,2591.7,2595.1,2596.66
2015-07-09,TCS,EQ,2595.1,2595.0,2598.25,2506.65,2529.35,2522.5,2540.37
2015-07-10,TCS,EQ,2522.5,2559.0,2559.0,2455.0,2467.0,2474.35,2489.45
2015-07-13,TCS,EQ,2474.35,2475.4,2518.6,2475.4,2506.1,2509.55,2502.25
2015-07-14,TCS,EQ,2509.55,2511.0,2515.0,2490.0,2498.85,2499.5,2499.62
2015-07-15,TCS,EQ,2499.5,2501.0,2549.95,2500.0,2548.0,2545.75,2534.53
2015-07-16,TCS,EQ,2545.75,2543.7,2558.85,2526.6,2534.9,2540.2,2543.54
2015-07-17,TCS,EQ,2540.2,2546.8,2570.1,2543.3,2563.25,2564.4,2558.02
2015-07-20,TCS,EQ,2564.4,2564.0,2583.9,2551.9,2579.95,2579.15,2571.54
2015-07-21,TCS,EQ,2579.15,2576.0,2600.35,2555.1,2561.7,2561.4,2574.93
2015-07-22,TCS,EQ,2561.4,2561.0,2569.0,2521.05,2530.9,2528.05,2532.4
2015-07-23,TCS,EQ,2528.05,2517.5,2537.85,2483.0,2492.05,2488.6,2505.27
2015-07-24,TCS,EQ,2488.6,2497.5,2516.5,2492.1,2507.1,2505.15,2506.09
2015-07-27,TCS,EQ,2505.15,2488.0,2505.0,2481.15,2501.15,2497.05,2496.91
2015-07-28,TCS,EQ,2497.05,2499.5,2519.0,2492.15,2509.7,2502.05,2509.48
2015-07-29,TCS,EQ,2502.05,2511.0,2515.05,2483.5,2515.0,2506.75,2501.68
2015-07-30,TCS,EQ,2506.75,2516.05,2516.8,2472.8,2472.8,2480.65,2490.3
2015-07-31,TCS,EQ,2480.65,2489.9,2519.0,2487.0,2511.45,2510.75,2502.23
2015-08-03,TCS,EQ,2510.75,2503.4,2525.0,2500.9,2508.0,2509.6,2514.14
2015-08-04,TCS,EQ,2509.6,2510.4,2523.0,2486.0,2510.0,2508.9,2500.32
2015-08-05,TCS,EQ,2508.9,2520.0,2550.0,2511.0,2544.55,2547.15,2539.25
2015-08-06,TCS,EQ,2547.15,2565.0,2583.0,2550.1,2569.3,2573.3,2566.25
2015-08-07,TCS,EQ,2573.3,2573.0,2573.0,2547.0,2559.0,2552.05,2558.6
2015-08-10,TCS,EQ,2552.05,2572.0,2589.0,2556.6,2575.0,2572.1,2576.47
2015-08-11,TCS,EQ,2572.1,2578.0,2610.0,2542.1,2600.8,2604.2,2595.57
2015-08-12,TCS,EQ,2604.2,2603.1,2691.4,2602.0,2670.0,2671.7,2658.48
2015-08-13,TCS,EQ,2671.7,2670.0,2684.0,2556.0,2638.35,2635.6,2652.19
2015-08-14,TCS,EQ,2635.6,2638.0,2719.35,2637.1,2692.05,2703.2,2688.81
2015-08-17,TCS,EQ,2703.2,2690.1,2696.8,2655.0,2685.9,2684.75,2673.6
2015-08-18,TCS,EQ,2684.75,2706.9,2749.9,2690.0,2745.95,2740.9,2736.66
2015-08-19,TCS,EQ,2740.9,2750.0,2752.85,2721.9,2727.0,2733.6,2739.06
2015-08-20,TCS,EQ,2733.6,2745.0,2745.0,2672.0,2686.5,2686.85,2702.74
2015-08-21,TCS,EQ,2686.85,2712.0,2729.9,2655.1,2671.0,2676.15,2684.3
2015-08-24,TCS,EQ,2676.15,2639.0,2645.0,2569.1,2586.0,2578.65,2599.95
2015-08-25,TCS,EQ,2578.65,2587.9,2622.0,2535.5,2564.8,2567.15,2574.64
2015-08-26,TCS,EQ,2567.15,2558.05,2639.0,2511.95,2579.8,2576.75,2591.93
2015-08-27,TCS,EQ,2576.75,2614.9,2614.9,2545.8,2567.0,2574.65,2572.91
2015-08-28,TCS,EQ,2574.65,2609.0,2609.0,2557.7,2563.1,2570.85,2581.92
2015-08-31,TCS,EQ,2570.85,2590.0,2590.0,2531.05,2575.0,2564.05,2566.03
2015-09-01,TCS,EQ,2564.05,2556.0,2611.2,2530.0,2533.2,2537.4,2574.5
2015-09-02,TCS,EQ,2537.4,2559.7,2620.45,2548.0,2600.0,2591.8,2595.11
2015-09-03,TCS,EQ,2591.8,2596.1,2615.0,2576.25,2606.0,2605.6,2594.76
2015-09-04,TCS,EQ,2605.6,2611.4,2614.9,2539.15,2544.0,2547.45,2568.96
2015-09-07,TCS,EQ,2547.45,2553.0,2559.95,2532.7,2539.6,2539.75,2546.5
2015-09-08,TCS,EQ,2539.75,2545.0,2564.1,2523.5,2540.3,2540.3,2540.52
2015-09-09,TCS,EQ,2540.3,2562.95,2574.0,2544.0,2551.0,2549.75,2558.04
2015-09-10,TCS,EQ,2549.75,2542.0,2578.5,2527.0,2550.0,2545.4,2553.83
2015-09-11,TCS,EQ,2545.4,2546.5,2568.4,2540.6,2549.8,2552.0,2553.59
2015-09-14,TCS,EQ,2552.0,2565.0,2565.0,2543.0,2548.0,2551.65,2552.98
2015-09-15,TCS,EQ,2551.65,2551.65,2558.9,2536.0,2537.25,2547.6,2548.86
2015-09-16,TCS,EQ,2547.6,2555.0,2565.0,2541.05,2548.0,2550.35,2553.8
2015-09-18,TCS,EQ,2550.35,2565.0,2586.0,2539.0,2545.0,2551.25,2565.18
2015-09-21,TCS,EQ,2551.25,2550.0,2557.1,2533.2,2555.65,2551.05,2545.78
2015-09-22,TCS,EQ,2551.05,2557.5,2572.4,2490.0,2522.55,2526.8,2545.14
2015-09-23,TCS,EQ,2526.8,2534.3,2557.75,2512.6,2534.6,2532.65,2533.36
2015-09-24,TCS,EQ,2532.65,2535.5,2590.0,2529.9,2579.0,2580.4,2561.8
2015-09-28,TCS,EQ,2580.4,2594.0,2619.0,2579.5,2600.0,2593.7,2603.35
2015-09-29,TCS,EQ,2593.7,2583.35,2634.0,2569.85,2592.0,2588.25,2603.73
2015-09-30,TCS,EQ,2588.25,2643.7,2643.7,2570.95,2585.0,2588.05,2585.98
2015-10-01,TCS,EQ,2588.05,2599.0,2649.95,2592.2,2641.1,2644.6,2630.47
2015-10-05,TCS,EQ,2644.6,2652.7,2770.0,2652.7,2719.9,2711.65,2711.39
2015-10-06,TCS,EQ,2711.65,2725.0,2726.0,2684.0,2686.2,2700.0,2704.9
2015-10-07,TCS,EQ,2700.0,2693.95,2717.0,2646.95,2655.0,2653.95,2677.99
2015-10-08,TCS,EQ,2653.95,2670.0,2678.35,2620.0,2631.9,2633.8,2642.62
2015-10-09,TCS,EQ,2633.8,2650.5,2650.6,2608.0,2630.0,2629.65,2628.83
2015-10-12,TCS,EQ,2629.65,2655.0,2660.35,2587.0,2597.7,2592.6,2612.17
2015-10-13,TCS,EQ,2592.6,2602.8,2612.0,2567.6,2586.85,2598.55,2589.61
2015-10-14,TCS,EQ,2598.55,2548.0,2548.0,2480.0,2480.9,2483.7,2502.59
2015-10-15,TCS,EQ,2483.7,2490.0,2503.5,2465.0,2468.8,2467.75,2478.15
2015-10-16,TCS,EQ,2467.75,2480.9,2492.0,2470.0,2472.0,2473.75,2477.86
2015-10-19,TCS,EQ,2473.75,2490.0,2494.95,2455.85,2493.95,2488.75,2473.9
2015-10-20,TCS,EQ,2488.75,2496.25,2530.0,2495.6,2523.2,2526.75,2520.95
2015-10-21,TCS,EQ,2526.75,2535.0,2542.0,2522.25,2526.0,2530.0,2532.48
2015-10-23,TCS,EQ,2530.0,2548.0,2548.0,2527.3,2536.95,2537.15,2534.65
2015-10-26,TCS,EQ,2537.15,2549.0,2549.0,2515.1,2540.0,2536.55,2530.16
2015-10-27,TCS,EQ,2536.55,2530.05,2544.9,2520.35,2528.9,2531.1,2531.42
2015-10-28,TCS,EQ,2531.1,2510.05,2533.55,2510.05,2528.0,2529.1,2524.11
2015-10-29,TCS,EQ,2529.1,2533.55,2535.4,2490.05,2496.0,2495.35,2500.06
2015-10-30,TCS,EQ,2495.35,2500.0,2511.9,2485.0,2500.0,2495.2,2495.93
2015-11-02,TCS,EQ,2495.2,2500.0,2522.8,2487.55,2518.0,2517.35,2507.96
2015-11-03,TCS,EQ,2517.35,2528.0,2547.8,2518.5,2538.85,2543.45,2536.88
2015-11-04,TCS,EQ,2543.45,2545.0,2547.2,2520.0,2526.75,2533.8,2532.27
2015-11-05,TCS,EQ,2533.8,2530.8,2534.95,2480.0,2485.0,2482.65,2496.94
2015-11-06,TCS,EQ,2482.65,2492.0,2518.25,2483.45,2505.2,2505.75,2507.54
2015-11-09,TCS,EQ,2505.75,2495.0,2502.75,2468.6,2474.0,2471.35,2477.88
2015-11-10,TCS,EQ,2471.35,2472.95,2477.0,2450.0,2455.0,2458.15,2463.3
2015-11-11,TCS,EQ,2458.15,2475.0,2475.0,2450.0,2472.0,2468.8,2467.45
2015-11-13,TCS,EQ,2468.8,2438.05,2438.05,2386.55,2396.0,2397.4,2405.31
2015-11-16,TCS,EQ,2397.4,2390.0,2390.0,2356.0,2376.0,2374.6,2371.62
2015-11-17,TCS,EQ,2374.6,2380.5,2398.45,2375.0,2390.0,2390.55,2385.85
2015-11-18,TCS,EQ,2390.55,2388.9,2388.9,2346.0,2349.65,2351.45,2358.29
2015-11-19,TCS,EQ,2351.45,2365.35,2381.6,2352.0,2367.0,2362.55,2366.14
2015-11-20,TCS,EQ,2362.55,2366.5,2423.55,2361.95,2394.5,2398.35,2403.22
2015-11-23,TCS,EQ,2398.35,2405.3,2413.4,2382.25,2389.3,2391.05,2397.62
2015-11-24,TCS,EQ,2391.05,2380.05,2392.45,2365.5,2366.0,2367.95,2378.62
2015-11-26,TCS,EQ,2367.95,2377.9,2382.4,2337.85,2346.0,2345.55,2355.52
2015-11-27,TCS,EQ,2345.55,2348.0,2359.45,2332.5,2354.95,2353.35,2348.7
2015-11-30,TCS,EQ,2353.35,2365.0,2391.25,2350.15,2373.55,2364.7,2365.21
2015-12-01,TCS,EQ,2364.7,2362.9,2378.05,2357.05,2359.75,2361.9,2363.85
2015-12-02,TCS,EQ,2361.9,2378.0,2378.1,2346.5,2367.0,2365.2,2362.86
2015-12-03,TCS,EQ,2365.2,2360.0,2373.0,2347.0,2350.0,2350.75,2356.59
2015-12-04,TCS,EQ,2350.75,2340.0,2347.3,2321.1,2330.0,2328.4,2330.08
2015-12-07,TCS,EQ,2328.4,2332.2,2343.9,2315.25,2321.0,2319.8,2322.27
2015-12-08,TCS,EQ,2319.8,2319.4,2349.0,2317.3,2326.25,2329.0,2332.95
2015-12-09,TCS,EQ,2329.0,2337.9,2372.8,2320.0,2370.0,2367.65,2361.23
2015-12-10,TCS,EQ,2367.65,2369.0,2391.2,2352.0,2380.95,2384.55,2374.82
2015-12-11,TCS,EQ,2384.55,2383.0,2391.95,2363.25,2383.15,2386.0,2384.13
2015-12-14,TCS,EQ,2386.0,2335.2,2387.0,2330.6,2375.0,2378.45,2364.84
2015-12-15,TCS,EQ,2378.45,2378.45,2385.0,2363.05,2379.5,2375.85,2375.03
2015-12-16,TCS,EQ,2375.85,2384.0,2414.5,2384.0,2407.5,2408.4,2402.07
2015-12-17,TCS,EQ,2408.4,2415.0,2445.0,2393.35,2434.1,2439.75,2418.57
2015-12-18,TCS,EQ,2439.75,2420.0,2434.2,2400.65,2409.8,2416.8,2416.02
2015-12-21,TCS,EQ,2416.8,2419.95,2450.0,2406.85,2443.0,2446.4,2428.4
2015-12-22,TCS,EQ,2446.4,2440.0,2440.0,2400.0,2407.0,2405.05,2413.33
2015-12-23,TCS,EQ,2405.05,2415.0,2435.0,2410.55,2418.8,2425.8,2425.06
2015-12-24,TCS,EQ,2425.8,2421.0,2438.2,2404.0,2435.0,2434.25,2424.03
2015-12-28,TCS,EQ,2434.25,2428.0,2466.4,2420.2,2456.95,2462.7,2455.0
2015-12-29,TCS,EQ,2462.7,2458.35,2465.3,2445.75,2449.35,2455.8,2452.26
2015-12-30,TCS,EQ,2455.8,2453.05,2459.0,2412.3,2421.7,2418.3,2442.06
2015-12-31,TCS,EQ,2418.3,2415.75,2448.5,2407.5,2430.0,2436.85,2428.9
2016-01-01,TCS,EQ,2436.85,2439.0,2439.0,2412.25,2414.1,2416.4,2423.73
2016-01-04,TCS,EQ,2416.4,2410.15,2414.0,2366.05,2373.0,2369.6,2381.76
2016-01-05,TCS,EQ,2369.6,2385.0,2386.6,2341.0,2349.85,2348.95,2353.54
2016-01-06,TCS,EQ,2348.95,2350.2,2386.15,2350.2,2382.0,2381.6,2374.18
2016-01-07,TCS,EQ,2381.6,2370.0,2382.9,2360.0,2379.0,2371.25,2367.71
2016-01-08,TCS,EQ,2371.25,2385.0,2407.35,2372.5,2400.8,2397.6,2396.08
2016-01-11,TCS,EQ,2397.6,2382.5,2384.0,2348.85,2362.8,2362.35,2361.63
2016-01-12,TCS,EQ,2362.35,2362.7,2365.0,2301.6,2317.0,2327.05,2325.68
2016-01-13,TCS,EQ,2327.05,2317.0,2327.0,2255.1,2280.0,2279.2,2283.97
2016-01-14,TCS,EQ,2279.2,2273.0,2298.9,2250.0,2280.05,2278.8,2280.21
2016-01-15,TCS,EQ,2278.8,2288.85,2291.7,2255.0,2265.25,2261.1,2267.74
2016-01-18,TCS,EQ,2261.1,2262.0,2291.9,2260.0,2280.0,2277.65,2281.48
2016-01-19,TCS,EQ,2277.65,2277.0,2300.0,2268.3,2288.0,2279.3,2277.26
2016-01-20,TCS,EQ,2279.3,2273.8,2285.0,2243.0,2280.0,2280.1,2268.32
2016-01-21,TCS,EQ,2280.1,2285.0,2289.9,2245.75,2258.0,2254.5,2258.77
2016-01-22,TCS,EQ,2254.5,2273.0,2302.05,2260.0,2290.0,2295.75,2290.27
2016-01-25,TCS,EQ,2295.75,2301.9,2339.0,2291.5,2301.7,2304.65,2317.64
2016-01-27,TCS,EQ,2304.65,2302.0,2329.95,2281.9,2317.0,2319.75,2316.74
2016-01-28,TCS,EQ,2319.75,2315.5,2348.9,2308.05,2345.0,2331.2,2334.21
2016-01-29,TCS,EQ,2331.2,2358.7,2400.0,2335.05,2386.1,2391.3,2372.42
2016-02-01,TCS,EQ,2391.3,2391.1,2412.95,2359.0,2395.35,2402.7,2402.94
2016-02-02,TCS,EQ,2402.7,2409.0,2433.0,2379.7,2382.0,2398.1,2415.55
2016-02-03,TCS,EQ,2398.1,2387.5,2429.9,2360.3,2424.8,2416.3,2402.39
2016-02-04,TCS,EQ,2416.3,2421.9,2440.0,2402.0,2423.0,2420.05,2419.99
2016-02-05,TCS,EQ,2420.05,2408.1,2439.95,2408.1,2424.0,2421.95,2425.99
2016-02-08,TCS,EQ,2421.95,2400.0,2412.05,2347.0,2354.3,2362.95,2385.01
2016-02-09,TCS,EQ,2362.95,2333.6,2333.6,2255.6,2280.7,2281.4,2276.64
2016-02-10,TCS,EQ,2281.4,2275.0,2289.9,2258.1,2283.0,2268.8,2271.48
2016-02-11,TCS,EQ,2268.8,2280.0,2289.0,2171.65,2179.35,2197.95,2231.27
2016-02-12,TCS,EQ,2197.95,2200.0,2243.4,2164.0,2226.3,2226.6,2214.47
2016-02-15,TCS,EQ,2226.6,2250.0,2306.85,2240.0,2262.0,2269.15,2278.07
2016-02-16,TCS,EQ,2269.15,2266.0,2282.0,2243.0,2262.5,2265.55,2260.28
2016-02-17,TCS,EQ,2265.55,2265.0,2279.65,2246.4,2279.65,2275.55,2265.3
2016-02-18,TCS,EQ,2275.55,2285.0,2319.75,2278.0,2312.1,2315.85,2301.08
2016-02-19,TCS,EQ,2315.85,2307.35,2327.0,2305.45,2314.9,2319.65,2317.45
2016-02-22,TCS,EQ,2319.65,2320.25,2343.0,2305.0,2325.0,2315.9,2330.06
2016-02-23,TCS,EQ,2315.9,2310.25,2319.9,2256.75,2258.1,2264.0,2277.26
2016-02-24,TCS,EQ,2264.0,2262.45,2262.45,2201.2,2216.0,2210.95,2230.36
2016-02-25,TCS,EQ,2210.95,2219.8,2228.0,2185.65,2224.2,2212.85,2204.85
2016-02-26,TCS,EQ,2212.85,2229.7,2256.9,2199.6,2219.9,2210.5,2218.03
2016-02-29,TCS,EQ,2210.5,2237.0,2237.0,2115.0,2172.0,2176.8,2184.95
2016-03-01,TCS,EQ,2176.8,2193.0,2285.1,2162.0,2281.0,2276.65,2257.79
2016-03-02,TCS,EQ,2276.65,2305.0,2330.0,2256.25,2320.1,2318.85,2288.84
2016-03-03,TCS,EQ,2318.85,2336.0,2391.0,2301.0,2369.4,2373.15,2356.33
2016-03-04,TCS,EQ,2373.15,2380.0,2380.0,2349.55,2369.85,2357.55,2362.52
2016-03-08,TCS,EQ,2357.55,2342.1,2367.0,2304.2,2351.0,2354.3,2342.85
2016-03-09,TCS,EQ,2354.3,2341.0,2369.4,2295.15,2360.0,2357.25,2326.68
2016-03-10,TCS,EQ,2357.25,2356.05,2359.85,2314.95,2347.0,2348.3,2329.26
2016-03-11,TCS,EQ,2348.3,2340.0,2390.85,2335.0,2360.0,2365.25,2369.33
2016-03-14,TCS,EQ,2365.25,2362.0,2398.0,2340.0,2346.1,2355.0,2361.38
2016-03-15,TCS,EQ,2355.0,2349.05,2363.5,2320.1,2330.25,2329.9,2333.27
2016-03-16,TCS,EQ,2329.9,2315.0,2332.0,2306.9,2323.55,2327.05,2320.16
2016-03-17,TCS,EQ,2327.05,2334.0,2361.8,2332.0,2349.0,2352.05,2347.85
2016-03-18,TCS,EQ,2352.05,2360.0,2430.0,2360.0,2421.4,2425.85,2408.6
2016-03-21,TCS,EQ,2425.85,2426.0,2454.95,2420.0,2449.05,2446.25,2434.69
2016-03-22,TCS,EQ,2446.25,2442.0,2485.0,2436.5,2470.65,2473.1,2456.21
2016-03-23,TCS,EQ,2473.1,2487.9,2487.9,2457.3,2479.6,2473.8,2473.02
2016-03-28,TCS,EQ,2473.8,2491.0,2517.15,2461.55,2476.0,2473.4,2478.01
2016-03-29,TCS,EQ,2473.4,2478.0,2486.95,2455.0,2462.4,2469.4,2472.49
2016-03-30,TCS,EQ,2469.4,2470.9,2505.0,2460.0,2490.0,2489.5,2490.18
2016-03-31,TCS,EQ,2489.5,2478.3,2550.0,2472.15,2530.0,2520.3,2510.45
2016-04-01,TCS,EQ,2520.3,2505.0,2520.85,2434.1,2458.0,2453.9,2467.96
2016-04-04,TCS,EQ,2453.9,2456.0,2488.0,2447.0,2476.4,2471.25,2462.56
2016-04-05,TCS,EQ,2471.25,2470.8,2484.9,2442.05,2460.0,2462.75,2459.72
2016-04-06,TCS,EQ,2462.75,2470.0,2489.0,2459.35,2481.0,2481.9,2477.67
2016-04-07,TCS,EQ,2481.9,2480.0,2484.7,2457.0,2466.25,2470.8,2470.69
2016-04-08,TCS,EQ,2470.8,2466.0,2473.7,2427.0,2432.0,2432.05,2438.52
2016-04-11,TCS,EQ,2432.05,2433.0,2517.0,2413.0,2506.05,2506.65,2456.71
2016-04-12,TCS,EQ,2506.65,2498.0,2525.0,2488.1,2520.05,2518.15,2502.73
2016-04-13,TCS,EQ,2518.15,2530.0,2545.0,2512.5,2528.0,2526.2,2524.85
2016-04-18,TCS,EQ,2526.2,2453.0,2553.5,2440.0,2522.4,2519.75,2495.75
2016-04-20,TCS,EQ,2519.75,2534.9,2534.9,2440.0,2453.0,2450.35,2472.11
2016-04-21,TCS,EQ,2450.35,2451.0,2467.4,2412.2,2418.2,2424.4,2440.23
2016-04-22,TCS,EQ,2424.4,2419.0,2435.4,2404.2,2423.4,2417.05,2420.24
2016-04-25,TCS,EQ,2417.05,2402.3,2457.05,2402.3,2453.0,2451.25,2441.63
2016-04-26,TCS,EQ,2451.25,2449.0,2493.5,2442.0,2488.0,2489.8,2473.61
2016-04-27,TCS,EQ,2489.8,2480.0,2514.6,2475.9,2511.5,2511.1,2502.32
2016-04-28,TCS,EQ,2511.1,2501.3,2540.0,2498.1,2527.0,2527.75,2526.07
2016-04-29,TCS,EQ,2527.75,2517.0,2542.0,2510.0,2540.1,2535.5,2529.22
2016-05-02,TCS,EQ,2535.5,2529.0,2530.0,2500.0,2525.1,2526.7,2516.27
2016-05-03,TCS,EQ,2526.7,2525.0,2530.0,2472.0,2473.9,2478.1,2496.18
2016-05-04,TCS,EQ,2478.1,2473.9,2494.05,2457.0,2478.0,2478.0,2472.4
2016-05-05,TCS,EQ,2478.0,2478.0,2489.95,2463.55,2469.3,2470.3,2472.47
2016-05-06,TCS,EQ,2470.3,2465.0,2484.3,2431.0,2479.0,2473.4,2456.6
2016-05-09,TCS,EQ,2473.4,2473.4,2518.0,2456.4,2514.6,2512.55,2499.22
2016-05-10,TCS,EQ,2512.55,2515.0,2533.95,2496.0,2522.9,2522.9,2515.63
2016-05-11,TCS,EQ,2522.9,2500.0,2525.6,2490.0,2524.8,2518.3,2514.08
2016-05-12,TCS,EQ,2518.3,2520.55,2569.9,2520.55,2566.0,2566.2,2554.51
2016-05-13,TCS,EQ,2566.2,2565.0,2566.0,2510.15,2525.0,2523.4,2530.28
2016-05-16,TCS,EQ,2523.4,2538.0,2564.8,2522.5,2552.75,2551.15,2543.39
2016-05-17,TCS,EQ,2551.15,2564.2,2591.25,2552.0,2570.0,2570.2,2572.85
2016-05-18,TCS,EQ,2570.2,2565.85,2565.85,2526.05,2553.0,2551.1,2543.29
2016-05-19,TCS,EQ,2551.1,2555.0,2560.0,2526.1,2555.0,2556.95,2548.52
2016-05-20,TCS,EQ,2556.95,2542.3,2565.8,2522.8,2529.9,2529.3,2542.91
2016-05-23,TCS,EQ,2529.3,2544.0,2545.9,2480.2,2483.0,2491.45,2510.13
2016-05-24,TCS,EQ,2491.45,2484.0,2488.25,2459.6,2468.6,2467.7,2467.63
2016-05-25,TCS,EQ,2467.7,2481.0,2532.95,2481.0,2520.95,2526.45,2514.12
2016-05-26,TCS,EQ,2526.45,2530.0,2564.9,2505.1,2560.0,2548.7,2537.2
2016-05-27,TCS,EQ,2548.7,2553.15,2579.85,2550.6,2577.0,2572.65,2566.93
2016-05-30,TCS,EQ,2572.65,2583.0,2641.95,2582.0,2636.05,2636.4,2617.5
2016-05-31,TCS,EQ,2636.4,2640.0,2647.0,2562.0,2567.5,2569.4,2581.37
2016-06-01,TCS,EQ,2569.4,2571.2,2645.0,2571.0,2633.9,2633.55,2625.05
2016-06-02,TCS,EQ,2633.55,2600.0,2654.3,2600.0,2654.0,2650.15,2635.94
2016-06-03,TCS,EQ,2650.15,2651.4,2658.0,2620.5,2628.0,2629.55,2631.87
2016-06-06,TCS,EQ,2629.55,2620.5,2639.0,2603.2,2610.0,2612.5,2618.59
2016-06-07,TCS,EQ,2612.5,2614.0,2639.0,2613.0,2631.6,2631.15,2628.62
2016-06-08,TCS,EQ,2631.15,2617.25,2628.55,2605.5,2615.0,2613.1,2615.77
2016-06-09,TCS,EQ,2613.1,2622.4,2622.4,2555.2,2581.9,2577.25,2581.13
2016-06-10,TCS,EQ,2577.25,2566.0,2603.25,2553.2,2554.0,2555.75,2571.67
2016-06-13,TCS,EQ,2555.75,2540.0,2553.35,2518.0,2545.25,2547.0,2538.25
2016-06-14,TCS,EQ,2547.0,2558.95,2558.95,2518.25,2540.0,2534.85,2531.47
2016-06-15,TCS,EQ,2534.85,2530.0,2564.9,2522.0,2558.5,2556.85,2540.82
2016-06-16,TCS,EQ,2556.85,2545.55,2564.7,2516.45,2557.0,2558.3,2539.78
2016-06-17,TCS,EQ,2558.3,2559.0,2610.0,2559.0,2600.0,2602.6,2590.05
2016-06-20,TCS,EQ,2602.6,2602.6,2668.0,2591.8,2657.0,2659.3,2647.08
2016-06-21,TCS,EQ,2659.3,2663.5,2665.0,2641.4,2646.0,2651.2,2650.08
2016-06-22,TCS,EQ,2651.2,2650.0,2677.7,2631.75,2661.05,2667.65,2660.15
2016-06-23,TCS,EQ,2667.65,2655.0,2659.5,2625.3,2644.45,2645.35,2642.78
2016-06-24,TCS,EQ,2645.35,2565.15,2593.2,2514.15,2568.0,2573.95,2559.15
2016-06-27,TCS,EQ,2573.95,2547.0,2547.0,2482.65,2496.7,2495.85,2499.2
2016-06-28,TCS,EQ,2495.85,2495.85,2502.9,2458.4,2464.0,2463.95,2479.12
2016-06-29,TCS,EQ,2463.95,2475.0,2512.5,2465.3,2500.0,2502.9,2489.12
2016-06-30,TCS,EQ,2502.9,2522.0,2562.9,2500.35,2548.05,2553.1,2532.82
2016-07-01,TCS,EQ,2553.1,2562.0,2564.6,2494.35,2498.75,2500.85,2526.66
2016-07-04,TCS,EQ,2500.85,2516.0,2525.85,2482.0,2485.35,2494.2,2507.92
2016-07-05,TCS,EQ,2494.2,2494.2,2497.05,2477.15,2480.2,2485.3,2485.94
2016-07-07,TCS,EQ,2485.3,2487.7,2491.85,2425.0,2428.0,2429.8,2452.12
2016-07-08,TCS,EQ,2429.8,2435.0,2442.05,2403.5,2430.1,2426.6,2425.89
2016-07-11,TCS,EQ,2426.6,2430.0,2471.8,2427.0,2469.0,2464.15,2455.17
2016-07-12,TCS,EQ,2464.15,2471.7,2475.0,2435.85,2463.5,2464.95,2456.78
2016-07-13,TCS,EQ,2464.95,2478.0,2499.25,2451.25,2485.0,2493.1,2485.6
2016-07-14,TCS,EQ,2493.1,2486.0,2529.0,2471.0,2520.0,2521.9,2506.46
2016-07-15,TCS,EQ,2521.9,2517.0,2527.8,2426.55,2445.0,2445.35,2464.2
2016-07-18,TCS,EQ,2445.35,2447.0,2469.0,2430.6,2431.15,2433.45,2444.65
2016-07-19,TCS,EQ,2433.45,2427.5,2472.8,2427.5,2466.0,2466.2,2452.39
2016-07-20,TCS,EQ,2466.2,2450.0,2502.5,2448.15,2493.0,2494.95,2488.38
2016-07-21,TCS,EQ,2494.95,2489.5,2519.5,2464.45,2506.0,2506.05,2492.08
2016-07-22,TCS,EQ,2506.05,2498.9,2524.0,2492.0,2514.95,2515.1,2510.5
2016-07-25,TCS,EQ,2515.1,2512.0,2563.2,2505.8,2555.0,2558.95,2539.84
2016-07-26,TCS,EQ,2558.95,2558.95,2568.0,2533.0,2550.0,2552.6,2547.81
2016-07-27,TCS,EQ,2552.6,2555.0,2580.4,2545.0,2578.0,2577.55,2570.12
2016-07-28,TCS,EQ,2577.55,2580.5,2629.55,2577.05,2614.2,2619.25,2601.74
2016-07-29,TCS,EQ,2619.25,2614.0,2634.9,2599.0,2624.9,2619.3,2618.8
2016-08-01,TCS,EQ,2619.3,2632.0,2725.0,2632.0,2702.6,2708.25,2696.68
2016-08-02,TCS,EQ,2708.25,2702.9,2715.7,2689.8,2703.8,2699.2,2702.65
2016-08-03,TCS,EQ,2699.2,2686.0,2699.0,2649.05,2649.05,2656.3,2666.45
2016-08-04,TCS,EQ,2656.3,2670.0,2682.95,2636.25,2658.0,2652.0,2656.13
2016-08-05,TCS,EQ,2652.0,2673.9,2684.3,2632.0,2643.45,2649.1,2657.26
2016-08-08,TCS,EQ,2649.1,2640.0,2668.0,2629.05,2655.0,2649.5,2651.83
2016-08-09,TCS,EQ,2649.5,2658.0,2659.8,2578.85,2654.45,2650.2,2645.82
2016-08-10,TCS,EQ,2650.2,2651.0,2682.0,2648.0,2676.0,2675.4,2671.88
2016-08-11,TCS,EQ,2675.4,2665.55,2715.0,2665.55,2706.85,2709.9,2702.48
2016-08-12,TCS,EQ,2709.9,2705.0,2744.8,2702.05,2740.0,2738.45,2732.86
2016-08-16,TCS,EQ,2738.45,2738.0,2740.0,2673.85,2700.0,2691.7,2709.24
2016-08-17,TCS,EQ,2691.7,2699.0,2699.0,2618.0,2628.0,2624.55,2641.55
2016-08-18,TCS,EQ,2624.55,2635.0,2657.55,2630.1,2631.0,2638.55,2648.64
2016-08-19,TCS,EQ,2638.55,2640.0,2646.45,2600.0,2602.6,2603.5,2610.69
2016-08-22,TCS,EQ,2603.5,2588.0,2594.45,2536.3,2553.5,2548.7,2562.14
2016-08-23,TCS,EQ,2548.7,2544.95,2604.95,2540.2,2600.4,2601.05,2593.41
2016-08-24,TCS,EQ,2601.05,2589.8,2602.0,2569.05,2570.65,2572.05,2579.68
2016-08-25,TCS,EQ,2572.05,2580.0,2589.7,2526.0,2550.35,2551.05,2549.92
2016-08-26,TCS,EQ,2551.05,2559.8,2572.55,2517.2,2527.25,2524.95,2536.81
2016-08-29,TCS,EQ,2524.95,2534.95,2534.95,2466.75,2508.0,2500.55,2489.5
2016-08-30,TCS,EQ,2500.55,2510.0,2549.8,2501.25,2544.9,2544.15,2526.5
2016-08-31,TCS,EQ,2544.15,2550.0,2550.0,2500.85,2514.7,2511.3,2520.29
2016-09-01,TCS,EQ,2511.3,2524.9,2534.95,2487.05,2507.25,2507.5,2507.33
2016-09-02,TCS,EQ,2507.5,2512.0,2519.4,2496.05,2511.0,2514.8,2509.99
2016-09-06,TCS,EQ,2514.8,2519.9,2520.15,2480.0,2484.7,2484.05,2492.04
2016-09-07,TCS,EQ,2484.05,2499.7,2499.7,2423.0,2452.1,2440.55,2463.78
2016-09-08,TCS,EQ,2440.55,2360.0,2360.0,2284.75,2327.7,2322.1,2313.11
2016-09-09,TCS,EQ,2322.1,2329.7,2366.65,2320.05,2352.0,2352.45,2347.82
2016-09-12,TCS,EQ,2352.45,2337.0,2363.95,2324.0,2358.0,2359.05,2354.99
2016-09-14,TCS,EQ,2359.05,2362.0,2377.6,2310.0,2332.0,2328.45,2330.65
2016-09-15,TCS,EQ,2328.45,2339.95,2342.1,2316.75,2325.0,2326.95,2327.02
2016-09-16,TCS,EQ,2326.95,2336.7,2376.0,2320.0,2368.0,2361.7,2346.07
2016-09-19,TCS,EQ,2361.7,2365.0,2427.0,2350.0,2411.0,2411.45,2406.04
2016-09-20,TCS,EQ,2411.45,2411.0,2416.9,2385.4,2410.0,2406.5,2399.05
2016-09-21,TCS,EQ,2406.5,2407.7,2424.0,2400.7,2412.0,2413.4,2412.77
2016-09-22,TCS,EQ,2413.4,2425.25,2428.0,2371.1,2380.0,2378.0,2392.19
2016-09-23,TCS,EQ,2378.0,2382.0,2403.85,2371.15,2400.0,2398.1,2394.21
2016-09-26,TCS,EQ,2398.1,2401.1,2419.1,2395.0,2395.1,2401.1,2407.73
2016-09-27,TCS,EQ,2401.1,2401.1,2448.0,2401.1,2437.0,2436.1,2434.59
2016-09-28,TCS,EQ,2436.1,2431.0,2437.5,2415.2,2425.0,2423.05,2423.88
2016-09-29,TCS,EQ,2423.05,2435.0,2456.5,2419.6,2437.0,2437.8,2435.92
2016-09-30,TCS,EQ,2437.8,2437.05,2449.8,2423.1,2432.2,2430.8,2432.55
2016-10-03,TCS,EQ,2430.8,2450.0,2457.65,2401.1,2407.5,2411.7,2417.11
2016-10-04,TCS,EQ,2411.7,2420.0,2425.05,2398.0,2407.0,2405.15,2408.35
2016-10-05,TCS,EQ,2405.15,2408.0,2415.4,2376.1,2386.0,2386.35,2389.49
2016-10-06,TCS,EQ,2386.35,2395.0,2402.4,2372.75,2386.85,2388.75,2385.27
2016-10-07,TCS,EQ,2388.75,2388.0,2388.0,2358.2,2370.0,2367.8,2367.26
2016-10-10,TCS,EQ,2367.8,2369.9,2386.9,2355.05,2380.0,2380.3,2372.07
2016-10-13,TCS,EQ,2380.3,2363.3,2369.9,2320.9,2334.0,2328.9,2337.63
2016-10-14,TCS,EQ,2328.9,2315.0,2387.0,2291.0,2370.6,2366.2,2344.02
2016-10-17,TCS,EQ,2366.2,2368.9,2375.8,2344.4,2374.95,2362.45,2361.6
2016-10-18,TCS,EQ,2362.45,2376.0,2415.7,2354.8,2398.6,2400.2,2379.35
2016-10-19,TCS,EQ,2400.2,2401.0,2410.0,2370.3,2390.0,2395.1,2387.88
2016-10-20,TCS,EQ,2395.1,2396.9,2409.35,2386.0,2403.0,2401.15,2398.87
2016-10-21,TCS,EQ,2401.15,2400.0,2431.9,2398.25,2430.0,2428.65,2420.01
2016-10-24,TCS,EQ,2428.65,2428.2,2434.9,2402.55,2433.0,2427.7,2419.99
2016-10-25,TCS,EQ,2427.7,2405.0,2414.6,2381.0,2400.0,2398.45,2401.02
2016-10-26,TCS,EQ,2398.45,2398.6,2402.75,2372.5,2383.0,2396.25,2387.8
2016-10-27,TCS,EQ,2396.25,2379.7,2429.5,2365.5,2401.1,2418.1,2397.88
2016-10-28,TCS,EQ,2418.1,2410.0,2415.1,2388.0,2398.0,2398.7,2400.14
2016-10-30,TCS,EQ,2398.7,2398.7,2408.95,2382.0,2390.05,2391.05,2393.74
2016-11-01,TCS,EQ,2391.05,2399.7,2399.7,2334.15,2359.05,2350.0,2371.67
2016-11-02,TCS,EQ,2350.0,2341.0,2344.0,2295.0,2298.75,2304.05,2315.05
2016-11-03,TCS,EQ,2304.05,2294.0,2335.0,2284.5,2320.0,2319.45,2315.15
2016-11-04,TCS,EQ,2319.45,2320.0,2336.15,2294.0,2330.0,2330.55,2313.13
2016-11-07,TCS,EQ,2330.55,2337.9,2344.9,2260.05,2266.0,2277.05,2296.42
2016-11-08,TCS,EQ,2277.05,2280.45,2307.0,2260.0,2289.6,2283.2,2281.56
2016-11-09,TCS,EQ,2283.2,2180.0,2275.0,2142.85,2185.8,2169.85,2188.73
2016-11-10,TCS,EQ,2169.85,2204.8,2217.5,2140.8,2147.05,2155.45,2186.26
2016-11-11,TCS,EQ,2155.45,2147.05,2147.05,2086.2,2120.0,2101.15,2110.24
2016-11-15,TCS,EQ,2101.15,2116.9,2157.55,2051.9,2138.35,2121.3,2116.99
2016-11-16,TCS,EQ,2121.3,2145.1,2208.9,2138.0,2187.65,2189.6,2189.51
2016-11-17,TCS,EQ,2189.6,2185.0,2208.6,2130.15,2134.05,2137.2,2163.54
2016-11-18,TCS,EQ,2137.2,2142.0,2150.0,2104.2,2126.2,2125.1,2123.04
2016-11-21,TCS,EQ,2125.1,2126.2,2140.0,2105.0,2130.0,2132.9,2128.57
2016-11-22,TCS,EQ,2132.9,2132.0,2177.45,2122.05,2142.0,2135.0,2147.59
2016-11-23,TCS,EQ,2135.0,2149.0,2162.95,2127.2,2158.5,2156.35,2150.81
2016-11-24,TCS,EQ,2156.35,2154.9,2207.6,2137.0,2205.0,2188.45,2185.41
2016-11-25,TCS,EQ,2188.45,2212.0,2307.25,2192.2,2299.8,2300.35,2272.25
2016-11-28,TCS,EQ,2300.35,2294.0,2319.45,2251.9,2275.05,2282.6,2283.57
2016-11-29,TCS,EQ,2282.6,2275.0,2292.0,2252.55,2263.0,2259.85,2271.38
2016-11-30,TCS,EQ,2259.85,2265.0,2294.75,2242.3,2275.0,2276.05,2272.16
2016-12-01,TCS,EQ,2276.05,2277.0,2290.0,2254.05,2267.0,2263.45,2270.78
2016-12-02,TCS,EQ,2263.45,2258.0,2270.8,2205.2,2229.0,2221.85,2233.56
2016-12-05,TCS,EQ,2221.85,2229.0,2237.85,2170.0,2188.5,2186.0,2189.99
2016-12-06,TCS,EQ,2186.0,2190.0,2203.95,2169.9,2170.85,2182.35,2189.54
2016-12-07,TCS,EQ,2182.35,2182.2,2184.45,2145.65,2157.9,2154.55,2164.31
2016-12-08,TCS,EQ,2154.55,2160.5,2199.0,2160.0,2195.0,2195.75,2185.77
2016-12-09,TCS,EQ,2195.75,2205.0,2219.9,2173.3,2193.6,2195.25,2199.22
2016-12-12,TCS,EQ,2195.25,2194.8,2217.6,2163.0,2210.0,2208.2,2198.33
2016-12-13,TCS,EQ,2208.2,2218.0,2218.0,2183.0,2210.75,2200.3,2199.64
2016-12-14,TCS,EQ,2200.3,2214.0,2224.7,2189.0,2208.8,2207.6,2207.22
2016-12-15,TCS,EQ,2207.6,2202.0,2272.1,2202.0,2256.5,2259.3,2257.49
2016-12-16,TCS,EQ,2259.3,2277.0,2290.0,2252.0,2284.8,2282.65,2275.76
2016-12-19,TCS,EQ,2282.65,2280.0,2297.7,2261.3,2285.0,2288.9,2274.6
2016-12-20,TCS,EQ,2288.9,2292.0,2345.0,2287.05,2340.0,2339.3,2322.69
2016-12-21,TCS,EQ,2339.3,2343.8,2343.8,2305.6,2312.0,2313.6,2318.5
2016-12-22,TCS,EQ,2313.6,2306.0,2325.0,2286.2,2315.6,2307.7,2306.01
2016-12-23,TCS,EQ,2307.7,2300.0,2317.75,2278.8,2285.0,2288.1,2295.23
2016-12-26,TCS,EQ,2288.1,2266.0,2301.6,2266.0,2296.85,2293.1,2290.6
2016-12-27,TCS,EQ,2293.1,2281.5,2330.0,2281.5,2322.8,2323.4,2317.79
2016-12-28,TCS,EQ,2323.4,2326.7,2349.9,2303.15,2305.25,2313.4,2335.86
2016-12-29,TCS,EQ,2313.4,2303.0,2359.9,2303.0,2355.0,2351.7,2346.25
2016-12-30,TCS,EQ,2351.7,2354.9,2378.6,2345.65,2366.55,2365.55,2366.64
2017-01-02,TCS,EQ,2365.55,2366.6,2375.1,2352.4,2360.0,2361.35,2365.66
2017-01-03,TCS,EQ,2361.35,2361.25,2371.7,2343.3,2361.0,2368.25,2358.03
2017-01-04,TCS,EQ,2368.25,2369.7,2388.85,2358.3,2377.95,2379.5,2374.22
2017-01-05,TCS,EQ,2379.5,2384.0,2389.95,2320.4,2334.0,2334.4,2351.44
2017-01-06,TCS,EQ,2334.4,2321.0,2329.35,2257.1,2284.0,2281.4,2287.51
2017-01-09,TCS,EQ,2281.4,2275.0,2311.3,2257.0,2308.0,2303.7,2284.41
2017-01-10,TCS,EQ,2303.7,2304.0,2329.8,2291.5,2314.0,2315.35,2313.17
2017-01-11,TCS,EQ,2315.35,2315.0,2329.6,2280.2,2325.0,2324.4,2308.53
2017-01-12,TCS,EQ,2324.4,2324.4,2360.0,2304.0,2347.0,2344.35,2334.68
2017-01-13,TCS,EQ,2344.35,2348.0,2357.95,2237.85,2250.0,2249.3,2276.72
2017-01-16,TCS,EQ,2249.3,2250.0,2273.9,2228.0,2261.8,2258.55,2255.96
2017-01-17,TCS,EQ,2258.55,2254.9,2287.8,2252.8,2280.0,2278.75,2277.11
2017-01-18,TCS,EQ,2278.75,2278.0,2298.0,2265.45,2295.0,2295.1,2282.3
2017-01-19,TCS,EQ,2295.1,2295.0,2295.15,2282.95,2290.0,2291.0,2289.32
2017-01-20,TCS,EQ,2291.0,2287.0,2300.0,2265.0,2288.0,2285.35,2283.07
2017-01-23,TCS,EQ,2285.35,2265.0,2313.5,2259.8,2307.1,2306.7,2298.05
2017-01-24,TCS,EQ,2306.7,2304.0,2323.0,2290.0,2320.0,2318.35,2310.2
2017-01-25,TCS,EQ,2318.35,2322.6,2360.0,2318.05,2357.0,2353.0,2342.18
2017-01-27,TCS,EQ,2353.0,2345.05,2378.75,2345.05,2359.0,2357.8,2364.53
2017-01-30,TCS,EQ,2357.8,2341.0,2351.95,2318.15,2338.85,2332.9,2332.5
2017-01-31,TCS,EQ,2332.9,2320.0,2332.05,2200.05,2232.0,2229.8,2241.5
2017-02-01,TCS,EQ,2229.8,2220.0,2239.95,2155.55,2164.9,2167.9,2175.8
2017-02-02,TCS,EQ,2167.9,2170.05,2219.0,2153.0,2204.45,2207.65,2181.08
2017-02-03,TCS,EQ,2207.65,2209.7,2243.0,2191.0,2238.8,2232.55,2221.59
2017-02-06,TCS,EQ,2232.55,2258.0,2258.5,2214.95,2242.0,2240.75,2234.09
2017-02-07,TCS,EQ,2240.75,2244.0,2252.6,2226.0,2245.9,2244.6,2243.18
2017-02-08,TCS,EQ,2244.6,2244.9,2282.6,2244.05,2281.0,2270.95,2270.63
2017-02-09,TCS,EQ,2270.95,2275.0,2328.0,2270.2,2317.0,2317.3,2307.82
2017-02-10,TCS,EQ,2317.3,2311.0,2424.45,2311.0,2382.9,2397.95,2363.49
2017-02-13,TCS,EQ,2397.95,2396.0,2429.0,2382.35,2409.1,2414.25,2410.42
2017-02-14,TCS,EQ,2414.25,2419.65,2419.65,2398.0,2398.15,2406.25,2409.94
2017-02-15,TCS,EQ,2406.25,2397.0,2428.0,2375.1,2423.45,2413.7,2405.57
2017-02-16,TCS,EQ,2413.7,2460.0,2478.0,2435.6,2450.0,2447.75,2452.74
2017-02-17,TCS,EQ,2447.75,2472.0,2475.6,2402.0,2415.0,2407.9,2421.27
2017-02-20,TCS,EQ,2407.9,2425.0,2555.0,2408.1,2505.0,2502.2,2478.91
2017-02-21,TCS,EQ,2502.2,2514.0,2525.9,2455.15,2461.5,2465.35,2490.33
2017-02-22,TCS,EQ,2465.35,2465.9,2470.0,2400.15,2409.95,2411.5,2424.5
2017-02-23,TCS,EQ,2411.5,2415.0,2493.25,2415.0,2479.0,2481.8,2467.63
2017-02-27,TCS,EQ,2481.8,2479.1,2502.0,2470.05,2492.0,2489.85,2489.22
2017-02-28,TCS,EQ,2489.85,2489.5,2490.0,2450.0,2460.0,2466.25,2465.7
2017-03-01,TCS,EQ,2466.25,2479.9,2501.9,2470.0,2475.3,2479.55,2486.14
2017-03-02,TCS,EQ,2479.55,2486.7,2510.0,2470.05,2503.2,2501.45,2497.75
2017-03-03,TCS,EQ,2501.45,2492.0,2499.7,2475.4,2490.0,2494.05,2488.47
2017-03-06,TCS,EQ,2494.05,2480.0,2484.0,2454.55,2477.4,2472.5,2467.59
2017-03-07,TCS,EQ,2472.5,2482.9,2505.0,2475.05,2505.0,2499.8,2494.54
2017-03-08,TCS,EQ,2499.8,2502.0,2520.0,2492.2,2515.5,2512.2,2506.23
2017-03-09,TCS,EQ,2512.2,2514.15,2524.0,2504.05,2522.0,2519.75,2516.57
2017-03-10,TCS,EQ,2519.75,2519.6,2549.55,2513.95,2542.3,2542.25,2538.1
2017-03-14,TCS,EQ,2542.25,2556.8,2587.15,2551.05,2569.85,2567.5,2570.09
2017-03-15,TCS,EQ,2567.5,2572.0,2572.15,2493.85,2499.0,2498.3,2512.68
2017-03-16,TCS,EQ,2498.3,2506.0,2527.0,2506.0,2521.95,2520.9,2518.82
2017-03-17,TCS,EQ,2520.9,2546.0,2546.0,2509.75,2532.15,2525.75,2526.1
2017-03-20,TCS,EQ,2525.75,2525.95,2525.95,2466.0,2476.1,2480.0,2484.21
2017-03-21,TCS,EQ,2480.0,2482.0,2492.0,2465.0,2484.85,2486.7,2480.49
2017-03-22,TCS,EQ,2486.7,2480.15,2496.0,2469.95,2472.3,2478.95,2480.43
2017-03-23,TCS,EQ,2478.95,2482.0,2485.05,2447.2,2457.95,2460.35,2460.01
2017-03-24,TCS,EQ,2460.35,2469.8,2469.8,2423.3,2428.0,2427.2,2437.96
2017-03-27,TCS,EQ,2427.2,2426.95,2440.0,2406.0,2411.0,2412.05,2418.6
2017-03-28,TCS,EQ,2412.05,2410.0,2443.4,2410.0,2430.7,2429.95,2431.89
2017-03-29,TCS,EQ,2429.95,2436.0,2450.8,2425.6,2443.1,2444.6,2439.98
2017-03-30,TCS,EQ,2444.6,2444.9,2465.0,2435.0,2436.7,2441.0,2448.49
2017-03-31,TCS,EQ,2441.0,2438.4,2440.85,2415.0,2423.1,2431.8,2426.64
2017-04-03,TCS,EQ,2431.8,2435.0,2435.0,2408.2,2410.0,2411.7,2418.0
2017-04-05,TCS,EQ,2411.7,2419.9,2419.9,2395.0,2404.5,2401.25,2401.62
2017-04-06,TCS,EQ,2401.25,2400.0,2410.0,2392.55,2395.0,2400.05,2399.64
2017-04-07,TCS,EQ,2400.05,2394.9,2433.25,2392.15,2432.0,2429.05,2418.91
2017-04-10,TCS,EQ,2429.05,2432.0,2449.0,2405.0,2408.0,2422.25,2434.88
2017-04-11,TCS,EQ,2422.25,2417.3,2443.1,2406.0,2419.65,2419.3,2429.55
2017-04-12,TCS,EQ,2419.3,2422.5,2428.0,2383.0,2392.0,2393.25,2403.41
2017-04-13,TCS,EQ,2393.25,2400.0,2409.0,2321.05,2335.0,2328.65,2340.72
2017-04-17,TCS,EQ,2328.65,2330.4,2332.9,2295.15,2319.0,2314.85,2309.69
2017-04-18,TCS,EQ,2314.85,2330.0,2334.2,2302.05,2302.05,2308.8,2319.46
2017-04-19,TCS,EQ,2308.8,2263.5,2348.7,2252.8,2302.0,2299.15,2297.47
2017-04-20,TCS,EQ,2299.15,2305.3,2332.0,2290.95,2325.0,2325.5,2309.27
2017-04-21,TCS,EQ,2325.5,2329.1,2335.65,2301.0,2312.0,2310.8,2313.83
2017-04-24,TCS,EQ,2310.8,2300.0,2339.65,2282.5,2328.0,2328.1,2317.25
2017-04-25,TCS,EQ,2328.1,2328.0,2344.45,2302.7,2310.0,2311.5,2313.08
2017-04-26,TCS,EQ,2311.5,2340.0,2343.95,2303.05,2310.0,2310.35,2312.81
2017-04-27,TCS,EQ,2310.35,2306.05,2327.8,2277.65,2289.8,2302.65,2307.22
2017-04-28,TCS,EQ,2302.65,2294.0,2298.75,2268.0,2275.0,2273.15,2281.49
2017-05-02,TCS,EQ,2273.15,2294.0,2302.0,2280.0,2288.15,2289.9,2291.39
2017-05-03,TCS,EQ,2289.9,2295.0,2345.0,2268.5,2337.8,2337.3,2321.66
2017-05-04,TCS,EQ,2337.3,2349.95,2350.0,2308.8,2331.9,2330.1,2326.77
2017-05-05,TCS,EQ,2330.1,2308.0,2332.5,2302.5,2323.0,2320.5,2319.55
2017-05-08,TCS,EQ,2320.5,2321.0,2347.4,2317.7,2342.0,2342.45,2337.57
2017-05-09,TCS,EQ,2342.45,2343.95,2361.0,2332.55,2355.0,2352.55,2349.47
2017-05-10,TCS,EQ,2352.55,2355.0,2356.15,2316.0,2335.75,2332.45,2330.31
2017-05-11,TCS,EQ,2332.45,2347.3,2360.0,2322.75,2350.65,2349.45,2338.36
2017-05-12,TCS,EQ,2349.45,2343.3,2369.9,2320.05,2369.9,2360.65,2350.96
2017-05-15,TCS,EQ,2360.65,2375.1,2377.95,2341.6,2368.0,2365.1,2352.6
2017-05-16,TCS,EQ,2365.1,2380.0,2435.0,2373.45,2425.1,2429.15,2410.26
2017-05-17,TCS,EQ,2429.15,2433.5,2460.75,2423.0,2450.0,2455.35,2443.31
2017-05-18,TCS,EQ,2455.35,2450.0,2572.0,2442.25,2525.0,2536.2,2525.78
2017-05-19,TCS,EQ,2536.2,2536.2,2540.55,2486.0,2503.85,2507.15,2506.58
2017-05-22,TCS,EQ,2507.15,2510.0,2553.75,2510.0,2535.0,2531.35,2530.69
2017-05-23,TCS,EQ,2531.35,2533.2,2564.15,2514.0,2523.7,2521.7,2530.49
2017-05-24,TCS,EQ,2521.7,2534.8,2570.0,2529.65,2567.1,2559.15,2545.01
2017-05-25,TCS,EQ,2559.15,2577.0,2637.55,2568.0,2615.05,2624.6,2605.4
2017-05-26,TCS,EQ,2624.6,2625.0,2626.85,2564.65,2570.05,2578.25,2593.0
2017-05-29,TCS,EQ,2578.25,2579.0,2596.5,2564.0,2572.0,2572.85,2577.65
2017-05-30,TCS,EQ,2572.85,2560.0,2575.95,2525.0,2548.2,2551.1,2554.74
2017-05-31,TCS,EQ,2551.1,2533.0,2572.5,2528.0,2539.95,2546.6,2549.69
2017-06-01,TCS,EQ,2546.6,2530.0,2564.0,2530.0,2553.0,2553.6,2552.85
2017-06-02,TCS,EQ,2553.6,2556.25,2591.85,2552.5,2560.0,2564.9,2568.84
2017-06-05,TCS,EQ,2564.9,2565.0,2619.9,2560.15,2616.0,2603.95,2577.2
2017-06-06,TCS,EQ,2603.95,2631.0,2708.95,2630.0,2705.0,2696.0,2693.18
2017-06-07,TCS,EQ,2696.0,2697.0,2700.0,2576.55,2613.95,2615.25,2624.95
2017-06-08,TCS,EQ,2615.25,2598.0,2604.95,2515.5,2520.0,2521.6,2543.44
2017-06-09,TCS,EQ,2521.6,2520.0,2547.4,2486.0,2518.6,2507.0,2513.28
2017-06-12,TCS,EQ,2507.0,2497.0,2512.9,2470.4,2484.9,2487.2,2487.48
2017-06-13,TCS,EQ,2487.2,2465.0,2481.1,2447.0,2450.0,2451.55,2464.89
2017-06-14,TCS,EQ,2451.55,2455.0,2476.0,2455.0,2465.4,2470.2,2469.41
2017-06-15,TCS,EQ,2470.2,2469.0,2469.7,2405.0,2410.0,2411.2,2427.94
2017-06-16,TCS,EQ,2411.2,2414.95,2435.0,2386.5,2395.0,2399.7,2402.96
2017-06-19,TCS,EQ,2399.7,2416.9,2446.35,2405.15,2432.0,2431.7,2430.5
2017-06-20,TCS,EQ,2431.7,2431.0,2449.0,2380.3,2443.6,2445.0,2427.14
2017-06-21,TCS,EQ,2445.0,2440.0,2442.15,2397.2,2406.75,2406.3,2412.24
2017-06-22,TCS,EQ,2406.3,2409.0,2431.0,2385.0,2391.45,2394.85,2403.02
2017-06-23,TCS,EQ,2394.85,2399.4,2413.95,2354.0,2359.8,2361.7,2388.78
2017-06-27,TCS,EQ,2361.7,2350.6,2384.7,2331.6,2348.0,2342.85,2357.33
2017-06-28,TCS,EQ,2342.85,2349.9,2358.0,2335.0,2346.25,2350.05,2345.89
2017-06-29,TCS,EQ,2350.05,2359.0,2372.05,2323.1,2328.95,2333.25,2342.52
2017-06-30,TCS,EQ,2333.25,2324.4,2377.0,2323.1,2361.0,2362.35,2361.01
2017-07-03,TCS,EQ,2362.35,2357.4,2383.05,2343.1,2371.0,2373.6,2368.46
2017-07-04,TCS,EQ,2373.6,2373.3,2380.45,2350.05,2360.8,2366.85,2366.9
2017-07-05,TCS,EQ,2366.85,2360.8,2365.0,2345.0,2358.0,2356.0,2354.42
2017-07-06,TCS,EQ,2356.0,2359.0,2361.9,2340.1,2350.05,2347.55,2348.75
2017-07-07,TCS,EQ,2347.55,2350.0,2356.45,2325.5,2332.0,2331.95,2343.49
2017-07-10,TCS,EQ,2331.95,2341.0,2444.9,2341.0,2435.0,2434.95,2426.54
2017-07-11,TCS,EQ,2434.95,2426.0,2514.8,2426.0,2482.5,2475.8,2478.13
2017-07-12,TCS,EQ,2475.8,2482.5,2483.3,2430.1,2441.0,2439.45,2453.34
2017-07-13,TCS,EQ,2439.45,2445.0,2472.0,2426.6,2439.0,2446.4,2449.5
2017-07-14,TCS,EQ,2446.4,2383.0,2425.0,2375.0,2399.1,2397.45,2396.18
2017-07-17,TCS,EQ,2397.45,2397.7,2422.1,2382.2,2397.1,2395.45,2402.63
2017-07-18,TCS,EQ,2395.45,2396.15,2443.0,2396.15,2415.1,2408.35,2418.05
2017-07-19,TCS,EQ,2408.35,2415.5,2460.0,2415.1,2449.25,2449.6,2442.01
2017-07-20,TCS,EQ,2449.6,2449.25,2456.9,2430.5,2437.0,2444.7,2441.25
2017-07-21,TCS,EQ,2444.7,2434.9,2500.0,2434.55,2496.0,2491.2,2473.18
2017-07-24,TCS,EQ,2491.2,2482.0,2540.0,2482.0,2535.0,2530.7,2519.47
2017-07-25,TCS,EQ,2530.7,2525.75,2580.0,2518.4,2579.0,2571.5,2552.41
2017-07-26,TCS,EQ,2571.5,2560.0,2575.0,2547.0,2552.0,2556.0,2559.66
2017-07-27,TCS,EQ,2556.0,2542.2,2584.8,2466.5,2477.0,2481.7,2499.85
2017-07-28,TCS,EQ,2481.7,2481.0,2493.05,2442.0,2484.95,2484.3,2467.41
2017-07-31,TCS,EQ,2484.3,2471.0,2519.0,2463.0,2494.95,2491.8,2490.03
2017-08-01,TCS,EQ,2491.8,2500.0,2520.75,2491.0,2495.15,2501.65,2502.14
2017-08-02,TCS,EQ,2501.65,2500.0,2508.0,2462.0,2475.0,2473.8,2484.51
2017-08-03,TCS,EQ,2473.8,2480.0,2502.0,2466.45,2490.05,2489.45,2486.75
2017-08-04,TCS,EQ,2489.45,2490.8,2528.3,2488.0,2525.0,2522.8,2510.86
2017-08-07,TCS,EQ,2522.8,2516.5,2520.0,2481.2,2507.4,2503.45,2491.28
2017-08-08,TCS,EQ,2503.45,2512.0,2528.6,2496.3,2500.15,2503.05,2507.64
2017-08-09,TCS,EQ,2503.05,2500.0,2522.85,2493.3,2508.35,2512.0,2511.32
2017-08-10,TCS,EQ,2512.0,2509.0,2520.6,2486.35,2520.0,2511.45,2499.22
2017-08-11,TCS,EQ,2511.45,2499.9,2535.0,2483.0,2492.65,2496.05,2503.79
2017-08-14,TCS,EQ,2496.05,2503.0,2509.9,2463.0,2468.0,2469.4,2487.26
2017-08-16,TCS,EQ,2469.4,2484.0,2543.8,2465.2,2490.15,2492.35,2487.66
2017-08-17,TCS,EQ,2492.35,2500.7,2505.0,2462.1,2485.55,2485.65,2480.04
2017-08-18,TCS,EQ,2485.65,2474.0,2549.9,2471.4,2515.0,2513.8,2520.86
2017-08-21,TCS,EQ,2513.8,2505.5,2549.0,2494.3,2513.2,2528.8,2534.62
2017-08-22,TCS,EQ,2528.8,2523.0,2539.5,2492.0,2500.0,2497.55,2516.08
2017-08-23,TCS,EQ,2497.55,2505.0,2516.8,2473.15,2491.6,2489.45,2487.52
2017-08-24,TCS,EQ,2489.45,2497.7,2517.95,2486.15,2498.05,2496.6,2495.82
2017-08-28,TCS,EQ,2496.6,2504.6,2505.4,2461.0,2491.0,2487.3,2479.76
2017-08-29,TCS,EQ,2487.3,2482.0,2496.0,2463.95,2475.05,2470.85,2472.97
2017-08-30,TCS,EQ,2470.85,2481.0,2490.0,2460.1,2485.0,2484.55,2478.46
2017-08-31,TCS,EQ,2484.55,2485.0,2504.4,2466.65,2498.0,2496.35,2489.91
2017-09-01,TCS,EQ,2496.35,2480.0,2498.05,2436.55,2460.6,2456.45,2452.84
2017-09-04,TCS,EQ,2456.45,2453.1,2461.0,2438.0,2457.0,2456.2,2452.06
2017-09-05,TCS,EQ,2456.2,2460.0,2490.0,2437.05,2484.65,2484.35,2463.13
2017-09-06,TCS,EQ,2484.35,2468.15,2474.85,2450.0,2453.0,2453.2,2454.77
2017-09-07,TCS,EQ,2453.2,2458.0,2468.4,2451.05,2460.0,2460.1,2458.6
2017-09-08,TCS,EQ,2460.1,2453.75,2474.0,2452.55,2465.15,2470.6,2466.13
2017-09-11,TCS,EQ,2470.6,2471.2,2482.95,2450.0,2455.0,2454.45,2463.39
2017-09-12,TCS,EQ,2454.45,2473.9,2497.0,2457.0,2497.0,2488.45,2469.62
2017-09-13,TCS,EQ,2488.45,2500.0,2531.65,2475.2,2492.7,2489.2,2504.48
2017-09-14,TCS,EQ,2489.2,2482.0,2497.6,2471.9,2485.0,2486.95,2484.2
2017-09-15,TCS,EQ,2486.95,2499.0,2517.0,2485.0,2504.0,2506.05,2503.39
2017-09-18,TCS,EQ,2506.05,2504.95,2518.95,2489.25,2505.0,2499.05,2502.71
2017-09-19,TCS,EQ,2499.05,2505.0,2505.0,2491.5,2498.0,2498.25,2496.55
2017-09-20,TCS,EQ,2498.25,2514.0,2514.0,2474.3,2496.0,2493.55,2485.89
2017-09-21,TCS,EQ,2493.55,2491.05,2541.0,2480.0,2525.0,2524.9,2509.94
2017-09-22,TCS,EQ,2524.9,2519.9,2526.9,2492.0,2509.0,2503.6,2508.22
2017-09-25,TCS,EQ,2503.6,2496.55,2534.0,2492.75,2510.0,2510.75,2515.11
2017-09-26,TCS,EQ,2510.75,2510.0,2526.4,2466.0,2475.0,2474.65,2485.79
2017-09-27,TCS,EQ,2474.65,2490.0,2512.2,2473.75,2495.1,2495.0,2495.71
2017-09-28,TCS,EQ,2495.0,2494.7,2514.0,2452.0,2472.75,2476.45,2480.49
2017-09-29,TCS,EQ,2476.45,2479.0,2484.0,2421.5,2437.6,2435.95,2455.42
2017-10-03,TCS,EQ,2435.95,2440.0,2454.3,2427.05,2452.0,2448.45,2440.87
2017-10-04,TCS,EQ,2448.45,2449.6,2454.0,2425.0,2442.0,2442.3,2440.46
2017-10-05,TCS,EQ,2442.3,2441.0,2443.45,2424.4,2430.0,2429.6,2434.97
2017-10-06,TCS,EQ,2429.6,2430.0,2455.0,2428.05,2451.0,2446.65,2443.5
2017-10-09,TCS,EQ,2446.65,2441.05,2467.95,2441.05,2449.1,2454.1,2457.72
2017-10-10,TCS,EQ,2454.1,2455.0,2469.95,2451.25,2453.4,2459.25,2459.75
2017-10-11,TCS,EQ,2459.25,2460.0,2514.45,2456.75,2500.0,2500.35,2494.35
2017-10-12,TCS,EQ,2500.35,2513.0,2555.0,2507.0,2546.9,2548.2,2529.48
2017-10-13,TCS,EQ,2548.2,2548.2,2608.95,2523.0,2559.75,2558.6,2562.16
2017-10-16,TCS,EQ,2558.6,2555.05,2590.0,2555.05,2587.0,2584.4,2577.86
2017-10-17,TCS,EQ,2584.4,2585.0,2614.95,2577.55,2594.6,2594.55,2598.37
2017-10-18,TCS,EQ,2594.55,2595.0,2613.65,2580.0,2592.0,2586.6,2588.24
2017-10-19,TCS,EQ,2586.6,2592.0,2595.8,2571.0,2583.4,2583.9,2581.96
2017-10-23,TCS,EQ,2583.9,2584.0,2629.0,2547.45,2590.0,2587.9,2599.06
2017-10-24,TCS,EQ,2587.9,2620.0,2620.9,2569.05,2575.0,2578.4,2581.12
2017-10-25,TCS,EQ,2578.4,2578.5,2614.0,2555.0,2560.0,2559.9,2580.66
2017-10-26,TCS,EQ,2559.9,2535.1,2569.15,2517.9,2531.7,2538.85,2541.16
2017-10-27,TCS,EQ,2538.85,2538.0,2593.15,2530.3,2580.0,2584.3,2567.39
2017-10-30,TCS,EQ,2584.3,2586.0,2620.0,2581.7,2615.1,2616.2,2606.79
2017-10-31,TCS,EQ,2616.2,2601.3,2640.0,2601.3,2618.75,2624.0,2627.82
2017-11-01,TCS,EQ,2624.0,2624.0,2626.85,2578.85,2607.75,2602.85,2593.88
2017-11-02,TCS,EQ,2602.85,2608.5,2674.0,2606.75,2623.05,2626.15,2639.78
2017-11-03,TCS,EQ,2626.15,2632.4,2636.7,2602.8,2622.0,2620.1,2619.76
2017-11-06,TCS,EQ,2620.1,2620.0,2671.8,2611.75,2660.15,2665.55,2641.62
2017-11-07,TCS,EQ,2665.55,2670.0,2768.0,2666.05,2710.0,2710.05,2718.44
2017-11-08,TCS,EQ,2710.05,2723.0,2759.0,2718.25,2737.0,2735.0,2741.21
2017-11-09,TCS,EQ,2735.0,2750.0,2750.0,2719.3,2740.0,2736.4,2732.42
2017-11-10,TCS,EQ,2736.4,2722.2,2726.0,2693.35,2710.0,2708.75,2706.84
2017-11-13,TCS,EQ,2708.75,2702.05,2777.4,2702.05,2756.55,2758.95,2757.27
2017-11-14,TCS,EQ,2758.95,2756.55,2756.55,2707.5,2710.0,2714.6,2718.61
2017-11-15,TCS,EQ,2714.6,2706.0,2755.0,2701.35,2710.0,2705.3,2736.73
2017-11-16,TCS,EQ,2705.3,2710.0,2763.0,2686.95,2739.9,2746.65,2734.0
2017-11-17,TCS,EQ,2746.65,2748.1,2748.1,2703.6,2708.2,2707.3,2719.89
2017-11-20,TCS,EQ,2707.3,2715.0,2726.9,2695.3,2697.9,2703.45,2709.98
2017-11-21,TCS,EQ,2703.45,2701.0,2701.0,2666.0,2670.25,2672.95,2678.52
2017-11-22,TCS,EQ,2672.95,2673.0,2709.7,2672.4,2681.4,2680.65,2690.88
2017-11-23,TCS,EQ,2680.65,2681.0,2693.0,2669.0,2676.55,2681.25,2684.25
2017-11-24,TCS,EQ,2681.25,2682.0,2702.9,2673.1,2688.2,2688.05,2688.26
2017-11-27,TCS,EQ,2688.05,2688.0,2695.9,2662.2,2683.05,2685.85,2678.65
2017-11-28,TCS,EQ,2685.85,2686.0,2702.4,2670.0,2681.05,2685.3,2679.22
2017-11-29,TCS,EQ,2685.3,2677.5,2693.0,2650.0,2653.65,2658.15,2674.7
2017-11-30,TCS,EQ,2658.15,2653.65,2666.95,2623.0,2635.0,2637.0,2641.37
2017-12-01,TCS,EQ,2637.0,2635.0,2668.0,2621.5,2630.0,2629.95,2647.75
2017-12-04,TCS,EQ,2629.95,2622.0,2658.5,2602.95,2630.0,2632.35,2629.84
2017-12-05,TCS,EQ,2632.35,2631.0,2651.7,2628.15,2633.0,2635.55,2641.13
2017-12-06,TCS,EQ,2635.55,2636.0,2645.0,2612.85,2635.0,2633.3,2627.47
2017-12-07,TCS,EQ,2633.3,2632.3,2645.95,2615.0,2617.95,2617.25,2623.62
2017-12-08,TCS,EQ,2617.25,2618.0,2645.0,2597.0,2600.0,2601.5,2621.69
2017-12-11,TCS,EQ,2601.5,2608.35,2672.65,2608.35,2670.0,2661.1,2635.45
2017-12-12,TCS,EQ,2661.1,2661.0,2662.0,2607.4,2609.55,2612.15,2624.14
2017-12-13,TCS,EQ,2612.15,2611.4,2651.45,2601.0,2633.5,2628.4,2632.07
2017-12-14,TCS,EQ,2628.4,2632.0,2632.0,2531.1,2558.2,2557.8,2558.8
2017-12-15,TCS,EQ,2557.8,2563.75,2584.45,2536.85,2543.95,2545.6,2552.92
2017-12-18,TCS,EQ,2545.6,2537.0,2588.95,2494.35,2576.6,2580.5,2548.56
2017-12-19,TCS,EQ,2580.5,2576.0,2597.8,2564.7,2577.4,2575.3,2583.18
2017-12-20,TCS,EQ,2575.3,2582.0,2592.75,2550.65,2592.0,2588.95,2573.6
2017-12-21,TCS,EQ,2588.95,2587.0,2608.0,2580.05,2582.1,2595.7,2595.09
2017-12-22,TCS,EQ,2595.7,2604.0,2663.9,2590.2,2640.0,2646.75,2636.33
2017-12-26,TCS,EQ,2646.75,2686.0,2689.75,2631.6,2650.35,2649.45,2653.61
2017-12-27,TCS,EQ,2649.45,2649.45,2658.5,2610.5,2617.0,2619.9,2632.21
2017-12-28,TCS,EQ,2619.9,2608.8,2653.5,2605.65,2631.0,2626.95,2630.44
2017-12-29,TCS,EQ,2626.95,2623.1,2708.9,2618.55,2700.0,2701.2,2677.92
2018-01-01,TCS,EQ,2701.2,2682.3,2694.8,2635.0,2650.0,2645.6,2654.94
2018-01-02,TCS,EQ,2645.6,2660.0,2669.6,2620.2,2631.0,2631.2,2641.06
2018-01-03,TCS,EQ,2631.2,2632.0,2669.0,2631.2,2639.0,2638.65,2649.21
2018-01-04,TCS,EQ,2638.65,2650.0,2662.0,2640.0,2650.0,2657.1,2649.94
2018-01-05,TCS,EQ,2657.1,2650.0,2699.5,2650.0,2695.0,2689.2,2684.95
2018-01-08,TCS,EQ,2689.2,2700.0,2726.85,2681.85,2708.8,2714.4,2709.74
2018-01-09,TCS,EQ,2714.4,2715.0,2721.0,2676.55,2708.95,2709.0,2703.56
2018-01-10,TCS,EQ,2709.0,2711.0,2816.0,2694.65,2803.0,2806.6,2763.3
2018-01-11,TCS,EQ,2806.6,2810.0,2821.9,2782.2,2792.5,2790.5,2796.58
2018-01-12,TCS,EQ,2790.5,2805.0,2805.0,2740.55,2769.9,2776.35,2764.28
2018-01-15,TCS,EQ,2776.35,2777.15,2808.0,2735.05,2737.4,2746.1,2768.32
2018-01-16,TCS,EQ,2746.1,2756.0,2861.65,2750.55,2860.0,2850.85,2834.5
2018-01-17,TCS,EQ,2850.85,2870.0,2925.0,2862.15,2895.0,2888.95,2900.36
2018-01-18,TCS,EQ,2888.95,2897.0,2933.0,2868.05,2926.55,2918.2,2896.35
2018-01-19,TCS,EQ,2918.2,2930.55,2982.0,2903.65,2974.85,2959.3,2930.77
2018-01-22,TCS,EQ,2959.3,2961.0,3134.7,2922.0,3090.0,3116.4,3052.16
2018-01-23,TCS,EQ,3116.4,3114.95,3142.35,3090.05,3097.9,3102.0,3112.03
2018-01-24,TCS,EQ,3102.0,3090.0,3259.05,3082.65,3174.95,3174.6,3189.59
2018-01-25,TCS,EQ,3174.6,3175.0,3179.8,3081.0,3133.0,3121.05,3123.06
2018-01-29,TCS,EQ,3121.05,3131.4,3225.0,3122.0,3199.25,3198.85,3196.14
2018-01-30,TCS,EQ,3198.85,3180.0,3203.8,3143.7,3152.15,3152.85,3166.46
2018-01-31,TCS,EQ,3152.85,3137.0,3150.0,3098.6,3111.15,3112.35,3119.14
2018-02-01,TCS,EQ,3112.35,3124.0,3190.0,3088.8,3150.0,3138.6,3146.24
2018-02-02,TCS,EQ,3138.6,3120.0,3190.0,3103.45,3153.0,3153.65,3167.25
2018-02-05,TCS,EQ,3153.65,3110.0,3188.0,3076.85,3110.0,3103.2,3118.75
2018-02-06,TCS,EQ,3103.2,3010.0,3077.15,2985.0,3000.0,2997.25,3020.91
2018-02-07,TCS,EQ,2997.25,3027.0,3031.0,2947.45,2959.0,2955.05,2975.26
2018-02-08,TCS,EQ,2955.05,2979.75,3027.6,2959.0,2966.2,2974.2,3000.15
2018-02-09,TCS,EQ,2974.2,2950.0,2994.0,2896.65,2978.3,2971.7,2940.4
2018-02-12,TCS,EQ,2971.7,2978.3,3023.35,2955.55,2960.15,2967.3,2981.33
2018-02-14,TCS,EQ,2967.3,2970.0,2974.45,2892.5,2900.0,2911.8,2939.65
2018-02-15,TCS,EQ,2911.8,2931.95,2943.0,2905.1,2922.0,2925.85,2925.44
2018-02-16,TCS,EQ,2925.85,2923.0,2999.6,2923.0,2931.0,2933.05,2965.52
2018-02-19,TCS,EQ,2933.05,2945.0,2953.3,2895.2,2923.65,2923.6,2928.1
2018-02-20,TCS,EQ,2923.6,2928.0,2985.05,2927.9,2943.0,2944.75,2959.27
2018-02-21,TCS,EQ,2944.75,2974.0,3062.6,2960.05,3042.35,3042.3,3016.25
2018-02-22,TCS,EQ,3042.3,3052.0,3079.0,3022.5,3040.05,3050.2,3047.84
2018-02-23,TCS,EQ,3050.2,3050.0,3089.0,2992.1,3078.0,3075.8,3044.72
2018-02-26,TCS,EQ,3075.8,3075.0,3089.95,3021.2,3025.6,3031.7,3044.1
2018-02-27,TCS,EQ,3031.7,3041.0,3078.55,3032.0,3042.0,3042.35,3054.42
2018-02-28,TCS,EQ,3042.35,3035.0,3063.95,3021.45,3033.4,3035.05,3040.16
2018-03-01,TCS,EQ,3035.05,3049.0,3061.2,3020.0,3033.0,3037.7,3042.25
2018-03-05,TCS,EQ,3037.7,3049.0,3113.65,3032.95,3103.0,3105.85,3075.76
2018-03-06,TCS,EQ,3105.85,3122.0,3127.0,3030.15,3041.0,3042.8,3087.33
2018-03-07,TCS,EQ,3042.8,3070.0,3089.0,3018.5,3028.7,3027.45,3045.28
2018-03-08,TCS,EQ,3027.45,3054.9,3054.9,2987.5,3001.85,3003.95,3017.6
2018-03-09,TCS,EQ,3003.95,3005.0,3063.2,2977.2,3035.0,3034.1,3030.68
2018-03-12,TCS,EQ,3034.1,3043.0,3083.9,3035.5,3046.95,3052.15,3060.88
2018-03-13,TCS,EQ,3052.15,2924.9,2939.7,2872.0,2886.1,2886.8,2880.44
2018-03-14,TCS,EQ,2886.8,2892.95,2923.05,2875.05,2887.85,2886.9,2899.62
2018-03-15,TCS,EQ,2886.9,2895.0,2902.55,2855.6,2867.0,2869.7,2876.92
2018-03-16,TCS,EQ,2869.7,2868.8,2872.0,2805.0,2828.0,2825.7,2834.32
2018-03-19,TCS,EQ,2825.7,2829.0,2848.0,2820.0,2828.75,2831.0,2832.48
2018-03-20,TCS,EQ,2831.0,2820.0,2873.2,2819.0,2870.0,2864.85,2852.27
2018-03-21,TCS,EQ,2864.85,2872.5,2884.3,2850.0,2856.1,2856.75,2865.76
2018-03-22,TCS,EQ,2856.75,2859.95,2875.95,2822.55,2824.0,2831.35,2843.57
2018-03-23,TCS,EQ,2831.35,2802.0,2834.1,2798.05,2809.2,2818.15,2816.79
2018-03-26,TCS,EQ,2818.15,2819.0,2827.4,2781.55,2817.0,2817.0,2812.33
2018-03-27,TCS,EQ,2817.0,2825.0,2863.0,2823.05,2843.8,2847.7,2845.6
2018-03-28,TCS,EQ,2847.7,2835.9,2875.0,2825.0,2849.35,2849.15,2854.33
2018-04-02,TCS,EQ,2849.15,2840.0,2914.0,2840.0,2903.0,2909.65,2888.94
2018-04-03,TCS,EQ,2909.65,2892.1,2929.9,2892.1,2908.4,2911.25,2907.92
2018-04-04,TCS,EQ,2911.25,2929.45,2934.0,2892.0,2906.9,2910.9,2914.91
2018-04-05,TCS,EQ,2910.9,2926.55,2963.75,2920.35,2954.1,2957.95,2949.56
2018-04-06,TCS,EQ,2957.95,2954.0,2960.0,2926.55,2939.7,2950.3,2943.69
2018-04-09,TCS,EQ,2950.3,2939.7,2963.5,2915.0,2925.05,2923.9,2936.88
2018-04-10,TCS,EQ,2923.9,2925.7,2957.25,2925.7,2933.4,2937.6,2943.58
2018-04-11,TCS,EQ,2937.6,2950.6,3025.0,2945.6,3010.0,3014.15,2987.68
2018-04-12,TCS,EQ,3014.15,3010.0,3150.0,3007.95,3136.0,3139.25,3116.29
2018-04-13,TCS,EQ,3139.25,3150.0,3240.8,3132.1,3145.5,3153.3,3181.37
2018-04-16,TCS,EQ,3153.3,3116.0,3199.95,3110.75,3185.05,3187.65,3169.39
2018-04-17,TCS,EQ,3187.65,3187.65,3194.95,3147.2,3163.6,3166.6,3165.81
2018-04-18,TCS,EQ,3166.6,3166.0,3193.45,3145.85,3162.7,3159.1,3166.57
2018-04-19,TCS,EQ,3159.1,3179.9,3217.2,3165.75,3191.15,3191.15,3190.56
2018-04-20,TCS,EQ,3191.15,3250.0,3422.35,3240.0,3414.0,3402.45,3351.07
2018-04-23,TCS,EQ,3402.45,3424.0,3557.9,3389.55,3395.9,3408.65,3478.05
2018-04-24,TCS,EQ,3408.65,3410.0,3443.15,3342.5,3380.0,3385.65,3385.7
2018-04-25,TCS,EQ,3385.65,3385.0,3483.0,3365.05,3466.0,3470.25,3445.24
2018-04-26,TCS,EQ,3470.25,3467.0,3560.0,3467.0,3523.95,3539.25,3528.84
2018-04-27,TCS,EQ,3539.25,3525.0,3544.0,3420.0,3458.0,3451.95,3475.49
2018-04-30,TCS,EQ,3451.95,3451.95,3549.0,3437.6,3529.0,3532.1,3523.56
2018-05-02,TCS,EQ,3532.1,3530.5,3532.2,3471.3,3500.0,3499.75,3496.99
2018-05-03,TCS,EQ,3499.75,3509.8,3526.0,3470.4,3481.75,3481.85,3501.58
2018-05-04,TCS,EQ,3481.85,3492.0,3497.0,3470.0,3479.0,3480.75,3485.14
2018-05-07,TCS,EQ,3480.75,3490.0,3490.0,3410.9,3428.0,3420.95,3438.41
2018-05-08,TCS,EQ,3420.95,3434.7,3486.5,3396.7,3440.2,3441.2,3447.8
2018-05-09,TCS,EQ,3441.2,3440.2,3494.75,3440.2,3488.5,3489.3,3480.95
2018-05-10,TCS,EQ,3489.3,3502.95,3511.15,3440.2,3446.3,3451.25,3478.59
2018-05-11,TCS,EQ,3451.25,3454.2,3485.0,3442.5,3461.0,3456.95,3461.07
2018-05-14,TCS,EQ,3456.95,3457.0,3471.0,3410.8,3440.0,3433.55,3427.81
2018-05-15,TCS,EQ,3433.55,3450.0,3495.8,3433.7,3487.0,3482.4,3477.97
2018-05-16,TCS,EQ,3482.4,3479.95,3509.0,3475.25,3497.0,3493.9,3494.21
2018-05-17,TCS,EQ,3493.9,3512.95,3533.15,3476.0,3480.8,3491.8,3509.69
2018-05-18,TCS,EQ,3491.8,3480.8,3517.7,3458.0,3495.0,3502.05,3487.86
2018-05-21,TCS,EQ,3502.05,3528.7,3592.0,3518.05,3551.8,3556.75,3567.15
2018-05-22,TCS,EQ,3556.75,3558.0,3574.95,3493.7,3514.4,3508.9,3520.43
2018-05-23,TCS,EQ,3508.9,3525.0,3545.0,3481.0,3498.95,3495.1,3513.84
2018-05-24,TCS,EQ,3495.1,3510.0,3615.0,3502.35,3610.75,3603.7,3579.69
2018-05-25,TCS,EQ,3603.7,3625.0,3674.8,3572.55,3589.9,3585.8,3633.11
2018-05-28,TCS,EQ,3585.8,3616.5,3616.5,3486.0,3499.35,3502.05,3516.38
2018-05-29,TCS,EQ,3502.05,3529.9,3544.0,3488.0,3519.95,3523.5,3517.42
2018-05-30,TCS,EQ,3523.5,3509.05,3533.0,3482.5,3507.5,3514.1,3508.9
2018-05-31,TCS,EQ,3514.1,1734.0,1759.05,1726.1,1748.85,1741.05,1742.44
2018-06-01,TCS,EQ,1741.05,1754.0,1757.5,1716.3,1732.0,1732.45,1742.29
2018-06-04,TCS,EQ,1732.45,1745.0,1749.0,1712.6,1742.0,1744.25,1730.25
2018-06-05,TCS,EQ,1744.25,1744.0,1751.9,1711.15,1723.0,1721.6,1728.88
2018-06-06,TCS,EQ,1721.6,1723.0,1734.9,1715.2,1725.0,1725.75,1725.85
2018-06-07,TCS,EQ,1725.75,1725.0,1749.0,1723.8,1734.05,1735.55,1738.0
2018-06-08,TCS,EQ,1735.55,1735.0,1757.3,1735.0,1742.95,1747.1,1748.59
2018-06-11,TCS,EQ,1747.1,1747.1,1763.0,1743.0,1750.9,1749.7,1752.55
2018-06-12,TCS,EQ,1749.7,1757.0,1785.0,1753.0,1781.05,1781.0,1773.52
2018-06-13,TCS,EQ,1781.0,1816.0,1831.65,1798.0,1824.0,1824.1,1818.17
2018-06-14,TCS,EQ,1824.1,1830.0,1832.3,1784.0,1784.95,1787.55,1795.49
2018-06-15,TCS,EQ,1787.55,1800.0,1847.1,1788.6,1840.0,1840.05,1823.42
2018-06-18,TCS,EQ,1840.05,1867.95,1867.95,1822.15,1824.0,1829.0,1840.85
2018-06-19,TCS,EQ,1829.0,1822.15,1839.0,1821.0,1822.9,1824.5,1829.83
2018-06-20,TCS,EQ,1824.5,1832.0,1836.3,1818.6,1820.0,1822.45,1828.68
2018-06-21,TCS,EQ,1822.45,1832.0,1832.0,1817.6,1820.0,1819.35,1822.83
2018-06-22,TCS,EQ,1819.35,1827.0,1827.0,1799.55,1809.0,1809.8,1810.38
2018-06-25,TCS,EQ,1809.8,1811.9,1822.35,1806.0,1817.75,1819.25,1817.52
2018-06-26,TCS,EQ,1819.25,1823.0,1861.0,1821.0,1852.05,1852.0,1842.52
2018-06-27,TCS,EQ,1852.0,1860.0,1885.15,1851.25,1857.5,1858.0,1870.51
2018-06-28,TCS,EQ,1858.0,1865.0,1871.0,1826.3,1844.1,1842.7,1846.23
2018-06-29,TCS,EQ,1842.7,1844.9,1867.4,1842.3,1844.95,1847.75,1851.25
2018-07-02,TCS,EQ,1847.75,1852.0,1857.8,1841.1,1854.05,1851.35,1852.0
2018-07-03,TCS,EQ,1851.35,1859.95,1879.9,1857.05,1874.25,1874.05,1872.16
2018-07-04,TCS,EQ,1874.05,1879.9,1879.9,1857.15,1867.0,1866.15,1863.61
2018-07-05,TCS,EQ,1866.15,1873.0,1887.5,1862.1,1883.8,1880.3,1874.33
2018-07-06,TCS,EQ,1880.3,1882.85,1921.0,1881.65,1917.75,1912.95,1907.65
2018-07-09,TCS,EQ,1912.95,1924.0,1924.4,1876.5,1884.2,1883.0,1888.15
2018-07-10,TCS,EQ,1883.0,1898.0,1898.9,1870.75,1876.05,1875.1,1881.79
2018-07-11,TCS,EQ,1875.1,1900.0,1998.0,1894.15,1970.0,1979.9,1951.99
2018-07-12,TCS,EQ,1979.9,1984.0,1990.9,1960.5,1973.0,1971.35,1972.52
2018-07-13,TCS,EQ,1971.35,1975.0,1997.9,1974.0,1977.6,1981.1,1986.23
2018-07-16,TCS,EQ,1981.1,1990.0,1996.0,1977.45,1988.85,1989.2,1988.74
2018-07-17,TCS,EQ,1989.2,1989.0,2009.0,1981.0,2000.0,2002.15,1994.6
2018-07-18,TCS,EQ,2002.15,2005.0,2011.7,1993.05,2000.0,2000.25,2000.88
2018-07-19,TCS,EQ,2000.25,2002.1,2010.45,1970.0,1986.0,1981.4,1984.27
2018-07-20,TCS,EQ,1981.4,1984.9,2000.0,1984.0,1998.1,1996.6,1993.61
2018-07-23,TCS,EQ,1996.6,2001.0,2009.95,1986.0,2001.1,2005.65,2005.83
2018-07-24,TCS,EQ,2005.65,2015.0,2015.0,1984.15,1996.45,1999.0,1998.52
2018-07-25,TCS,EQ,1999.0,2001.9,2002.0,1968.4,1977.5,1981.5,1979.25
2018-07-26,TCS,EQ,1981.5,1974.95,1985.0,1955.1,1956.0,1964.7,1968.67
2018-07-27,TCS,EQ,1964.7,1960.85,1964.65,1940.3,1943.75,1943.75,1948.53
2018-07-30,TCS,EQ,1943.75,1943.0,1954.7,1931.55,1944.3,1944.6,1942.3
2018-07-31,TCS,EQ,1944.6,1942.0,1947.0,1928.0,1947.0,1940.2,1934.85
2018-08-01,TCS,EQ,1940.2,1949.95,1981.55,1949.8,1973.0,1976.5,1972.85
2018-08-02,TCS,EQ,1976.5,1980.0,1985.0,1945.0,1947.5,1948.4,1960.41
2018-08-03,TCS,EQ,1948.4,1956.5,1982.05,1956.5,1978.0,1979.45,1973.58
2018-08-06,TCS,EQ,1979.45,1997.0,1998.95,1972.25,1975.05,1975.55,1981.25
2018-08-07,TCS,EQ,1975.55,1978.2,1979.15,1960.5,1969.0,1967.35,1967.34
2018-08-08,TCS,EQ,1967.35,1972.0,1978.3,1962.0,1975.0,1974.0,1969.57
2018-08-09,TCS,EQ,1974.0,1980.0,1980.8,1966.0,1978.0,1974.35,1974.51
2018-08-10,TCS,EQ,1974.35,1980.95,1996.5,1972.05,1992.0,1993.1,1985.67
2018-08-13,TCS,EQ,1993.1,1997.8,2004.25,1990.0,1999.5,2000.15,1998.04
2018-08-14,TCS,EQ,2000.15,1992.0,2024.6,1982.4,2000.0,2003.55,2010.34
2018-08-16,TCS,EQ,2003.55,2000.3,2020.05,1995.0,2009.1,2008.5,2008.49
2018-08-17,TCS,EQ,2008.5,2013.85,2021.9,2004.0,2010.0,2012.75,2012.85
2018-08-20,TCS,EQ,2012.75,2024.0,2024.0,2003.7,2014.15,2009.95,2011.43
2018-08-21,TCS,EQ,2009.95,2010.15,2024.0,2004.0,2014.0,2017.65,2015.38
2018-08-23,TCS,EQ,2017.65,2022.8,2038.0,2020.3,2033.9,2035.1,2030.81
2018-08-24,TCS,EQ,2035.1,2035.1,2046.0,2031.0,2041.6,2043.0,2041.86
2018-08-27,TCS,EQ,2043.0,2043.0,2059.0,2035.0,2050.05,2050.9,2051.79
2018-08-28,TCS,EQ,2050.9,2055.0,2072.0,2052.0,2069.95,2069.2,2065.5
2018-08-29,TCS,EQ,2069.2,2072.5,2076.6,2045.6,2073.25,2072.0,2065.1
2018-08-30,TCS,EQ,2072.0,2068.0,2085.0,2065.5,2081.25,2082.4,2078.06
2018-08-31,TCS,EQ,2082.4,2082.3,2092.0,2074.0,2078.0,2078.4,2082.1
2018-09-03,TCS,EQ,2078.4,2084.8,2090.0,2048.4,2050.3,2052.9,2072.5
2018-09-04,TCS,EQ,2052.9,2059.8,2104.75,2056.95,2100.0,2098.9,2093.77
2018-09-05,TCS,EQ,2098.9,2100.0,2107.25,2075.05,2077.0,2079.25,2086.52
2018-09-06,TCS,EQ,2079.25,2075.0,2081.5,2060.3,2074.5,2075.3,2070.41
2018-09-07,TCS,EQ,2075.3,2079.3,2084.0,2065.4,2078.75,2079.85,2076.27
2018-09-10,TCS,EQ,2079.85,2084.4,2093.4,2074.25,2084.0,2080.75,2083.98
2018-09-11,TCS,EQ,2080.75,2089.0,2089.0,2042.2,2045.15,2046.25,2055.93
2018-09-12,TCS,EQ,2046.25,2052.35,2068.9,2040.0,2045.0,2043.95,2048.93
2018-09-14,TCS,EQ,2043.95,2044.0,2071.55,2018.15,2066.95,2065.4,2042.02
2018-09-17,TCS,EQ,2065.4,2070.0,2077.8,2054.55,2072.0,2074.15,2067.17
2018-09-18,TCS,EQ,2074.15,2073.0,2078.8,2057.6,2074.0,2070.75,2069.75
2018-09-19,TCS,EQ,2070.75,2071.9,2089.0,2066.85,2076.0,2077.9,2081.53
2018-09-21,TCS,EQ,2077.9,2077.0,2121.0,2050.15,2111.9,2103.15,2083.75
2018-09-24,TCS,EQ,2103.15,2115.0,2210.5,2098.15,2208.0,2198.45,2168.27
2018-09-25,TCS,EQ,2198.45,2204.9,2211.9,2153.8,2183.1,2183.2,2186.15
2018-09-26,TCS,EQ,2183.2,2187.0,2199.0,2135.1,2147.15,2142.15,2161.8
2018-09-27,TCS,EQ,2142.15,2141.9,2209.7,2135.8,2185.0,2188.85,2175.57
2018-09-28,TCS,EQ,2188.85,2178.0,2190.0,2158.85,2186.0,2183.7,2177.54
2018-10-01,TCS,EQ,2183.7,2190.9,2275.95,2190.35,2250.3,2255.55,2242.36
2018-10-03,TCS,EQ,2255.55,2250.3,2255.0,2155.6,2156.65,2162.85,2195.08
2018-10-04,TCS,EQ,2162.85,2156.6,2156.65,2056.35,2063.0,2064.8,2084.35
2018-10-05,TCS,EQ,2064.8,2050.0,2120.0,2020.9,2100.0,2102.65,2079.05
2018-10-08,TCS,EQ,2102.65,2102.65,2122.2,2048.15,2077.4,2077.55,2074.99
2018-10-09,TCS,EQ,2077.55,2080.35,2107.65,2053.2,2093.2,2091.8,2086.07
2018-10-10,TCS,EQ,2091.8,2100.0,2105.95,2029.0,2044.0,2043.6,2063.1
2018-10-11,TCS,EQ,2043.6,1985.0,2013.0,1941.0,1995.0,1979.95,1984.8
2018-10-12,TCS,EQ,1979.95,1978.0,1978.0,1903.0,1920.0,1918.3,1927.35
2018-10-15,TCS,EQ,1918.3,1940.0,1955.55,1920.0,1954.6,1949.5,1939.74
2018-10-16,TCS,EQ,1949.5,1958.0,1971.9,1935.0,1964.05,1962.3,1952.66
2018-10-17,TCS,EQ,1962.3,1970.0,1989.0,1920.0,1930.0,1929.4,1945.4
2018-10-19,TCS,EQ,1929.4,1929.0,1929.0,1870.05,1920.0,1913.2,1896.96
2018-10-22,TCS,EQ,1913.2,1914.0,1916.0,1886.95,1900.25,1903.0,1903.03
2018-10-23,TCS,EQ,1903.0,1888.0,1898.0,1837.0,1847.75,1843.65,1865.59
2018-10-24,TCS,EQ,1843.65,1852.05,1874.0,1811.1,1865.5,1848.5,1841.95
2018-10-25,TCS,EQ,1848.5,1844.0,1876.9,1825.05,1845.0,1853.0,1859.3
2018-10-26,TCS,EQ,1853.0,1853.9,1853.9,1791.1,1796.0,1799.1,1813.56
2018-10-29,TCS,EQ,1799.1,1808.7,1877.95,1784.35,1866.0,1871.0,1832.62
2018-10-30,TCS,EQ,1871.0,1867.0,1909.4,1845.0,1894.0,1894.8,1890.59
2018-10-31,TCS,EQ,1894.8,1900.0,1943.9,1875.45,1934.6,1938.15,1915.93
2018-11-01,TCS,EQ,1938.15,1943.65,1944.35,1901.3,1928.0,1935.75,1918.75
2018-11-02,TCS,EQ,1935.75,1934.2,1954.6,1905.0,1913.45,1913.45,1926.04
2018-11-05,TCS,EQ,1913.45,1910.0,1927.35,1884.75,1894.0,1890.85,1901.41
2018-11-06,TCS,EQ,1890.85,1894.0,1937.5,1891.0,1930.0,1932.7,1926.88
2018-11-07,TCS,EQ,1932.7,1940.0,1949.0,1937.0,1941.0,1942.15,1942.26
2018-11-09,TCS,EQ,1942.15,1961.0,1961.95,1905.0,1908.0,1909.2,1918.61
2018-11-12,TCS,EQ,1909.2,1908.5,1946.1,1908.5,1917.8,1914.85,1928.01
2018-11-13,TCS,EQ,1914.85,1915.0,1939.0,1903.0,1936.2,1934.95,1927.95
2018-11-14,TCS,EQ,1934.95,1925.0,1929.9,1870.0,1880.0,1880.65,1883.81
2018-11-15,TCS,EQ,1880.65,1864.0,1899.0,1857.6,1877.0,1872.85,1881.5
2018-11-16,TCS,EQ,1872.85,1889.0,1899.8,1870.25,1889.0,1886.6,1883.01
2018-11-19,TCS,EQ,1886.6,1899.0,1907.35,1864.3,1902.0,1902.45,1883.58
2018-11-20,TCS,EQ,1902.45,1902.0,1902.0,1874.2,1880.0,1878.25,1883.47
2018-11-21,TCS,EQ,1878.25,1871.0,1871.05,1798.55,1813.0,1812.0,1813.73
2018-11-22,TCS,EQ,1812.0,1820.0,1847.6,1809.95,1816.2,1812.55,1830.63
2018-11-26,TCS,EQ,1812.55,1819.0,1860.0,1784.5,1846.0,1846.1,1813.41
2018-11-27,TCS,EQ,1846.1,1854.0,1897.9,1835.35,1895.0,1890.25,1864.24
2018-11-28,TCS,EQ,1890.25,1889.0,1989.0,1882.5,1985.05,1983.9,1951.77
2018-11-29,TCS,EQ,1983.9,1997.0,1997.0,1942.55,1970.0,1960.55,1964.64
2018-11-30,TCS,EQ,1960.55,1966.0,1991.0,1959.85,1974.8,1968.25,1972.18
2018-12-03,TCS,EQ,1968.25,1984.0,1990.0,1968.3,1984.0,1982.4,1978.67
2018-12-04,TCS,EQ,1982.4,1983.0,2019.4,1971.0,2009.85,2010.85,2004.77
2018-12-05,TCS,EQ,2010.85,2006.0,2018.0,1985.0,2003.9,2006.75,2004.02
2018-12-06,TCS,EQ,2006.75,1998.0,2017.0,1979.6,1990.0,1992.7,1997.82
2018-12-07,TCS,EQ,1992.7,1985.05,2003.9,1973.0,1999.85,1995.2,1991.36
2018-12-10,TCS,EQ,1995.2,1975.0,2011.0,1960.0,1961.0,1975.8,1988.81
2018-12-11,TCS,EQ,1975.8,1970.0,2010.0,1961.0,1997.05,2000.0,1993.07
2018-12-12,TCS,EQ,2000.0,2001.1,2022.0,1984.95,2016.5,2016.8,2011.87
2018-12-13,TCS,EQ,2016.8,2024.0,2029.7,1974.5,1981.95,1982.6,1995.57
2018-12-14,TCS,EQ,1982.6,1983.0,1998.95,1975.25,1989.0,1989.75,1984.61
2018-12-17,TCS,EQ,1989.75,1999.0,2004.9,1985.0,1992.9,1994.3,1993.85
2018-12-18,TCS,EQ,1994.3,1991.9,2002.0,1976.4,1987.9,1987.85,1986.56
2018-12-19,TCS,EQ,1987.85,1984.8,1984.8,1960.05,1970.8,1968.45,1968.84
2018-12-20,TCS,EQ,1968.45,1953.8,1974.9,1946.0,1955.0,1954.05,1955.65
2018-12-21,TCS,EQ,1954.05,1948.0,1950.0,1886.55,1905.0,1895.8,1913.17
2018-12-24,TCS,EQ,1895.8,1905.8,1938.9,1905.0,1922.0,1918.5,1924.7
2018-12-26,TCS,EQ,1918.5,1921.8,1921.8,1870.25,1892.0,1889.2,1884.77
2018-12-27,TCS,EQ,1889.2,1909.0,1941.7,1872.1,1909.1,1908.95,1920.44
2018-12-28,TCS,EQ,1908.95,1915.0,1920.0,1893.0,1897.0,1896.05,1907.36
2018-12-31,TCS,EQ,1896.05,1908.0,1909.0,1886.15,1894.75,1893.05,1896.42
2019-01-01,TCS,EQ,1893.05,1896.0,1910.0,1885.0,1905.9,1902.8,1899.78
2019-01-02,TCS,EQ,1902.8,1905.0,1934.45,1900.0,1919.0,1923.3,1922.9
2019-01-03,TCS,EQ,1923.3,1919.0,1944.95,1893.1,1901.0,1899.95,1916.85
2019-01-04,TCS,EQ,1899.95,1900.0,1901.2,1841.0,1882.0,1876.85,1869.19
2019-01-07,TCS,EQ,1876.85,1891.8,1908.8,1881.0,1898.0,1897.9,1894.04
2019-01-08,TCS,EQ,1897.9,1905.4,1906.4,1883.3,1891.0,1893.55,1892.03
2019-01-09,TCS,EQ,1893.55,1907.4,1919.0,1866.7,1884.6,1886.95,1897.56
2019-01-10,TCS,EQ,1886.95,1890.0,1905.0,1872.1,1883.0,1888.55,1891.77
2019-01-11,TCS,EQ,1888.55,1870.0,1875.0,1835.0,1843.45,1842.55,1849.37
2019-01-14,TCS,EQ,1842.55,1850.0,1851.0,1810.0,1815.45,1813.25,1817.21
2019-01-15,TCS,EQ,1813.25,1810.0,1869.35,1808.0,1866.0,1867.8,1857.55
2019-01-16,TCS,EQ,1867.8,1870.0,1875.0,1847.0,1873.95,1870.15,1861.89
2019-01-17,TCS,EQ,1870.15,1878.0,1898.0,1871.3,1895.0,1894.3,1887.33
2019-01-18,TCS,EQ,1894.3,1881.0,1904.2,1876.0,1899.5,1900.65,1891.36
2019-01-21,TCS,EQ,1900.65,1902.0,1932.0,1895.45,1903.5,1908.7,1916.27
2019-01-22,TCS,EQ,1908.7,1907.1,1918.25,1890.0,1896.7,1901.9,1902.97
2019-01-23,TCS,EQ,1901.9,1901.0,1906.1,1870.0,1881.0,1875.6,1882.8
2019-01-24,TCS,EQ,1875.6,1884.8,1905.25,1875.0,1902.0,1901.55,1893.8
2019-01-25,TCS,EQ,1901.55,1902.0,1935.0,1901.0,1919.5,1920.8,1921.92
2019-01-28,TCS,EQ,1920.8,1933.0,1962.0,1925.5,1960.0,1955.0,1948.39
2019-01-29,TCS,EQ,1955.0,1962.0,1989.05,1936.65,1983.35,1982.75,1959.99
2019-01-30,TCS,EQ,1982.75,1979.6,1989.5,1954.65,1984.15,1981.4,1975.06
2019-01-31,TCS,EQ,1981.4,1987.0,2019.75,1985.0,2009.5,2014.1,2008.37
2019-02-01,TCS,EQ,2014.1,2009.5,2034.75,1998.1,2024.2,2029.95,2022.08
2019-02-04,TCS,EQ,2029.95,2029.95,2055.45,2023.0,2049.2,2050.25,2039.87
2019-02-05,TCS,EQ,2050.25,2050.0,2055.0,2028.0,2051.0,2044.55,2043.13
2019-02-06,TCS,EQ,2044.55,2049.9,2086.85,2041.05,2070.0,2074.8,2067.55
2019-02-07,TCS,EQ,2074.8,2074.75,2097.95,2067.0,2078.25,2082.9,2084.77
2019-02-08,TCS,EQ,2082.9,2075.0,2089.5,2051.0,2055.65,2061.4,2072.46
2019-02-11,TCS,EQ,2061.4,2060.0,2096.0,2048.9,2065.6,2065.9,2077.11
2019-02-12,TCS,EQ,2065.9,2070.0,2070.0,2018.0,2051.0,2051.6,2042.96
2019-02-13,TCS,EQ,2051.6,2062.0,2083.0,2050.5,2057.0,2065.4,2064.32
2019-02-14,TCS,EQ,2065.4,2060.05,2075.0,2033.05,2049.0,2044.6,2050.83
2019-02-15,TCS,EQ,2044.6,2049.0,2052.0,2010.95,2034.6,2029.7,2031.88
2019-02-18,TCS,EQ,2029.7,2037.6,2041.95,1962.65,1969.6,1970.3,1988.87
2019-02-19,TCS,EQ,1970.3,1970.0,1971.0,1892.0,1907.6,1904.8,1930.07
2019-02-20,TCS,EQ,1904.8,1915.0,1933.8,1881.3,1913.3,1914.75,1908.2
2019-02-21,TCS,EQ,1914.75,1914.75,1940.0,1897.05,1912.0,1914.2,1922.84
2019-02-22,TCS,EQ,1914.2,1917.2,1930.0,1905.1,1929.0,1925.65,1920.72
2019-02-25,TCS,EQ,1925.65,1932.5,1990.0,1930.5,1987.0,1985.15,1961.61
2019-02-26,TCS,EQ,1985.15,1984.0,2045.15,1972.25,2032.5,2038.7,2022.12
2019-02-27,TCS,EQ,2038.7,2040.0,2074.95,2022.0,2052.5,2058.1,2050.25
2019-02-28,TCS,EQ,2058.1,2060.0,2071.35,1977.6,1983.5,1983.45,2009.42
2019-03-01,TCS,EQ,1983.45,1995.05,2005.0,1980.35,1995.0,1995.4,1993.73
2019-03-05,TCS,EQ,1995.4,2005.0,2007.0,1976.6,1985.05,1988.1,1987.11
2019-03-06,TCS,EQ,1988.1,1989.3,2015.0,1985.05,2005.0,1999.6,2001.3
2019-03-07,TCS,EQ,1999.6,2005.0,2024.05,2000.2,2015.0,2013.3,2014.4
2019-03-08,TCS,EQ,2013.3,2025.0,2033.0,2010.05,2022.75,2022.7,2023.03
2019-03-11,TCS,EQ,2022.7,2028.9,2033.0,2003.65,2016.15,2014.8,2017.1
2019-03-12,TCS,EQ,2014.8,2014.05,2024.8,2003.0,2009.1,2012.45,2015.6
2019-03-13,TCS,EQ,2012.45,2013.0,2015.9,1978.6,1995.0,2000.5,2001.12
2019-03-14,TCS,EQ,2000.5,2004.95,2007.8,1981.0,1990.4,1987.4,1991.28
2019-03-15,TCS,EQ,1987.4,1998.9,2068.95,1991.0,2036.0,2039.95,2040.01
2019-03-18,TCS,EQ,2039.95,2043.0,2064.6,2011.0,2023.85,2022.8,2033.02
2019-03-19,TCS,EQ,2022.8,2030.0,2030.0,1995.1,2028.5,2022.8,2010.71
2019-03-20,TCS,EQ,2022.8,2028.0,2044.8,2000.0,2000.25,2015.05,2025.82
2019-03-22,TCS,EQ,2015.05,2015.0,2016.0,1983.3,2010.0,2005.65,1998.96
2019-03-25,TCS,EQ,2005.65,2007.8,2007.8,1977.2,1980.8,1984.25,1987.88
2019-03-26,TCS,EQ,1984.25,1984.0,1994.95,1958.05,1977.4,1982.65,1971.46
2019-03-27,TCS,EQ,1982.65,1994.0,1998.0,1961.0,1964.85,1967.9,1979.12
2019-03-28,TCS,EQ,1967.9,1980.0,2014.6,1972.8,2004.45,2000.3,1993.96
2019-03-29,TCS,EQ,2000.3,2019.0,2024.9,1983.55,2000.0,2001.65,2001.7
2019-04-01,TCS,EQ,2001.65,2010.0,2039.95,2008.25,2034.95,2031.65,2027.91
2019-04-02,TCS,EQ,2031.65,2037.1,2086.0,2037.0,2079.0,2079.3,2064.13
2019-04-03,TCS,EQ,2079.3,2085.0,2089.6,2058.1,2078.15,2079.3,2073.86
2019-04-04,TCS,EQ,2079.3,2078.15,2079.7,2007.4,2017.0,2014.5,2039.77
2019-04-05,TCS,EQ,2014.5,2028.65,2054.4,2018.8,2051.0,2048.3,2037.19
2019-04-08,TCS,EQ,2048.3,2059.0,2075.0,2032.7,2073.6,2070.75,2056.64
2019-04-09,TCS,EQ,2070.75,2070.0,2098.0,2057.65,2087.45,2091.5,2085.63
2019-04-10,TCS,EQ,2091.5,2083.0,2085.5,2036.0,2043.65,2040.25,2053.91
2019-04-11,TCS,EQ,2040.25,2045.0,2055.0,2013.65,2025.0,2019.5,2028.47
2019-04-12,TCS,EQ,2019.5,2038.0,2039.0,2007.0,2013.05,2014.5,2019.97
2019-04-15,TCS,EQ,2014.5,2070.0,2119.8,2041.0,2113.0,2113.3,2086.02
2019-04-16,TCS,EQ,2113.3,2120.0,2155.95,2115.55,2137.0,2131.8,2137.54
2019-04-18,TCS,EQ,2131.8,2149.9,2155.0,2114.2,2149.25,2150.05,2138.81
2019-04-22,TCS,EQ,2150.05,2148.0,2176.0,2145.6,2160.3,2161.45,2165.74
2019-04-23,TCS,EQ,2161.45,2163.0,2165.5,2134.05,2163.0,2155.05,2147.21
2019-04-24,TCS,EQ,2155.05,2158.0,2195.0,2156.1,2168.6,2183.45,2172.32
2019-04-25,TCS,EQ,2183.45,2175.0,2205.0,2168.05,2203.0,2195.0,2189.55
2019-04-26,TCS,EQ,2195.0,2203.0,2243.95,2193.15,2231.1,2238.55,2225.36
2019-04-30,TCS,EQ,2238.55,2238.55,2266.95,2230.1,2256.25,2260.35,2252.48
2019-05-02,TCS,EQ,2260.35,2255.0,2259.4,2211.1,2214.7,2215.4,2227.88
2019-05-03,TCS,EQ,2215.4,2185.0,2186.05,2125.0,2137.0,2132.0,2153.0
2019-05-06,TCS,EQ,2132.0,2110.0,2165.0,2108.5,2155.2,2157.85,2150.11
2019-05-07,TCS,EQ,2157.85,2160.05,2184.35,2138.8,2154.0,2151.95,2163.53
2019-05-08,TCS,EQ,2151.95,2151.0,2168.0,2130.4,2156.0,2152.85,2151.85
2019-05-09,TCS,EQ,2152.85,2145.0,2184.1,2136.1,2171.2,2172.55,2166.98
2019-05-10,TCS,EQ,2172.55,2175.0,2192.0,2125.85,2130.25,2135.8,2161.83
2019-05-13,TCS,EQ,2135.8,2133.0,2167.0,2121.65,2134.0,2128.75,2143.87
2019-05-14,TCS,EQ,2128.75,2135.0,2159.8,2072.35,2095.8,2092.35,2101.14
2019-05-15,TCS,EQ,2092.35,2097.0,2124.0,2084.5,2095.0,2095.4,2103.66
2019-05-16,TCS,EQ,2095.4,2096.0,2124.0,2077.05,2111.5,2108.75,2107.55
2019-05-17,TCS,EQ,2108.75,2112.6,2135.0,2090.0,2094.0,2095.45,2107.34
2019-05-20,TCS,EQ,2095.45,2125.0,2151.4,2050.0,2148.0,2143.95,2119.5
2019-05-21,TCS,EQ,2143.95,2148.05,2148.7,2102.55,2106.2,2109.75,2122.37
2019-05-22,TCS,EQ,2109.75,2110.0,2121.95,2075.0,2090.0,2081.75,2091.31
2019-05-23,TCS,EQ,2081.75,2098.0,2115.35,2050.0,2057.0,2054.05,2071.74
2019-05-24,TCS,EQ,2054.05,2070.0,2070.0,2032.25,2050.0,2048.0,2051.14
2019-05-27,TCS,EQ,2048.0,2054.8,2068.95,2040.1,2058.0,2055.15,2054.87
2019-05-28,TCS,EQ,2055.15,2060.0,2097.5,2045.0,2068.0,2073.75,2076.46
2019-05-29,TCS,EQ,2073.75,2080.0,2123.7,2077.1,2114.2,2107.55,2109.46
2019-05-30,TCS,EQ,2107.55,2123.0,2156.55,2114.4,2146.3,2146.3,2142.62
2019-05-31,TCS,EQ,2146.3,2160.0,2204.95,2152.25,2200.0,2196.55,2184.11
2019-06-03,TCS,EQ,2196.55,2201.0,2247.65,2185.65,2240.1,2242.3,2223.68
2019-06-04,TCS,EQ,2242.3,2224.0,2224.0,2175.0,2188.0,2183.1,2195.01
2019-06-06,TCS,EQ,2183.1,2199.0,2199.0,2152.0,2166.0,2166.1,2169.63
2019-06-07,TCS,EQ,2166.1,2174.0,2189.8,2142.1,2179.8,2181.75,2161.21
2019-06-10,TCS,EQ,2181.75,2196.7,2235.85,2185.5,2229.1,2231.5,2219.98
2019-06-11,TCS,EQ,2231.5,2237.0,2263.95,2231.0,2252.0,2252.8,2250.89
2019-06-12,TCS,EQ,2252.8,2245.0,2266.9,2219.0,2264.0,2260.9,2241.29
2019-06-13,TCS,EQ,2260.9,2264.0,2285.0,2243.05,2244.0,2254.1,2265.77
2019-06-14,TCS,EQ,2254.1,2257.25,2263.1,2234.0,2249.8,2254.5,2250.08
2019-06-17,TCS,EQ,2254.5,2256.0,2262.0,2241.45,2244.0,2249.2,2252.43
2019-06-18,TCS,EQ,2249.2,2244.0,2260.0,2231.2,2253.5,2250.85,2245.75
2019-06-19,TCS,EQ,2250.85,2255.0,2276.0,2243.15,2261.2,2259.9,2262.19
2019-06-20,TCS,EQ,2259.9,2230.0,2284.0,2212.0,2283.3,2277.95,2248.36
2019-06-21,TCS,EQ,2277.95,2285.0,2292.5,2242.0,2252.05,2249.85,2255.87
2019-06-24,TCS,EQ,2249.85,2254.15,2280.0,2250.8,2277.0,2275.5,2267.8
2019-06-25,TCS,EQ,2275.5,2270.0,2274.45,2250.5,2263.0,2267.8,2264.08
2019-06-26,TCS,EQ,2267.8,2265.0,2266.8,2250.0,2253.05,2254.2,2259.22
2019-06-27,TCS,EQ,2254.2,2255.0,2264.0,2241.3,2261.5,2252.55,2254.5
2019-06-28,TCS,EQ,2252.55,2260.0,2261.95,2222.5,2228.0,2227.2,2234.73
2019-07-01,TCS,EQ,2227.2,2235.0,2255.0,2206.6,2233.05,2239.55,2237.15
2019-07-02,TCS,EQ,2239.55,2244.9,2257.0,2216.45,2254.3,2252.1,2237.79
2019-07-03,TCS,EQ,2252.1,2252.2,2258.8,2232.0,2234.0,2237.65,2242.16
2019-07-04,TCS,EQ,2237.65,2234.0,2252.0,2230.1,2241.0,2242.65,2241.04
2019-07-05,TCS,EQ,2242.65,2247.0,2250.0,2140.0,2166.85,2163.1,2179.39
2019-07-08,TCS,EQ,2163.1,2149.0,2188.8,2132.1,2171.1,2175.4,2168.49
2019-07-09,TCS,EQ,2175.4,2174.0,2174.4,2104.55,2120.0,2133.35,2128.96
2019-07-10,TCS,EQ,2133.35,2080.0,2127.85,2071.3,2105.3,2108.2,2102.52
2019-07-11,TCS,EQ,2108.2,2128.0,2129.0,2086.05,2101.95,2102.55,2103.2
2019-07-12,TCS,EQ,2102.55,2102.1,2119.75,2093.1,2108.0,2107.6,2108.31
2019-07-15,TCS,EQ,2107.6,2125.0,2153.6,2098.0,2135.5,2145.7,2126.77
2019-07-16,TCS,EQ,2145.7,2126.0,2132.5,2100.0,2105.0,2106.0,2108.89
2019-07-17,TCS,EQ,2106.0,2108.0,2125.0,2092.1,2111.8,2117.25,2111.55
2019-07-18,TCS,EQ,2117.25,2116.2,2116.2,2060.0,2075.55,2065.95,2084.29
2019-07-19,TCS,EQ,2065.95,2077.0,2097.0,2062.5,2079.9,2076.95,2080.79
2019-07-22,TCS,EQ,2076.95,2077.0,2117.45,2068.8,2107.15,2109.9,2099.33
2019-07-23,TCS,EQ,2109.9,2127.9,2130.0,2102.4,2119.95,2112.45,2120.71
2019-07-24,TCS,EQ,2112.45,2110.0,2120.8,2076.5,2097.55,2096.8,2097.5
2019-07-25,TCS,EQ,2096.8,2108.9,2135.0,2092.55,2128.25,2127.9,2118.42
2019-07-26,TCS,EQ,2127.9,2129.8,2129.8,2095.0,2112.65,2109.05,2109.59
2019-07-29,TCS,EQ,2109.05,2110.8,2142.0,2103.3,2125.1,2130.0,2123.42
2019-07-30,TCS,EQ,2130.0,2130.0,2185.0,2120.45,2176.3,2179.15,2162.72
2019-07-31,TCS,EQ,2179.15,2171.75,2211.7,2147.15,2201.0,2205.7,2180.17
2019-08-01,TCS,EQ,2205.7,2200.0,2217.5,2166.25,2178.3,2180.05,2195.1
2019-08-02,TCS,EQ,2180.05,2173.0,2210.0,2165.5,2205.0,2205.3,2185.91
2019-08-05,TCS,EQ,2205.3,2199.9,2252.25,2195.6,2240.0,2248.6,2241.19
2019-08-06,TCS,EQ,2248.6,2232.8,2251.95,2211.45,2213.75,2214.9,2232.27
2019-08-07,TCS,EQ,2214.9,2230.0,2238.5,2207.25,2218.9,2213.45,2223.14
2019-08-08,TCS,EQ,2213.45,2228.9,2281.0,2218.9,2253.8,2258.1,2247.44
2019-08-09,TCS,EQ,2258.1,2260.0,2267.9,2241.35,2245.0,2246.25,2253.09
2019-08-13,TCS,EQ,2246.25,2245.0,2246.25,2194.3,2200.0,2199.45,2219.61
2019-08-14,TCS,EQ,2199.45,2181.1,2217.85,2167.4,2205.3,2204.4,2200.61
2019-08-16,TCS,EQ,2204.4,2241.4,2241.4,2143.25,2162.0,2165.1,2173.77
2019-08-19,TCS,EQ,2165.1,2180.0,2186.0,2157.7,2166.0,2163.0,2171.81
2019-08-20,TCS,EQ,2163.0,2172.0,2205.0,2166.5,2190.0,2186.75,2190.28
2019-08-21,TCS,EQ,2186.75,2184.95,2202.0,2182.25,2183.0,2186.2,2193.43
2019-08-22,TCS,EQ,2186.2,2187.0,2235.65,2170.0,2210.0,2216.0,2213.54
2019-08-23,TCS,EQ,2216.0,2214.95,2259.9,2213.9,2250.0,2247.7,2244.15
2019-08-26,TCS,EQ,2247.7,2247.0,2282.0,2225.0,2267.0,2276.3,2259.83
2019-08-27,TCS,EQ,2276.3,2270.0,2274.85,2229.0,2241.5,2236.5,2241.51
2019-08-28,TCS,EQ,2236.5,2240.0,2252.15,2216.0,2238.35,2239.25,2233.18
2019-08-29,TCS,EQ,2239.25,2222.2,2248.2,2222.2,2232.0,2233.45,2235.21
2019-08-30,TCS,EQ,2233.45,2241.0,2266.0,2218.0,2259.0,2259.6,2241.92
2019-09-03,TCS,EQ,2259.6,2270.0,2296.2,2236.95,2246.0,2251.6,2275.88
2019-09-04,TCS,EQ,2251.6,2265.0,2270.0,2233.0,2245.2,2245.4,2248.41
2019-09-05,TCS,EQ,2245.4,2242.2,2253.65,2207.3,2215.95,2215.3,2225.26
2019-09-06,TCS,EQ,2215.3,2216.0,2233.5,2192.6,2198.0,2197.5,2204.18
2019-09-09,TCS,EQ,2197.5,2200.0,2202.85,2179.8,2185.0,2182.85,2188.09
2019-09-11,TCS,EQ,2182.85,2186.0,2195.0,2146.55,2151.6,2154.0,2162.64
2019-09-12,TCS,EQ,2154.0,2155.0,2165.0,2120.35,2134.6,2133.6,2135.46
2019-09-13,TCS,EQ,2133.6,2135.0,2157.95,2115.55,2143.0,2141.95,2135.83
2019-09-16,TCS,EQ,2141.95,2159.95,2173.4,2126.4,2150.0,2150.0,2151.17
2019-09-17,TCS,EQ,2150.0,2154.95,2156.55,2105.6,2126.4,2122.65,2123.78
2019-09-18,TCS,EQ,2122.65,2126.4,2142.95,2113.15,2141.15,2138.55,2133.02
2019-09-19,TCS,EQ,2138.55,2135.0,2135.8,2091.0,2096.9,2101.95,2103.74
2019-09-20,TCS,EQ,2101.95,2104.9,2129.4,2057.0,2069.0,2065.45,2083.7
2019-09-23,TCS,EQ,2065.45,2099.0,2099.0,1975.0,2020.0,2015.8,2011.62
2019-09-24,TCS,EQ,2015.8,2015.0,2061.0,2013.0,2047.3,2044.7,2045.07
2019-09-25,TCS,EQ,2044.7,2065.0,2092.0,2060.05,2084.0,2088.45,2077.98
2019-09-26,TCS,EQ,2088.45,2097.9,2107.0,2063.0,2089.6,2087.6,2084.45
2019-09-27,TCS,EQ,2087.6,2085.0,2085.2,2051.4,2059.0,2056.15,2065.56
2019-09-30,TCS,EQ,2056.15,2061.85,2104.0,2060.0,2097.0,2099.3,2090.07
2019-10-01,TCS,EQ,2099.3,2095.95,2095.95,2039.7,2060.3,2059.95,2059.04
2019-10-03,TCS,EQ,2059.95,2070.0,2081.15,2046.15,2056.0,2060.25,2065.47
2019-10-04,TCS,EQ,2060.25,2060.6,2087.95,2054.95,2078.0,2079.35,2079.28
2019-10-07,TCS,EQ,2079.35,2080.0,2094.5,2041.0,2046.0,2047.7,2062.27
2019-10-09,TCS,EQ,2047.7,2060.0,2060.0,2015.5,2021.9,2020.1,2026.43
2019-10-10,TCS,EQ,2020.1,2028.0,2039.05,1997.1,2002.8,2004.45,2015.15
2019-10-11,TCS,EQ,2004.45,1931.0,1995.0,1925.0,1989.0,1986.85,1958.07
2019-10-14,TCS,EQ,1986.85,1995.0,2032.75,1968.0,2021.0,2021.0,2009.8
2019-10-15,TCS,EQ,2021.0,2032.0,2047.0,2022.7,2037.8,2037.3,2039.28
2019-10-16,TCS,EQ,2037.3,2038.0,2056.0,2016.0,2055.0,2046.4,2032.41
2019-10-17,TCS,EQ,2046.4,2014.0,2038.0,1999.3,2029.0,2030.95,2018.47
2019-10-18,TCS,EQ,2030.95,2037.5,2063.9,2025.0,2059.0,2057.35,2046.03
2019-10-22,TCS,EQ,2057.35,2080.0,2111.5,2040.05,2050.0,2051.4,2067.79
2019-10-23,TCS,EQ,2051.4,2060.0,2083.85,2052.5,2082.0,2070.1,2068.82
2019-10-24,TCS,EQ,2070.1,2084.0,2099.0,2061.3,2079.75,2082.0,2077.28
2019-10-25,TCS,EQ,2082.0,2094.0,2130.0,2075.05,2121.6,2124.95,2102.55
2019-10-27,TCS,EQ,2124.95,2129.0,2129.0,2108.8,2117.65,2115.7,2117.14
2019-10-29,TCS,EQ,2115.7,2121.5,2201.7,2121.5,2197.5,2194.85,2173.21
2019-10-30,TCS,EQ,2194.85,2225.0,2260.0,2176.85,2258.0,2252.8,2229.89
2019-10-31,TCS,EQ,2252.8,2250.0,2284.95,2237.0,2274.55,2269.65,2267.61
2019-11-01,TCS,EQ,2269.65,2264.0,2275.0,2195.0,2207.0,2200.9,2218.97
2019-11-04,TCS,EQ,2200.9,2207.0,2229.2,2180.9,2194.1,2193.95,2197.42
2019-11-05,TCS,EQ,2193.95,2197.0,2211.0,2169.0,2198.0,2201.85,2187.98
2019-11-06,TCS,EQ,2201.85,2200.0,2210.8,2179.0,2190.8,2188.5,2191.37
2019-11-07,TCS,EQ,2188.5,2204.5,2204.5,2175.2,2185.0,2185.35,2186.08
2019-11-08,TCS,EQ,2185.35,2189.6,2189.6,2124.0,2130.0,2129.95,2149.77
2019-11-11,TCS,EQ,2129.95,2135.0,2139.0,2091.0,2100.9,2100.95,2105.79
2019-11-13,TCS,EQ,2100.95,2118.0,2183.8,2118.0,2179.0,2178.6,2161.51
2019-11-14,TCS,EQ,2178.6,2187.5,2200.0,2146.7,2190.0,2196.8,2183.42
2019-11-15,TCS,EQ,2196.8,2196.0,2211.5,2168.75,2174.45,2174.45,2191.82
2019-11-18,TCS,EQ,2174.45,2178.4,2187.75,2148.75,2151.0,2152.6,2159.1
2019-11-19,TCS,EQ,2152.6,2153.0,2154.65,2105.0,2110.0,2108.8,2116.98
2019-11-20,TCS,EQ,2108.8,2121.95,2135.0,2094.5,2108.15,2108.55,2112.62
2019-11-21,TCS,EQ,2108.55,2112.0,2126.6,2107.4,2117.4,2118.1,2120.22
2019-11-22,TCS,EQ,2118.1,2097.0,2107.0,2060.5,2067.1,2071.7,2079.37
2019-11-25,TCS,EQ,2071.7,2074.55,2084.95,2052.2,2083.5,2081.5,2075.63
2019-11-26,TCS,EQ,2081.5,2089.85,2097.9,2035.05,2046.65,2046.65,2056.29
2019-11-27,TCS,EQ,2046.65,2052.0,2071.7,2046.55,2055.0,2054.3,2060.49
2019-11-28,TCS,EQ,2054.3,2067.05,2094.4,2060.0,2075.9,2077.35,2081.33
2019-11-29,TCS,EQ,2077.35,2085.0,2085.0,2045.8,2051.65,2053.25,2055.87
2019-12-02,TCS,EQ,2053.25,2060.0,2067.7,2016.0,2021.0,2021.05,2030.47
2019-12-03,TCS,EQ,2021.05,2027.7,2062.0,2010.0,2052.95,2051.0,2044.01
2019-12-04,TCS,EQ,2051.0,2053.0,2082.0,2045.5,2077.0,2078.5,2067.16
2019-12-05,TCS,EQ,2078.5,2083.0,2126.8,2068.35,2120.2,2121.3,2107.54
2019-12-06,TCS,EQ,2121.3,2124.0,2128.0,2101.0,2123.65,2123.6,2116.56
2019-12-09,TCS,EQ,2123.6,2127.95,2127.95,2053.5,2060.0,2060.45,2079.93
2019-12-10,TCS,EQ,2060.45,2060.0,2060.85,2003.25,2016.25,2012.85,2020.99
2019-12-11,TCS,EQ,2012.85,2025.4,2048.0,2006.75,2040.0,2041.9,2032.84
2019-12-12,TCS,EQ,2041.9,2051.1,2083.65,1984.0,2003.0,2020.9,2039.92
2019-12-13,TCS,EQ,2020.9,2023.0,2077.4,2007.0,2070.0,2071.25,2050.09
2019-12-16,TCS,EQ,2071.25,2096.0,2136.0,2080.3,2130.0,2126.75,2116.76
2019-12-17,TCS,EQ,2126.75,2126.5,2169.0,2119.0,2168.7,2164.95,2154.7
2019-12-18,TCS,EQ,2164.95,2174.0,2203.45,2153.0,2166.8,2167.75,2182.48
2019-12-19,TCS,EQ,2167.75,2179.8,2236.5,2167.55,2231.7,2229.05,2202.61
2019-12-20,TCS,EQ,2229.05,2220.0,2246.7,2208.25,2219.0,2222.9,2225.89
2019-12-23,TCS,EQ,2222.9,2210.0,2241.95,2210.0,2236.0,2231.7,2229.75
2019-12-24,TCS,EQ,2231.7,2239.0,2243.55,2211.15,2216.0,2215.6,2223.0
2019-12-26,TCS,EQ,2215.6,2216.4,2229.0,2195.2,2202.0,2201.95,2207.75
2019-12-27,TCS,EQ,2201.95,2208.0,2226.4,2176.0,2209.9,2198.5,2192.11
2019-12-30,TCS,EQ,2198.5,2207.0,2225.0,2177.1,2183.35,2183.2,2194.63
2019-12-31,TCS,EQ,2183.2,2189.0,2197.0,2157.45,2165.0,2161.7,2171.67
2020-01-01,TCS,EQ,2161.7,2168.0,2183.9,2154.0,2170.0,2167.6,2170.54
2020-01-02,TCS,EQ,2167.6,2179.95,2179.95,2149.2,2157.0,2157.65,2158.63
2020-01-03,TCS,EQ,2157.65,2164.0,2223.0,2164.0,2201.0,2200.65,2199.26
2020-01-06,TCS,EQ,2200.65,2205.0,2225.95,2187.9,2201.35,2200.45,2204.89
2020-01-07,TCS,EQ,2200.45,2200.5,2214.65,2183.8,2205.0,2205.85,2203.53
2020-01-08,TCS,EQ,2205.85,2205.0,2260.0,2202.05,2253.35,2255.25,2240.22
2020-01-09,TCS,EQ,2255.25,2248.75,2251.95,2210.0,2220.0,2214.35,2223.77
2020-01-10,TCS,EQ,2214.35,2228.0,2234.0,2208.0,2213.0,2213.55,2219.51
2020-01-13,TCS,EQ,2213.55,2217.85,2218.95,2184.7,2193.0,2190.35,2197.65
2020-01-14,TCS,EQ,2190.35,2195.0,2229.8,2195.0,2210.0,2206.9,2212.56
2020-01-15,TCS,EQ,2206.9,2213.0,2231.0,2194.2,2225.05,2226.9,2212.65
2020-01-16,TCS,EQ,2226.9,2226.95,2249.0,2215.0,2240.0,2238.8,2235.81
2020-01-17,TCS,EQ,2238.8,2240.75,2253.55,2213.0,2220.0,2219.1,2232.37
2020-01-20,TCS,EQ,2219.1,2194.9,2242.2,2156.2,2174.0,2170.35,2182.48
2020-01-21,TCS,EQ,2170.35,2169.95,2186.55,2158.05,2172.35,2171.05,2170.95
2020-01-22,TCS,EQ,2171.05,2181.0,2210.0,2173.7,2209.8,2206.9,2198.89
2020-01-23,TCS,EQ,2206.9,2209.8,2217.75,2183.7,2188.0,2190.95,2200.81
2020-01-24,TCS,EQ,2190.95,2190.95,2190.95,2170.0,2185.0,2183.4,2179.72
2020-01-27,TCS,EQ,2183.4,2189.7,2193.45,2165.0,2168.3,2169.25,2172.99
2020-01-28,TCS,EQ,2169.25,2174.0,2187.8,2152.0,2183.8,2183.75,2169.48
2020-01-29,TCS,EQ,2183.75,2185.0,2186.95,2150.0,2154.0,2154.6,2164.12
2020-01-30,TCS,EQ,2154.6,2160.0,2165.0,2125.0,2134.65,2137.85,2140.26
2020-01-31,TCS,EQ,2137.85,2139.4,2144.35,2071.6,2082.4,2079.05,2098.15
2020-02-01,TCS,EQ,2079.05,2079.5,2180.7,2063.6,2167.5,2164.85,2129.7
2020-02-03,TCS,EQ,2164.85,2152.0,2194.7,2093.2,2110.0,2102.5,2136.37
2020-02-04,TCS,EQ,2102.5,2129.0,2136.7,2086.6,2111.95,2107.75,2111.28
2020-02-05,TCS,EQ,2107.75,2115.0,2156.7,2104.3,2147.5,2146.55,2136.16
2020-02-06,TCS,EQ,2146.55,2145.0,2174.2,2115.5,2129.45,2128.35,2146.02
2020-02-07,TCS,EQ,2128.35,2139.0,2151.0,2119.0,2138.0,2136.55,2131.41
2020-02-10,TCS,EQ,2136.55,2140.9,2167.0,2119.0,2153.1,2161.95,2149.9
2020-02-11,TCS,EQ,2161.95,2163.0,2174.8,2147.6,2152.7,2153.4,2157.68
2020-02-12,TCS,EQ,2153.4,2151.1,2185.0,2150.0,2173.1,2170.75,2173.56
2020-02-13,TCS,EQ,2170.75,2172.95,2197.0,2171.0,2191.0,2191.95,2186.71
2020-02-14,TCS,EQ,2191.95,2188.0,2212.0,2171.0,2183.0,2184.2,2190.86
2020-02-17,TCS,EQ,2184.2,2196.95,2217.0,2190.2,2202.05,2203.25,2204.55
2020-02-18,TCS,EQ,2203.25,2199.95,2221.0,2186.05,2215.0,2215.75,2208.09
2020-02-19,TCS,EQ,2215.75,2215.75,2230.0,2190.5,2194.1,2196.35,2209.81
2020-02-20,TCS,EQ,2196.35,2204.5,2214.4,2151.25,2157.0,2156.8,2189.19
2020-02-24,TCS,EQ,2156.8,2156.0,2178.95,2106.7,2112.0,2115.35,2152.36
2020-02-25,TCS,EQ,2115.35,2115.5,2176.65,2111.0,2163.0,2156.15,2148.89
2020-02-26,TCS,EQ,2156.15,2154.0,2163.9,2112.95,2122.0,2123.6,2137.17
2020-02-27,TCS,EQ,2123.6,2119.95,2119.95,2086.2,2097.0,2105.5,2101.98
2020-02-28,TCS,EQ,2105.5,2068.0,2069.5,1990.0,2010.0,2000.15,2026.81
2020-03-02,TCS,EQ,2000.15,2035.0,2053.95,1985.7,2000.0,2001.3,2035.99
2020-03-03,TCS,EQ,2001.3,2020.0,2060.0,2012.0,2041.0,2036.2,2033.79
2020-03-04,TCS,EQ,2036.2,2056.0,2094.45,2025.0,2082.1,2083.2,2059.4
2020-03-05,TCS,EQ,2083.2,2085.7,2147.75,2084.05,2129.0,2125.05,2121.54
2020-03-06,TCS,EQ,2125.05,2098.0,2123.65,2071.6,2115.4,2116.45,2097.98
2020-03-09,TCS,EQ,2116.45,2075.0,2079.9,1935.0,1981.0,1972.35,1989.28
2020-03-11,TCS,EQ,1972.35,1933.0,1987.3,1920.0,1952.75,1953.7,1959.39
2020-03-12,TCS,EQ,1953.7,1904.0,1908.4,1758.35,1772.9,1769.85,1815.1
2020-03-13,TCS,EQ,1769.85,1687.9,1820.0,1506.05,1820.0,1806.3,1736.57
2020-03-16,TCS,EQ,1806.3,1755.0,1842.25,1675.85,1684.5,1696.4,1760.08
2020-03-17,TCS,EQ,1696.4,1730.0,1731.0,1623.15,1632.0,1658.0,1687.98
2020-03-18,TCS,EQ,1658.0,1676.8,1713.55,1627.75,1670.0,1654.4,1667.41
2020-03-19,TCS,EQ,1654.4,1559.7,1685.45,1546.75,1636.0,1636.35,1622.31
2020-03-20,TCS,EQ,1636.35,1630.0,1869.0,1627.0,1792.95,1797.45,1787.53
2020-03-23,TCS,EQ,1797.45,1620.0,1750.0,1617.75,1631.0,1669.7,1687.63
2020-03-24,TCS,EQ,1669.7,1653.05,1770.0,1632.85,1699.95,1703.15,1716.94
2020-03-25,TCS,EQ,1703.15,1700.0,1810.0,1680.0,1732.0,1750.3,1735.21
2020-03-26,TCS,EQ,1750.3,1831.6,1832.05,1722.55,1785.0,1790.95,1783.59
2020-03-27,TCS,EQ,1790.95,1820.0,1850.0,1750.4,1850.0,1824.5,1796.8
2020-03-30,TCS,EQ,1824.5,1766.0,1905.0,1763.55,1781.7,1778.5,1813.46
2020-03-31,TCS,EQ,1778.5,1837.4,1855.0,1780.0,1819.0,1826.1,1824.45
2020-04-01,TCS,EQ,1826.1,1825.9,1834.75,1702.0,1714.0,1708.75,1763.66
2020-04-03,TCS,EQ,1708.75,1740.0,1740.0,1650.0,1659.0,1654.2,1688.3
2020-04-07,TCS,EQ,1654.2,1710.0,1785.85,1705.0,1765.85,1775.2,1747.2
2020-04-08,TCS,EQ,1775.2,1760.0,1806.0,1701.0,1708.0,1705.45,1736.76
2020-04-09,TCS,EQ,1705.45,1750.45,1778.8,1731.2,1761.0,1766.15,1759.13
2020-04-13,TCS,EQ,1766.15,1761.0,1787.0,1746.0,1761.6,1759.25,1761.05
2020-04-15,TCS,EQ,1759.25,1785.0,1812.0,1727.8,1735.0,1735.15,1774.09
2020-04-16,TCS,EQ,1735.15,1709.95,1764.9,1675.05,1720.5,1716.05,1720.54
2020-04-17,TCS,EQ,1716.05,1800.0,1851.95,1753.0,1810.0,1806.2,1815.31
2020-04-20,TCS,EQ,1806.2,1830.0,1830.0,1802.5,1818.6,1818.65,1815.63
2020-04-21,TCS,EQ,1818.65,1765.0,1794.6,1727.7,1737.75,1737.65,1749.84
2020-04-22,TCS,EQ,1737.65,1737.65,1790.0,1719.15,1773.0,1769.5,1754.72
2020-04-23,TCS,EQ,1769.5,1780.0,1900.0,1760.85,1867.1,1878.25,1844.03
2020-04-24,TCS,EQ,1878.25,1840.7,1851.95,1807.8,1821.0,1818.55,1825.54
2020-04-27,TCS,EQ,1818.55,1832.3,1875.0,1825.0,1834.0,1836.6,1853.6
2020-04-28,TCS,EQ,1836.6,1865.0,1868.0,1832.6,1865.0,1859.05,1851.06
2020-04-29,TCS,EQ,1859.05,1874.0,1912.55,1850.05,1903.0,1905.65,1882.9
2020-04-30,TCS,EQ,1905.65,1980.0,2032.0,1942.2,2019.55,2014.45,1989.49
2020-05-04,TCS,EQ,2014.45,1966.0,1966.0,1913.65,1930.5,1930.45,1939.3
2020-05-05,TCS,EQ,1930.45,1955.1,1977.0,1927.0,1932.75,1932.75,1952.86
2020-05-06,TCS,EQ,1932.75,1939.8,1953.7,1893.6,1908.5,1903.6,1920.77
2020-05-07,TCS,EQ,1903.6,1910.0,1934.45,1883.35,1895.95,1891.65,1909.43
2020-05-08,TCS,EQ,1891.65,1939.1,1939.5,1886.25,1897.0,1893.4,1902.14
2020-05-11,TCS,EQ,1893.4,1909.0,1951.4,1909.0,1936.0,1935.3,1939.47
2020-05-12,TCS,EQ,1935.3,1933.4,1956.5,1910.25,1948.0,1949.5,1941.23
2020-05-13,TCS,EQ,1949.5,1994.0,1994.0,1925.65,1944.5,1949.65,1946.67
2020-05-14,TCS,EQ,1949.65,1910.0,1923.1,1891.1,1902.0,1902.35,1905.48
2020-05-15,TCS,EQ,1902.35,1916.0,1917.4,1865.2,1903.0,1892.9,1884.25
2020-05-18,TCS,EQ,1892.9,1907.0,1952.95,1872.1,1940.05,1945.6,1921.1
2020-05-19,TCS,EQ,1945.6,1903.0,1966.45,1903.0,1948.1,1948.65,1945.9
2020-05-20,TCS,EQ,1948.65,1950.0,1962.9,1931.7,1953.55,1953.6,1946.92
2020-05-21,TCS,EQ,1953.6,1946.0,1998.0,1941.15,1990.1,1991.2,1977.64
2020-05-22,TCS,EQ,1991.2,1977.1,2032.0,1961.25,2015.15,2020.35,2005.12
2020-05-26,TCS,EQ,2020.35,2015.0,2024.0,1925.0,1948.95,1943.0,1969.21
2020-05-27,TCS,EQ,1943.0,1959.0,2010.0,1941.25,2008.0,2005.3,1975.64
2020-05-28,TCS,EQ,2005.3,1988.5,2014.0,1971.3,2006.25,2004.3,1988.53
2020-05-29,TCS,EQ,2004.3,1982.0,2002.65,1962.4,1980.9,1972.35,1977.79
2020-06-01,TCS,EQ,1972.35,1990.0,2060.0,1981.1,2038.0,2045.25,2033.41
2020-06-02,TCS,EQ,2045.25,2060.2,2081.0,2040.05,2049.95,2047.15,2057.96
2020-06-03,TCS,EQ,2047.15,2051.85,2063.75,2020.0,2048.0,2046.15,2038.22
2020-06-04,TCS,EQ,2046.15,2046.75,2100.0,2046.75,2094.95,2091.55,2075.82
2020-06-05,TCS,EQ,2091.55,2091.6,2098.0,2040.3,2053.0,2048.25,2054.59
2020-06-08,TCS,EQ,2048.25,2078.25,2095.0,2062.1,2070.0,2071.75,2078.75
2020-06-09,TCS,EQ,2071.75,2063.1,2095.5,2060.25,2075.0,2072.05,2079.22
2020-06-10,TCS,EQ,2072.05,2077.05,2132.0,2073.5,2109.0,2108.75,2108.53
2020-06-11,TCS,EQ,2108.75,2100.0,2105.0,2061.8,2069.0,2067.65,2077.3
2020-06-12,TCS,EQ,2067.65,2011.2,2049.2,2011.0,2037.6,2039.5,2026.47
2020-06-15,TCS,EQ,2039.5,2039.1,2059.0,2000.95,2036.2,2029.9,2027.78
2020-06-16,TCS,EQ,2029.9,2065.0,2073.95,2031.0,2041.8,2045.8,2051.87
2020-06-17,TCS,EQ,2045.8,2046.0,2058.85,2026.55,2048.0,2047.8,2042.73
2020-06-18,TCS,EQ,2047.8,2045.0,2059.2,2025.2,2036.2,2038.1,2039.63
2020-06-19,TCS,EQ,2038.1,2042.0,2090.0,2032.0,2043.65,2044.6,2050.29
2020-06-22,TCS,EQ,2044.6,2050.0,2052.25,2019.15,2032.0,2027.95,2033.74
2020-06-23,TCS,EQ,2027.95,2027.0,2044.0,2010.0,2039.0,2035.3,2027.43
2020-06-24,TCS,EQ,2035.3,2034.0,2064.25,2031.6,2042.0,2042.2,2052.03
2020-06-25,TCS,EQ,2042.2,2035.0,2060.0,2009.25,2015.4,2016.1,2033.26
2020-06-26,TCS,EQ,2016.1,2025.0,2132.0,2019.95,2115.2,2118.85,2095.55
2020-06-29,TCS,EQ,2118.85,2108.0,2127.6,2091.3,2103.45,2101.65,2104.79
2020-06-30,TCS,EQ,2101.65,2100.0,2111.9,2075.05,2085.05,2082.15,2091.7
2020-07-01,TCS,EQ,2082.15,2079.7,2113.95,2079.5,2095.0,2092.05,2100.06
2020-07-02,TCS,EQ,2092.05,2102.0,2165.0,2098.0,2159.0,2157.15,2143.79
2020-07-03,TCS,EQ,2157.15,2163.65,2205.0,2160.25,2195.0,2199.65,2188.8
2020-07-06,TCS,EQ,2199.65,2205.0,2269.9,2205.0,2261.0,2263.2,2247.63
2020-07-07,TCS,EQ,2263.2,2275.0,2302.7,2232.15,2269.9,2269.9,2263.92
2020-07-08,TCS,EQ,2269.9,2270.0,2274.4,2207.6,2219.0,2218.9,2240.93
2020-07-09,TCS,EQ,2218.9,2229.0,2244.5,2191.05,2212.5,2204.35,2209.06
2020-07-10,TCS,EQ,2204.35,2205.25,2249.85,2176.0,2221.1,2222.35,2210.93
2020-07-13,TCS,EQ,2222.35,2220.0,2244.95,2210.0,2222.25,2220.0,2225.83
2020-07-14,TCS,EQ,2220.0,2210.0,2239.0,2165.0,2175.0,2171.95,2199.6
2020-07-15,TCS,EQ,2171.95,2185.0,2260.0,2181.1,2231.1,2233.9,2228.76
2020-07-16,TCS,EQ,2233.9,2244.0,2333.0,2220.1,2233.0,2234.75,2275.23
2020-07-17,TCS,EQ,2234.75,2237.0,2243.9,2190.05,2207.9,2200.75,2204.05
2020-07-20,TCS,EQ,2200.75,2201.0,2226.9,2190.8,2214.0,2207.9,2205.5
2020-07-21,TCS,EQ,2207.9,2230.0,2238.65,2201.15,2224.55,2225.05,2220.42
2020-07-22,TCS,EQ,2225.05,2231.0,2231.0,2184.2,2190.0,2190.95,2199.54
2020-07-23,TCS,EQ,2190.95,2190.95,2190.95,2163.0,2174.2,2171.2,2175.33
2020-07-24,TCS,EQ,2171.2,2154.5,2163.0,2125.1,2158.8,2157.4,2143.7
2020-07-27,TCS,EQ,2157.4,2165.0,2215.0,2163.5,2205.0,2206.8,2196.82
2020-07-28,TCS,EQ,2206.8,2215.0,2320.0,2215.0,2310.2,2309.75,2273.26
2020-07-29,TCS,EQ,2309.75,2292.0,2342.0,2246.05,2279.0,2276.05,2291.87
2020-07-30,TCS,EQ,2276.05,2285.9,2358.0,2272.25,2281.0,2279.5,2315.35
2020-07-31,TCS,EQ,2279.5,2303.15,2334.8,2257.45,2290.45,2281.4,2295.95
2020-08-03,TCS,EQ,2281.4,2290.45,2303.85,2230.7,2249.0,2254.15,2255.66
2020-08-04,TCS,EQ,2254.15,2259.95,2269.65,2225.05,2249.95,2249.7,2248.0
2020-08-05,TCS,EQ,2249.7,2260.0,2300.0,2253.0,2259.0,2259.5,2270.76
2020-08-06,TCS,EQ,2259.5,2275.0,2319.5,2265.35,2309.85,2308.1,2300.33
2020-08-07,TCS,EQ,2308.1,2308.0,2328.0,2287.0,2295.0,2295.35,2303.8
2020-08-10,TCS,EQ,2295.35,2318.0,2325.0,2276.05,2283.0,2282.8,2301.82
2020-08-11,TCS,EQ,2282.8,2283.0,2312.0,2275.6,2282.5,2279.9,2290.19
2020-08-12,TCS,EQ,2279.9,2288.35,2296.4,2246.55,2262.0,2257.35,2265.65
2020-08-13,TCS,EQ,2257.35,2273.0,2300.0,2250.5,2260.0,2254.45,2270.22
2020-08-14,TCS,EQ,2254.45,2277.0,2281.3,2233.1,2243.85,2242.15,2256.4
2020-08-17,TCS,EQ,2242.15,2263.0,2270.0,2238.25,2260.5,2253.4,2253.53
2020-08-18,TCS,EQ,2253.4,2262.8,2289.0,2248.3,2269.8,2269.75,2269.85
2020-08-19,TCS,EQ,2269.75,2276.35,2284.6,2252.5,2260.0,2256.6,2264.81
2020-08-20,TCS,EQ,2256.6,2257.0,2276.55,2240.05,2249.0,2252.85,2255.13
2020-08-21,TCS,EQ,2252.85,2260.0,2271.0,2241.05,2249.75,2248.6,2252.12
2020-08-24,TCS,EQ,2248.6,2250.6,2259.95,2230.0,2250.25,2248.1,2245.05
2020-08-25,TCS,EQ,2248.1,2245.0,2250.0,2233.55,2242.0,2242.65,2242.51
2020-08-26,TCS,EQ,2242.65,2242.0,2259.9,2216.45,2257.0,2253.5,2237.68
2020-08-27,TCS,EQ,2253.5,2266.0,2287.35,2241.75,2250.0,2248.4,2265.38
2020-08-28,TCS,EQ,2248.4,2268.4,2279.95,2235.1,2238.25,2238.55,2248.99
2020-08-31,TCS,EQ,2238.55,2240.0,2276.2,2228.0,2245.95,2257.25,2252.44
2020-09-01,TCS,EQ,2257.25,2269.0,2278.0,2241.3,2250.0,2246.35,2258.27
2020-09-02,TCS,EQ,2246.35,2247.0,2268.75,2241.65,2263.75,2265.15,2257.34
2020-09-03,TCS,EQ,2265.15,2268.0,2324.0,2268.0,2299.0,2299.5,2301.29
2020-09-04,TCS,EQ,2299.5,2275.0,2324.25,2262.95,2297.65,2288.8,2295.35
2020-09-07,TCS,EQ,2288.8,2289.0,2343.5,2283.35,2330.0,2327.05,2319.63
2020-09-08,TCS,EQ,2327.05,2335.95,2390.45,2327.05,2343.95,2348.2,2365.85
2020-09-09,TCS,EQ,2348.2,2325.0,2359.0,2320.0,2322.0,2327.65,2336.59
2020-09-10,TCS,EQ,2327.65,2335.0,2348.5,2324.3,2329.1,2331.15,2334.85
2020-09-11,TCS,EQ,2331.15,2330.95,2383.0,2330.15,2370.3,2374.1,2367.47
2020-09-14,TCS,EQ,2374.1,2384.1,2505.75,2381.85,2485.0,2491.4,2447.42
2020-09-15,TCS,EQ,2491.4,2491.4,2538.0,2464.6,2489.0,2491.4,2502.8
2020-09-16,TCS,EQ,2491.4,2488.95,2507.6,2477.3,2502.0,2503.0,2492.52
2020-09-17,TCS,EQ,2503.0,2480.0,2495.75,2450.6,2466.05,2460.95,2473.58
2020-09-18,TCS,EQ,2460.95,2485.0,2500.4,2436.4,2457.5,2449.9,2466.95
2020-09-21,TCS,EQ,2449.9,2465.0,2504.9,2452.15,2467.0,2465.3,2484.95
2020-09-22,TCS,EQ,2465.3,2485.0,2555.0,2458.0,2527.0,2522.95,2513.02
2020-09-23,TCS,EQ,2522.95,2510.0,2519.85,2409.0,2461.05,2467.45,2466.68
2020-09-24,TCS,EQ,2467.45,2450.0,2450.0,2302.6,2332.9,2332.25,2355.03
2020-09-25,TCS,EQ,2332.25,2368.0,2440.0,2352.1,2417.75,2422.3,2412.24
2020-09-28,TCS,EQ,2422.3,2440.0,2444.0,2366.0,2429.0,2426.3,2403.73
2020-09-29,TCS,EQ,2426.3,2434.85,2511.05,2426.3,2486.75,2488.4,2489.18
2020-09-30,TCS,EQ,2488.4,2489.0,2505.0,2460.0,2483.0,2492.3,2485.2
2020-10-01,TCS,EQ,2492.3,2510.0,2540.0,2492.3,2540.0,2523.45,2508.29
2020-10-05,TCS,EQ,2523.45,2620.0,2728.1,2603.05,2713.95,2705.8,2670.27
2020-10-06,TCS,EQ,2705.8,2736.0,2736.0,2650.1,2718.0,2714.3,2688.29
2020-10-07,TCS,EQ,2714.3,2742.0,2770.0,2703.0,2752.8,2735.95,2728.88
2020-10-08,TCS,EQ,2735.95,2800.0,2885.0,2800.0,2818.45,2825.7,2855.52
2020-10-09,TCS,EQ,2825.7,2810.0,2829.85,2780.0,2811.0,2812.95,2804.8
2020-10-12,TCS,EQ,2812.95,2815.5,2854.0,2800.75,2826.15,2830.0,2832.22
2020-10-13,TCS,EQ,2830.0,2845.0,2854.9,2812.2,2830.5,2826.55,2834.44
2020-10-14,TCS,EQ,2826.55,2842.0,2842.0,2787.55,2810.0,2809.6,2808.82
2020-10-15,TCS,EQ,2809.6,2811.0,2827.75,2727.0,2734.0,2740.6,2757.66
2020-10-16,TCS,EQ,2740.6,2750.1,2771.65,2731.3,2757.0,2763.3,2756.34
2020-10-19,TCS,EQ,2763.3,2774.0,2774.0,2706.6,2714.8,2711.55,2723.63
2020-10-20,TCS,EQ,2711.55,2725.0,2759.9,2717.95,2739.0,2739.0,2743.85
2020-10-21,TCS,EQ,2739.0,2739.0,2749.0,2663.05,2678.0,2675.4,2700.88
2020-10-22,TCS,EQ,2675.4,2661.0,2686.65,2638.1,2672.9,2671.15,2664.97
2020-10-23,TCS,EQ,2671.15,2687.8,2702.0,2670.1,2687.0,2686.8,2687.39
2020-10-26,TCS,EQ,2686.8,2689.95,2709.95,2670.5,2690.1,2688.2,2694.09
2020-10-27,TCS,EQ,2688.2,2699.75,2718.15,2624.1,2634.8,2630.15,2654.79
2020-10-28,TCS,EQ,2630.15,2650.0,2655.95,2606.0,2619.5,2622.2,2625.65
2020-10-29,TCS,EQ,2622.2,2608.0,2655.0,2600.25,2632.1,2632.65,2634.88
2020-10-30,TCS,EQ,2632.65,2636.1,2674.35,2621.6,2663.55,2664.85,2654.92
2020-11-02,TCS,EQ,2664.85,2660.0,2664.85,2600.05,2608.0,2604.6,2618.15
2020-11-03,TCS,EQ,2604.6,2604.0,2665.0,2601.05,2629.0,2633.6,2635.01
2020-11-04,TCS,EQ,2633.6,2610.0,2721.85,2610.0,2656.0,2653.15,2683.56
2020-11-05,TCS,EQ,2653.15,2685.0,2710.0,2667.0,2688.0,2685.7,2688.19
2020-11-06,TCS,EQ,2685.7,2699.0,2713.25,2681.3,2711.0,2707.45,2699.35
2020-11-09,TCS,EQ,2707.45,2731.1,2744.0,2695.1,2726.0,2726.6,2720.53
2020-11-10,TCS,EQ,2726.6,2697.2,2713.15,2638.35,2653.95,2649.6,2663.45
2020-11-11,TCS,EQ,2649.6,2667.95,2692.8,2643.4,2687.5,2687.8,2669.85
2020-11-12,TCS,EQ,2687.8,2686.0,2713.0,2661.75,2674.75,2671.05,2679.78
2020-11-13,TCS,EQ,2671.05,2655.75,2664.9,2636.0,2661.2,2656.85,2650.87
2020-11-14,TCS,EQ,2656.85,2677.95,2689.0,2660.05,2673.25,2670.35,2669.67
2020-11-17,TCS,EQ,2670.35,2695.0,2695.0,2650.05,2661.25,2666.05,2670.8
2020-11-18,TCS,EQ,2666.05,2661.0,2664.2,2607.05,2626.0,2626.65,2625.58
2020-11-19,TCS,EQ,2626.65,2637.0,2676.15,2630.85,2640.25,2636.9,2648.32
2020-11-20,TCS,EQ,2636.9,2655.0,2676.0,2627.55,2657.8,2660.25,2657.32
2020-11-23,TCS,EQ,2660.25,2690.0,2730.0,2665.0,2727.25,2724.25,2706.23
2020-11-24,TCS,EQ,2724.25,2734.4,2743.0,2705.0,2726.0,2722.05,2724.87
2020-11-25,TCS,EQ,2722.05,2729.0,2732.95,2688.2,2700.0,2701.3,2707.81
2020-11-26,TCS,EQ,2701.3,2686.0,2730.95,2680.0,2730.0,2720.6,2703.16
2020-11-27,TCS,EQ,2720.6,2705.0,2717.7,2669.05,2678.0,2679.65,2684.61
2020-12-01,TCS,EQ,2679.65,2679.0,2735.9,2624.45,2729.0,2726.8,2695.43
2020-12-02,TCS,EQ,2726.8,2719.0,2754.7,2702.45,2745.5,2749.55,2727.49
2020-12-03,TCS,EQ,2749.55,2773.9,2773.9,2700.8,2710.0,2709.45,2728.72
2020-12-04,TCS,EQ,2709.45,2710.8,2738.85,2699.0,2723.0,2727.55,2722.95
2020-12-07,TCS,EQ,2727.55,2715.0,2744.0,2706.15,2741.0,2737.7,2721.02
2020-12-08,TCS,EQ,2737.7,2740.0,2805.55,2732.45,2795.0,2797.3,2771.25
2020-12-09,TCS,EQ,2797.3,2815.0,2840.0,2793.15,2812.05,2810.8,2817.31
2020-12-10,TCS,EQ,2810.8,2818.0,2827.3,2780.25,2784.8,2784.3,2794.17
2020-12-11,TCS,EQ,2784.3,2792.7,2807.7,2764.55,2782.0,2783.6,2789.22
2020-12-14,TCS,EQ,2783.6,2802.0,2804.0,2756.25,2796.55,2797.7,2787.4
2020-12-15,TCS,EQ,2797.7,2786.0,2794.7,2755.0,2763.95,2761.55,2768.65
2020-12-16,TCS,EQ,2761.55,2779.0,2819.8,2760.45,2810.0,2814.2,2792.39
2020-12-17,TCS,EQ,2814.2,2811.0,2853.7,2805.0,2848.7,2838.2,2823.94
2020-12-18,TCS,EQ,2838.2,2868.0,2898.0,2846.2,2851.95,2861.0,2873.74
2020-12-21,TCS,EQ,2861.0,2861.0,2886.5,2785.0,2810.0,2820.15,2853.21
2020-12-22,TCS,EQ,2820.15,2834.0,2883.65,2818.65,2870.65,2872.5,2848.13
2020-12-23,TCS,EQ,2872.5,2876.05,2919.0,2865.45,2907.15,2908.75,2904.67
2020-12-24,TCS,EQ,2908.75,2909.0,2921.35,2883.2,2908.95,2909.35,2902.86
2020-12-28,TCS,EQ,2909.35,2910.0,2949.7,2902.0,2932.1,2929.4,2929.11
2020-12-29,TCS,EQ,2929.4,2920.0,2952.0,2920.0,2935.0,2930.5,2937.59
2020-12-30,TCS,EQ,2930.5,2934.4,2947.7,2902.0,2910.0,2909.3,2918.0
2020-12-31,TCS,EQ,2909.3,2900.0,2905.0,2845.0,2864.95,2862.75,2874.36
2021-01-01,TCS,EQ,2862.75,2880.0,2940.0,2879.0,2932.0,2928.25,2913.52
2021-01-04,TCS,EQ,2928.25,2950.0,3050.75,2940.95,3042.7,3039.45,2998.15
2021-01-05,TCS,EQ,3039.45,3039.6,3114.25,3039.6,3090.65,3093.0,3084.07
2021-01-06,TCS,EQ,3093.0,3100.0,3113.5,3037.2,3053.0,3051.5,3078.56
2021-01-07,TCS,EQ,3051.5,3075.0,3080.85,3000.25,3048.65,3032.8,3028.74
2021-01-08,TCS,EQ,3032.8,3090.0,3128.0,3060.0,3122.75,3120.9,3100.97
2021-01-11,TCS,EQ,3120.9,3230.0,3230.0,3146.55,3170.45,3176.45,3174.16
2021-01-12,TCS,EQ,3176.45,3176.45,3210.0,3150.0,3172.0,3174.85,3187.07
2021-01-13,TCS,EQ,3174.85,3175.0,3177.0,3126.25,3158.0,3158.95,3147.46
2021-01-14,TCS,EQ,3158.95,3155.0,3266.5,3120.4,3244.35,3250.7,3207.17
2021-01-15,TCS,EQ,3250.7,3235.0,3274.0,3210.0,3229.95,3233.35,3240.98
2021-01-18,TCS,EQ,3233.35,3250.0,3256.75,3187.4,3215.0,3221.75,3230.06
2021-01-19,TCS,EQ,3221.75,3233.0,3279.0,3232.0,3265.6,3260.7,3256.44
2021-01-20,TCS,EQ,3260.7,3270.0,3327.95,3267.1,3305.0,3308.8,3304.97
2021-01-21,TCS,EQ,3308.8,3305.0,3309.15,3262.1,3274.05,3273.85,3281.88
2021-01-22,TCS,EQ,3273.85,3241.9,3325.0,3241.9,3292.2,3303.1,3300.02
2021-01-25,TCS,EQ,3303.1,3308.95,3339.8,3278.65,3298.0,3291.3,3314.24
2021-01-27,TCS,EQ,3291.3,3300.0,3306.45,3227.0,3263.0,3261.05,3265.48
2021-01-28,TCS,EQ,3261.05,3230.0,3275.0,3183.8,3202.95,3196.55,3221.23
2021-01-29,TCS,EQ,3196.55,3210.05,3216.85,3100.0,3126.95,3111.35,3142.99
2021-02-01,TCS,EQ,3111.35,3100.0,3165.0,3044.1,3150.0,3139.35,3098.04
2021-02-02,TCS,EQ,3139.35,3174.0,3224.0,3150.0,3195.0,3203.45,3197.36
2021-02-03,TCS,EQ,3203.45,3213.0,3236.0,3162.65,3200.0,3200.05,3209.5
2021-02-04,TCS,EQ,3200.05,3216.05,3237.85,3176.0,3185.5,3188.45,3198.51
2021-02-05,TCS,EQ,3188.45,3198.95,3205.85,3129.0,3160.5,3157.95,3154.91
2021-02-08,TCS,EQ,3157.95,3189.5,3226.0,3155.15,3219.0,3214.1,3191.08
2021-02-09,TCS,EQ,3214.1,3195.0,3245.8,3164.0,3176.0,3176.9,3212.7
2021-02-10,TCS,EQ,3176.9,3185.0,3219.4,3157.3,3215.5,3213.3,3197.06
2021-02-11,TCS,EQ,3213.3,3215.0,3219.3,3185.05,3204.5,3206.0,3201.77
2021-02-12,TCS,EQ,3206.0,3184.2,3245.5,3182.0,3188.25,3190.8,3214.96
2021-02-15,TCS,EQ,3190.8,3209.0,3209.0,3131.55,3149.0,3139.85,3156.8
2021-02-16,TCS,EQ,3139.85,3150.0,3167.65,3100.0,3113.0,3108.8,3122.98
2021-02-17,TCS,EQ,3108.8,3105.1,3132.85,3045.55,3073.45,3073.1,3076.93
2021-02-18,TCS,EQ,3073.1,3065.0,3097.9,3031.0,3055.0,3057.35,3057.94
2021-02-19,TCS,EQ,3057.35,3058.0,3087.15,3016.15,3078.0,3071.85,3047.73
2021-02-22,TCS,EQ,3071.85,3096.0,3096.0,2943.15,2955.5,2958.45,2999.26
2021-02-23,TCS,EQ,2958.45,2970.0,3028.0,2968.0,2985.1,2980.2,2996.35
2021-02-24,TCS,EQ,2980.2,2972.0,3003.35,2921.15,2946.85,2948.1,2946.07
2021-02-25,TCS,EQ,2948.1,2974.0,3029.9,2968.45,2985.05,2995.3,3000.62
2021-02-26,TCS,EQ,2995.3,2960.0,2972.35,2880.0,2903.85,2894.3,2916.68
2021-03-01,TCS,EQ,2894.3,2926.0,2965.0,2901.8,2935.5,2924.2,2929.39
2021-03-02,TCS,EQ,2924.2,2960.0,3025.0,2948.0,3019.0,3006.35,2981.6
2021-03-03,TCS,EQ,3006.35,3035.0,3064.0,2996.9,3058.0,3059.1,3036.11
2021-03-04,TCS,EQ,3059.1,3023.0,3081.45,3016.05,3042.9,3049.7,3058.77
2021-03-05,TCS,EQ,3049.7,3016.1,3063.2,2996.6,3025.0,3008.05,3033.92
2021-03-08,TCS,EQ,3008.05,3016.0,3033.0,2996.0,3008.7,3006.95,3016.64
2021-03-09,TCS,EQ,3006.95,3006.95,3066.9,2992.1,3060.5,3050.95,3023.94
2021-03-10,TCS,EQ,3050.95,3075.0,3093.2,3060.0,3070.0,3070.95,3077.29
2021-03-12,TCS,EQ,3070.95,3075.0,3117.0,3041.35,3053.1,3057.95,3084.2
2021-03-15,TCS,EQ,3057.95,3041.0,3099.0,3041.0,3062.05,3066.15,3069.74
2021-03-16,TCS,EQ,3066.15,3060.0,3141.0,3060.0,3106.0,3110.05,3114.11
2021-03-17,TCS,EQ,3110.05,3105.0,3155.0,3085.3,3107.4,3112.95,3130.14
2021-03-18,TCS,EQ,3112.95,3125.95,3146.45,2987.05,3042.0,3036.5,3083.67
2021-03-19,TCS,EQ,3036.5,3030.0,3099.0,3005.0,3054.8,3050.2,3049.18
2021-03-22,TCS,EQ,3050.2,3048.7,3139.45,3018.65,3128.0,3129.65,3086.03
2021-03-23,TCS,EQ,3129.65,3140.0,3169.0,3122.85,3142.0,3142.6,3148.33
2021-03-24,TCS,EQ,3142.6,3111.2,3152.3,3111.15,3123.6,3121.1,3130.63
2021-03-25,TCS,EQ,3121.1,3112.2,3130.85,3050.0,3074.5,3064.85,3091.11
2021-03-26,TCS,EQ,3064.85,3090.65,3118.0,3043.05,3062.0,3066.8,3078.97
2021-03-30,TCS,EQ,3066.8,3083.0,3188.45,3060.9,3172.0,3158.55,3139.65
2021-03-31,TCS,EQ,3158.55,3155.0,3205.0,3132.0,3175.3,3177.85,3177.88
2021-04-01,TCS,EQ,3177.85,3191.1,3215.0,3145.0,3167.0,3165.0,3178.41
2021-04-05,TCS,EQ,3165.0,3171.0,3263.0,3151.0,3241.0,3238.9,3206.75
2021-04-06,TCS,EQ,3238.9,3275.0,3275.0,3230.0,3266.5,3264.7,3254.36
2021-04-07,TCS,EQ,3264.7,3259.0,3277.55,3234.8,3271.0,3271.4,3258.05
2021-04-08,TCS,EQ,3271.4,3270.0,3335.0,3266.05,3315.0,3317.35,3314.03
2021-04-09,TCS,EQ,3317.35,3354.0,3354.35,3308.0,3325.0,3322.25,3327.38
2021-04-12,TCS,EQ,3322.25,3322.25,3338.1,3213.2,3250.0,3246.55,3275.21
2021-04-13,TCS,EQ,3246.55,3214.0,3214.0,3073.05,3120.0,3104.05,3116.13
2021-04-15,TCS,EQ,3104.05,3160.3,3237.25,3087.45,3227.0,3218.95,3168.14
2021-04-16,TCS,EQ,3218.95,3229.0,3247.0,3182.6,3186.1,3195.15,3209.11
2021-04-19,TCS,EQ,3195.15,3169.0,3189.0,3135.1,3159.15,3161.8,3164.13
2021-04-20,TCS,EQ,3161.8,3225.0,3225.35,3126.35,3140.0,3144.55,3150.28
2021-04-22,TCS,EQ,3144.55,3148.0,3148.0,3105.25,3121.05,3118.8,3122.39
2021-04-23,TCS,EQ,3118.8,3105.0,3119.0,3091.05,3110.2,3109.5,3105.86
2021-04-26,TCS,EQ,3109.5,3102.05,3153.0,3088.05,3100.05,3100.8,3122.35
2021-04-27,TCS,EQ,3100.8,3106.0,3136.1,3103.0,3132.75,3132.0,3122.18
2021-04-28,TCS,EQ,3132.0,3149.95,3151.0,3112.0,3123.0,3124.1,3125.72
2021-04-29,TCS,EQ,3124.1,3145.6,3157.35,3105.5,3114.45,3115.25,3130.83
2021-04-30,TCS,EQ,3115.25,3099.0,3132.05,3020.0,3040.0,3035.65,3063.19
